"DATE","","TRANSACTION DETAILS","CHQ.NO./ Ref No.","VALUE DATE","WITHDRAWAL AMT","DEPOSIT AMT","BALANCE AMT",
"14-Mar-16","CR812411490705/RMCPL23086/0","","28494932340","14-Mar-16","2,000.00","","4,29,508.32",
"14-Mar-16","CR812411490687/RMCPL22777/0","","28494945204","14-Mar-16","4,000.00","","4,25,508.32",
"14-Mar-16","CR812512785361/RMCPL23894/0","","28494876385","14-Mar-16","5,000.00","","4,20,508.32",
"14-Mar-16","CR812509730306/RMCPL25099/0","","28494884395","14-Mar-16","5,000.00","","4,15,508.32",
"14-Mar-16","AEPS ACQ REP ADJ FEES 080","","28494943381","14-Mar-16","","35.4","4,15,543.72",
"14-Mar-16","Indiaforensic AEPS NPCI WDL SET","","28494970265","14-Mar-16","","2,72,16,700.00","2,76,32,243.72",
"14-Mar-16","TRF TO","Indiaforensic SERVICES I","28494972312","14-Mar-16","1,50,00,000.00","","1,26,32,243.72",
"14-Mar-16","TRF TO","Indiaforensic SERVICES I","28494882254","14-Mar-16","1,22,00,000.00","","4,32,243.72",
"14-Mar-16","AEPS INCOME DT 09-05-2018","","28494953861","14-Mar-16","","65,719.43","4,97,963.15",
"14-Mar-16","AEPS GST INC DT 09-05-201","","28494938581","14-Mar-16","","13,143.89","5,11,107.04",
"15-Mar-16","AEPS ACQUIRING ADJ FEES 0","","28494943871","15-Mar-16","30","","5,11,077.54",
"15-Mar-16","AEPS ACQ REP ADJ FEES 080","","28494929438","15-Mar-16","","17.7","5,11,095.24",
"15-Mar-16","Indiaforensic AEPS NPCI WDL SET","","28494936315","15-Mar-16","","2,55,88,400.00","2,60,99,495.24",
"15-Mar-16","TRF TO","Indiaforensic SERVICES I","28494888968","15-Mar-16","1,50,00,000.00","","1,10,99,495.24",
"15-Mar-16","TRF TO","Indiaforensic SERVICES I","28494885791","15-Mar-16","1,07,00,000.00","","3,99,495.24",
"15-Mar-16","AEPS INCOME DT 10-05-2018","","28494922728","15-Mar-16","","61,415.14","4,60,910.38",
"15-Mar-16","AEPS GST INC DT 10-05-201","","28494879541","15-Mar-16","","12,283.03","4,73,193.41",
"15-Mar-16","AEPS ACQ CR ADJ FEES 1005","","28494877537","15-Mar-16","250","","4,72,943.84",
"15-Mar-16","CR812711265403/RMCPL18417/0","","28494973843","15-Mar-16","4,000.00","","4,68,943.84",
"15-Mar-16","CR812711277017/RMCPL23346/0","","28494933246","15-Mar-16","1,000.00","","4,67,943.84",
"15-Mar-16","CR812712288788/RMCPL18125/0","","28494963757","15-Mar-16","1,000.00","","4,66,943.84",
"15-Mar-16","CR812713301552/RMCPL21311/0","","28494966405","15-Mar-16","700","","4,66,243.84",
"15-Mar-16","CR812710257764/RMCPL17648/0","","28494870375","15-Mar-16","10,000.00","","4,56,243.84",
"15-Mar-16","CR812712288750/RMCPL20136/0","","28494957787","15-Mar-16","2,400.00","","4,53,843.84",
"15-Mar-16","CR812711265425/RMCPL24667/0","","28494865519","15-Mar-16","500","","4,53,343.84",
"15-Mar-16","CR812716358074/RMCPL20396/0","","28494875188","15-Mar-16","3,000.00","","4,50,343.84",
"15-Mar-16","CR812715345810/RMCPL22341/0","","28494883586","15-Mar-16","10,000.00","","4,40,343.84",
"15-Mar-16","CR812711277028/RMCPL14523/0","","28494874529","15-Mar-16","2,000.00","","4,38,343.84",
"15-Mar-16","CR812816610471/RMCPL17468/0","","28494870129","15-Mar-16","9,000.00","","4,29,343.84",
"15-Mar-16","CR812816621117/RMCPL22490/0","","28494872742","15-Mar-16","5,000.00","","4,24,343.84",
"15-Mar-16","CR812810517978/RMCPL21984/0","","28494884782","15-Mar-16","1,700.00","","4,22,643.84",
"15-Mar-16","CR812810527755/RMCPL12626/0","","28494898850","15-Mar-16","6,000.00","","4,16,643.84",
"15-Mar-16","CR812817643120/RMCPL22098/0","","28494881229","15-Mar-16","5,000.00","","4,11,643.84",
"15-Mar-16","CR812811547460/RMCPL00472/0","","28494937905","15-Mar-16","5,000.00","","4,06,643.84",
"15-Mar-16","CR812816610498/RMCPL20319/0","","28494914919","15-Mar-16","10,000.00","","3,96,643.84",
"15-Mar-16","CR812817643125/RMCPL20899/0","","28494946935","15-Mar-16","3,500.00","","3,93,143.84",
"15-Mar-16","AEPS ACQ REP ADJ FEES 100","","28494963231","15-Mar-16","","29.5","3,93,173.34",
"15-Mar-16","Indiaforensic AEPS NPCI WDL SET","","28494881047","15-Mar-16","","2,49,88,000.00","2,53,81,173.34",
"15-Mar-16","Indiaforensic AEPS NPCI WDL SET","","28494878374","15-Mar-16","","2,28,63,500.00","4,82,44,673.34",
"15-Mar-16","Indiaforensic AEPS NPCI WDL SET","","28494975349","15-Mar-16","","1,21,78,400.00","6,04,23,073.34",
"15-Mar-16","TRF TO","Indiaforensic SERVICES I","28494876376","15-Mar-16","1,50,00,000.00","","4,54,23,073.34",
"15-Mar-16","TRF TO","Indiaforensic SERVICES I","28494973867","15-Mar-16","1,50,00,000.00","","3,04,23,073.34",
"15-Mar-16","TRF TO","Indiaforensic SERVICES I","28494865402","15-Mar-16","1,50,00,000.00","","1,54,23,073.34",
"15-Mar-16","TRF TO","Indiaforensic SERVICES I","28494973411","15-Mar-16","1,50,00,000.00","","4,23,073.34",
"15-Mar-16","AEPS ACQUIRING ADJ FEES 1","","28494965947","15-Mar-16","24","","4,23,049.74",
"15-Mar-16","AEPS ACQ CR ADJ FEES 1105","","28494893371","15-Mar-16","47","","4,23,002.54",
"15-Mar-16","CR812911810893/RMCPL25418/0","","28494882564","15-Mar-16","1,000.00","","4,22,002.54",
"15-Mar-16","CR812911810891/RMCPL16314/0","","28494868452","15-Mar-16","1,000.00","","4,21,002.54",
"15-Mar-16","CR812911822799/RMCPL19555/0","","28494905923","15-Mar-16","500","","4,20,502.54",
"15-Mar-16","CR812917912910/RMCPL23858/0","","28494890486","15-Mar-16","10,000.00","","4,10,502.54",
"15-Mar-16","CR812916900810/RMCPL20328/0","","28494900377","15-Mar-16","1,500.00","","4,09,002.54",
"15-Mar-16","CR812916900807/RMCPL16293/0","","28494942194","15-Mar-16","1,000.00","","4,08,002.54",
"15-Mar-16","AEPS INCOME DT 11-05-2018","","28494881362","15-Mar-16","","60,025.45","4,68,027.99",
"15-Mar-16","AEPS GST INC DT 11-05-201","","28494969476","15-Mar-16","","12,005.09","4,80,033.08",
"15-Mar-16","AEPS INCOME DT 12-05-2018","","28494861817","15-Mar-16","","55,138.28","5,35,171.36",
"15-Mar-16","AEPS GST INC DT 12-05-201","","28494910641","15-Mar-16","","11,027.66","5,46,199.02",
"15-Mar-16","AEPS INCOME DT 13-05-2018","","28494967905","15-Mar-16","","30,276.59","5,76,475.61",
"15-Mar-16","AEPS GST INC DT 13-05-201","","28494975241","15-Mar-16","","6,055.32","5,82,530.93",
"15-Mar-16","Indiaforensic AEPS NPCI WDL SET","","28494941618","15-Mar-16","","2,27,62,100.00","2,33,44,630.93",
"15-Mar-16","TRF TO","Indiaforensic SERVICES I","28494937040","15-Mar-16","1,50,00,000.00","","83,44,630.93",
"15-Mar-16","TRF TO","Indiaforensic SERVICES I","28494970114","15-Mar-16","79,00,000.00","","4,44,630.93",
"15-Mar-16","AEPS INCOME DT 14-05-2018","","28494924205","15-Mar-16","","55,161.44","4,99,792.37",
"15-Mar-16","AEPS GST INC DT 14-05-201","","28494959686","15-Mar-16","","11,032.29","5,10,824.66",
"15-Mar-16","AEPS ACQUIRING ADJ FEES 1","","28494930808","15-Mar-16","21","","5,10,804.01",
"15-Mar-16","AEPS ACQ CR ADJ FEES 1405","","28494936707","15-Mar-16","269","","5,10,534.97",
"15-Mar-16","CR811410642644/RMCPL25522/2","","28494911685","15-Mar-16","1,000.00","","5,09,534.97",
"15-Mar-16","CR811412681159/RMCPL17890/2","","28494864470","15-Mar-16","7,000.00","","5,02,534.97",
"15-Mar-16","CR811416762463/RMCPL22341/2","","28494974916","15-Mar-16","1,700.00","","5,00,834.97",
"15-Mar-16","CR811416762476/RMCPL21054/2","","28494870958","15-Mar-16","3,000.00","","4,97,834.97",
"15-Mar-16","CR811416762488/RMCPL16727/2","","28494944791","15-Mar-16","4,000.00","","4,93,834.97",
"15-Mar-16","CR811411668097/RMCPL24928/2","","28494869206","15-Mar-16","7,000.00","","4,86,834.97",
"15-Mar-16","CR811409614800/RMCPL16899/2","","28494916945","15-Mar-16","5,000.00","","4,81,834.97",
"15-Mar-16","CR811412695728/RMCPL18165/2","","28494893539","15-Mar-16","500","","4,81,334.97",
"15-Mar-16","CR811410642654/RMCPL11966/2","","28494897602","15-Mar-16","1,000.00","","4,80,334.97",
"15-Mar-16","CR811412681032/RMCPL18460/2","","28494924895","15-Mar-16","3,000.00","","4,77,334.97",
"15-Mar-16","","bank settlement","0","15-Mar-16","1,000.00","","4,76,334.97",
"15-Mar-16","CR813011086738/RMCPL20680/1","","28494930513","15-Mar-16","600","","4,75,734.97",
"15-Mar-16","CR813011086720/RMCPL21336/1","","28494885487","15-Mar-16","500","","4,75,234.97",
"15-Mar-16","CR813011086722/RMCPL21675/1","","28494923807","15-Mar-16","10,000.00","","4,65,234.97",
"15-Mar-16","CR813010074717/RMCPL17349/1","","28494914031","15-Mar-16","5,000.00","","4,60,234.97",
"15-Mar-16","CR813013127548/RMCPL14558/1","","28494907661","15-Mar-16","800","","4,59,434.97",
"15-Mar-16","CR813013127536/RMCPL22799/1","","28494932574","15-Mar-16","5,000.00","","4,54,434.97",
"15-Mar-16","CR813012108864/RMCPL18236/1","","28494892813","15-Mar-16","2,000.00","","4,52,434.97",
"15-Mar-16","CR813010074713/RMCPL24787/1","","28494937020","15-Mar-16","5,000.00","","4,47,434.97",
"15-Mar-16","CR813010074712/RMCPL19668/1","","28494916492","15-Mar-16","5,000.00","","4,42,434.97",
"15-Mar-16","CR813010074725/RMCPL19237/1","","28494893363","15-Mar-16","3,000.00","","4,39,434.97",
"15-Mar-16","CR813011086743/RMCPL16831/1","","28494974126","15-Mar-16","500","","4,38,934.97",
"15-Mar-16","Indiaforensic AEPS NPCI WDL SET","","28494934120","15-Mar-16","","2,55,37,700.00","2,59,76,634.97",
"15-Mar-16","CR813207567302RMCPL16658120","","28494875317","15-Mar-16","2,000.00","","2,59,74,634.97",
"15-Mar-16","CR813207567316RMCPL16251120","","28494952806","15-Mar-16","1,400.00","","2,59,73,234.97",
"15-Mar-16","CR813117458047RMCPL16197110","","28494950350","15-Mar-16","1,000.00","","2,59,72,234.97",
"15-Mar-16","CR813110340799RMCPL22847110","","28494881295","15-Mar-16","500","","2,59,71,734.97",
"15-Mar-16","CR813110340820RMCPL20319110","","28494898462","15-Mar-16","2,000.00","","2,59,69,734.97",
"15-Mar-16","CR813110340802RMCPL22522110","","28494966332","15-Mar-16","2,500.00","","2,59,67,234.97",
"15-Mar-16","CR813110340810RMCPL14097110","","28494972976","15-Mar-16","500","","2,59,66,734.97",
"15-Mar-16","CR813110340828RMCPL25985110","","28494885468","15-Mar-16","4,500.00","","2,59,62,234.97",
"15-Mar-16","CR813110340818RMCPL18859110","","28494887029","15-Mar-16","10,000.00","","2,59,52,234.97",
"15-Mar-16","CR813117458061RMCPL18799110","","28494859950","15-Mar-16","1,000.00","","2,59,51,234.97",
"15-Mar-16","CR813117458082RMCPL18320110","","28494967750","15-Mar-16","2,000.00","","2,59,49,234.97",
"15-Mar-16","TRF TO","Indiaforensic SERVICES I","28494964810","15-Mar-16","1,50,00,000.00","","1,09,49,234.97",
"15-Mar-16","TRF TO","Indiaforensic SERVICES I","28494966164","15-Mar-16","1,05,00,000.00","","4,49,234.97",
"15-Mar-16","AEPS ACQ CR ADJ FEES 1505","","28494913852","15-Mar-16","112","","4,49,123.47",
"15-Mar-16","AEPS ACQ REP ADJ FEES 150","","28494893617","15-Mar-16","","44.25","4,49,167.72",
"15-Mar-16","AEPS INCOME DT 15-05-2018","","28494957675","15-Mar-16","","60,150.07","5,09,317.79",
"15-Mar-16","AEPS GST INC DT 15-05-201","","28494929268","15-Mar-16","","12,030.01","5,21,347.80",
"15-Mar-16","Indiaforensic AEPS NPCI WDL SET","","28494885083","15-Mar-16","","2,45,47,800.00","2,50,69,147.80",
"15-Mar-16","TRF TO","Indiaforensic SERVICES I","28494957109","15-Mar-16","1,50,00,000.00","","1,00,69,147.80",
"15-Mar-16","TRF TO","Indiaforensic SERVICES I","28494911083","15-Mar-16","96,00,000.00","","4,69,147.80",
"15-Mar-16","AEPS ACQUIRING ADJ FEES 1","","28494881418","15-Mar-16","44","","4,69,103.55",
"15-Mar-16","AEPS INCOME DT 16-05-2018","","28494967456","15-Mar-16","","58,540.49","5,27,644.04",
"15-Mar-16","AEPS GST INC DT 16-05-201","","28494878538","15-Mar-16","","11,708.10","5,39,352.14",
"15-Mar-16","Indiaforensic AEPS NPCI WDL SET","","28494961501","15-Mar-16","","2,33,93,800.00","2,39,33,152.14",
"15-Mar-16","CR813512351165/RMCPL23035/1","","28494961491","15-Mar-16","2,000.00","","2,39,31,152.14",
"15-Mar-16","CR813516405365/RMCPL14542/1","","28494946691","15-Mar-16","500","","2,39,30,652.14",
"15-Mar-16","CR813512351174/RMCPL20185/1","","28494936710","15-Mar-16","1,000.00","","2,39,29,652.14",
"15-Mar-16","CR813515384176/RMCPL22824/1","","28494878104","15-Mar-16","500","","2,39,29,152.14",
"15-Mar-16","CR813516405373/RMCPL25283/1","","28494951809","15-Mar-16","10,000.00","","2,39,19,152.14",
"15-Mar-16","CR813516405357/RMCPL21822/1","","28494888821","15-Mar-16","8,600.00","","2,39,10,552.14",
"15-Mar-16","CR813510301416/RMCPL15314/1","","28494955376","15-Mar-16","1,000.00","","2,39,09,552.14",
"15-Mar-16","CR813510301389/RMCPL16346/1","","28494893616","15-Mar-16","10,000.00","","2,38,99,552.14",
"15-Mar-16","CR813512341118/RMCPL23144/1","","28494918577","15-Mar-16","1,000.00","","2,38,98,552.14",
"15-Mar-16","CR813515384178/RMCPL18236/1","","28494920833","15-Mar-16","1,400.00","","2,38,97,152.14",
"15-Mar-16","CR813411023393/RMCPL21454/1","","28494910728","15-Mar-16","600","","2,38,96,552.14",
"15-Mar-16","CR813411034071/RMCPL23158/1","","28494915932","15-Mar-16","500","","2,38,96,052.14",
"15-Mar-16","CR813411023401/RMCPL16204/1","","28494931662","15-Mar-16","5,000.00","","2,38,91,052.14",
"15-Mar-16","TRF TO","Indiaforensic SERVICES I","28494971772","15-Mar-16","1,50,00,000.00","","88,91,052.14",
"15-Mar-16","TRF TO","Indiaforensic SERVICES I","28494881766","15-Mar-16","85,00,000.00","","3,91,052.14",
"15-Mar-16","AEPS ACQUIRING ADJ FEES 1","","28494934344","15-Mar-16","18","","3,91,034.44",
"15-Mar-16","AEPS ACQ CR ADJ FEES 1705","","28494945349","15-Mar-16","121","","3,90,913.49",
"15-Mar-16","AEPS ACQ REP ADJ FEES 170","","28494873762","15-Mar-16","","44.25","3,90,957.74",
"15-Mar-16","AEPS INCOME DT 17-05-2018","","28494882315","15-Mar-16","","55,344.94","4,46,302.68",
"15-Mar-16","AEPS GST INC DT 17-05-201","","28494961829","15-Mar-16","","11,068.99","4,57,371.67",
"15-Mar-16","Indiaforensic AEPS NPCI WDL SET","","28494935136","15-Mar-16","","2,03,43,600.00","2,08,00,971.67",
"15-Mar-16","TRF TO","Indiaforensic SERVICES I","28494865808","15-Mar-16","1,00,00,000.00","","1,08,00,971.67",
"15-Mar-16","TRF TO","Indiaforensic SERVICES I","28494909749","15-Mar-16","1,00,00,000.00","","8,00,971.67",
"15-Mar-16","AEPS INCOME DT 18-05-2018","","28494860124","15-Mar-16","","48,551.66","8,49,523.33",
"15-Mar-16","AEPS GST INC DT 18-05-201","","28494964925","15-Mar-16","","9,710.33","8,59,233.66",
"15-Mar-16","AEPS ACQ REP ADJ FEES 180","","28494916080","15-Mar-16","","17.7","8,59,251.36",
"15-Mar-16","Chq Book Issuance Charges","","28494902488","15-Mar-16","100","","8,59,151.36",
"15-Mar-16","","GST","28494923052","15-Mar-16","18","","8,59,133.36",
"15-Mar-16","MAW/5029649805879772/Cudd","","28494955041","15-Mar-16","","3,000.00","8,62,133.36",
"15-Mar-16","Indiaforensic AEPS NPCI WDL SET","","28494912455","15-Mar-16","","2,12,58,100.00","2,21,20,233.36",
"15-Mar-16","Indiaforensic AEPS NPCI WDL SET","","28494955540","15-Mar-16","","1,33,16,800.00","3,54,37,033.36",
"15-Mar-16","TRF TO","Indiaforensic SERVICES I","28494892474","15-Mar-16","1,50,00,000.00","","2,04,37,033.36",
"15-Mar-16","TRF TO","Indiaforensic SERVICES I","28494901502","15-Mar-16","50,00,000.00","","1,54,37,033.36",
"15-Mar-16","TRF TO","Indiaforensic SERVICES I","28494951845","15-Mar-16","1,50,00,000.00","","4,37,033.36",
"15-Mar-16","AEPS INCOME DT 19-05-2018","","28494885115","15-Mar-16","","50,529.83","4,87,563.19",
"15-Mar-16","AEPS GST INC DT 19-05-201","","28494973103","15-Mar-16","","10,105.97","4,97,669.16",
"15-Mar-16","AEPS INCOME DT 20-05-2018","","28494973416","15-Mar-16","","32,362.52","5,30,031.68",
"15-Mar-16","AEPS GST INC DT 20-05-201","","28494967833","15-Mar-16","","6,472.50","5,36,504.18",
"16-Mar-16","AEPS ACQ CR ADJ FEES 1905","","28494901621","16-Mar-16","212","","5,36,291.78",
"16-Mar-16","CR813608532709/RMCPL22989/1","","28494925451","16-Mar-16","500","","5,35,791.78",
"16-Mar-16","CR813612607046/RMCPL11862/1","","28494866058","16-Mar-16","3,000.00","","5,32,791.78",
"16-Mar-16","CR813619715117/RMCPL12685/1","","28494895450","16-Mar-16","1,000.00","","5,31,791.78",
"16-Mar-16","CR813616665041/RMCPL09827/1","","28494874699","16-Mar-16","1,000.00","","5,30,791.78",
"16-Mar-16","CR813616674575/RMCPL16346/1","","28494908654","16-Mar-16","1,000.00","","5,29,791.78",
"16-Mar-16","CR813611580858/RMCPL20185/1","","28494912948","16-Mar-16","1,000.00","","5,28,791.78",
"16-Mar-16","CR813716965748/RMCPL22261/1","","28494890684","16-Mar-16","2,000.00","","5,26,791.78",
"16-Mar-16","CR813710845670/RMCPL14462/1","","28494905730","16-Mar-16","4,000.00","","5,22,791.78",
"16-Mar-16","CR813712897037/RMCPL25095/1","","28494937415","16-Mar-16","6,000.00","","5,16,791.78",
"16-Mar-16","CR813717976588/RMCPL18789/1","","28494970152","16-Mar-16","3,000.00","","5,13,791.78",
"16-Mar-16","CR813712908440/RMCPL16909/1","","28494968238","16-Mar-16","10,000.00","","5,03,791.78",
"16-Mar-16","CR813711885218/RMCPL23228/1","","28494870031","16-Mar-16","2,500.00","","5,01,291.78",
"16-Mar-16","CR813713921091/RMCPL22583/1","","28494905736","16-Mar-16","1,000.00","","5,00,291.78",
"16-Mar-16","CR813717976602/RMCPL12785/1","","28494907697","16-Mar-16","10,000.00","","4,90,291.78",
"16-Mar-16","CR813710845667/RMCPL14453/1","","28494966426","16-Mar-16","6,000.00","","4,84,291.78",
"16-Mar-16","CR813717976575/RMCPL19721/1","","28494927472","16-Mar-16","1,500.00","","4,82,791.78",
"16-Mar-16","CR813712897054/RMCPL17454/1","","28494936327","16-Mar-16","500","","4,82,291.78",
"16-Mar-16","CR813716965749/RMCPL24475/1","","28494867314","16-Mar-16","10,000.00","","4,72,291.78",
"16-Mar-16","Indiaforensic AEPS NPCI WDL SET","","28494877985","16-Mar-16","","2,09,59,900.00","2,14,32,191.78",
"16-Mar-16","TRF TO","Indiaforensic SERVICES I","28494968871","16-Mar-16","1,00,00,000.00","","1,14,32,191.78",
"16-Mar-16","TRF TO","Indiaforensic SERVICES I","28494919154","16-Mar-16","1,00,00,000.00","","14,32,191.78",
"16-Mar-16","TRF TO","Indiaforensic SERVICES I","28494933383","16-Mar-16","10,00,000.00","","4,32,191.78",
"16-Mar-16","AEPS INCOME DT 21-05-2018","","28494968405","16-Mar-16","","50,858.22","4,83,050.00",
"16-Mar-16","AEPS GST INC DT 21-05-201","","28494958621","16-Mar-16","","10,171.64","4,93,221.64",
"16-Mar-16","AEPS ACQUIRING ADJ FEES 2","","28494931089","16-Mar-16","18","","4,93,203.94",
"16-Mar-16","MAW/5029649800521213/NAGA","","28494903748","16-Mar-16","","1,000.00","4,94,203.94",
"16-Mar-16","Indiaforensic AEPS NPCI WDL SET","","28494860977","16-Mar-16","","2,32,92,700.00","2,37,86,903.94",
"16-Mar-16","CR814010556839/RMCPL19369/2","","28494897326","16-Mar-16","2,300.00","","2,37,84,603.94",
"16-Mar-16","CR813911374048/RMCPL13536/1","","28494904408","16-Mar-16","1,000.00","","2,37,83,603.94",
"16-Mar-16","CR813911374051/RMCPL11794/1","","28494890945","16-Mar-16","1,000.00","","2,37,82,603.94",
"16-Mar-16","CR813916422161/RMCPL19834/1","","28494893174","16-Mar-16","2,500.00","","2,37,80,103.94",
"16-Mar-16","CR813916422179/RMCPL17150/1","","28494964622","16-Mar-16","5,000.00","","2,37,75,103.94",
"16-Mar-16","CR813916422254/RMCPL09726/1","","28494868986","16-Mar-16","10,000.00","","2,37,65,103.94",
"16-Mar-16","CR813916422262/RMCPL15446/1","","28494861878","16-Mar-16","10,000.00","","2,37,55,103.94",
"16-Mar-16","CR813910357191/RMCPL20827/1","","28494890239","16-Mar-16","6,000.00","","2,37,49,103.94",
"16-Mar-16","CR813918451696/RMCPL22063/1","","28494917273","16-Mar-16","2,000.00","","2,37,47,103.94",
"16-Mar-16","CR813916422175/RMCPL26215/1","","28494944187","16-Mar-16","1,000.00","","2,37,46,103.94",
"16-Mar-16","CR813910356269/RMCPL19146/1","","28494952578","16-Mar-16","500","","2,37,45,603.94",
"16-Mar-16","CR813916422162/RMCPL20328/1","","28494932984","16-Mar-16","3,000.00","","2,37,42,603.94",
"16-Mar-16","CR813916422234/RMCPL16092/1","","28494957243","16-Mar-16","1,500.00","","2,37,41,103.94",
"16-Mar-16","CR813916422144/RMCPL16338/1","","28494947662","16-Mar-16","5,000.00","","2,37,36,103.94",
"16-Mar-16","CR813918451678/RMCPL18298/1","","28494877870","16-Mar-16","8,000.00","","2,37,28,103.94",
"16-Mar-16","CR813811143660/RMCPL10689/1","","28494928069","16-Mar-16","10,000.00","","2,37,18,103.94",
"16-Mar-16","CR813811143641/RMCPL22456/1","","28494968918","16-Mar-16","2,000.00","","2,37,16,103.94",
"16-Mar-16","CR813811143653/RMCPL16787/1","","28494894146","16-Mar-16","2,000.00","","2,37,14,103.94",
"16-Mar-16","CR813811143629/RMCPL24949/1","","28494900707","16-Mar-16","10,000.00","","2,37,04,103.94",
"16-Mar-16","CR813810126492/RMCPL22338/1","","28494908910","16-Mar-16","1,000.00","","2,37,03,103.94",
"16-Mar-16","CR813811143646/RMCPL22442/1","","28494916777","16-Mar-16","10,000.00","","2,36,93,103.94",
"16-Mar-16","CR813812152959/RMCPL20471/1","","28494884726","16-Mar-16","2,000.00","","2,36,91,103.94",
"16-Mar-16","CR813811143674/RMCPL04231/1","","28494966345","16-Mar-16","1,000.00","","2,36,90,103.94",
"16-Mar-16","CR813811143671/RMCPL24482/1","","28494870777","16-Mar-16","2,600.00","","2,36,87,503.94",
"16-Mar-16","CR813811143626/RMCPL14465/1","","28494897144","16-Mar-16","2,500.00","","2,36,85,003.94",
"16-Mar-16","CR813816203542/RMCPL17395/1","","28494967508","16-Mar-16","9,000.00","","2,36,76,003.94",
"16-Mar-16","CR813812152976/RMCPL19298/1","","28494948645","16-Mar-16","1,000.00","","2,36,75,003.94",
"16-Mar-16","CR813816203545/RMCPL19721/1","","28494949128","16-Mar-16","1,300.00","","2,36,73,703.94",
"16-Mar-16","TRF TO","Indiaforensic SERVICES I","28494921255","16-Mar-16","1,50,00,000.00","","86,73,703.94",
"16-Mar-16","TRF TO","Indiaforensic SERVICES I","28494887362","16-Mar-16","82,00,000.00","","4,73,703.94",
"16-Mar-16","AEPS INCOME DT 22-05-2018","","28494891665","16-Mar-16","","57,170.03","5,30,873.97",
"16-Mar-16","AEPS GST INC DT 22-05-201","","28494948993","16-Mar-16","","11,434.01","5,42,307.98",
"16-Mar-16","AEPS ACQUIRING ADJ FEES 2","","28494863139","16-Mar-16","18","","5,42,290.28",
"16-Mar-16","AEPS ACQ CR ADJ FEES 2205","","28494957080","16-Mar-16","355","","5,41,935.10",
"16-Mar-16","Indiaforensic AEPS NPCI WDL SET","","28494899757","16-Mar-16","","2,05,14,400.00","2,10,56,335.10",
"16-Mar-16","TRF TO","Indiaforensic SERVICES I","28494881405","16-Mar-16","1,50,00,000.00","","60,56,335.10",
"16-Mar-16","TRF TO","Indiaforensic SERVICES I","28494867002","16-Mar-16","56,00,000.00","","4,56,335.10",
"16-Mar-16","AEPS INCOME DT 23-05-2018","","28494874483","16-Mar-16","","50,464.07","5,06,799.17",
"16-Mar-16","AEPS GST INC DT 23-05-201","","28494882203","16-Mar-16","","10,092.81","5,16,891.98",
"16-Mar-16","AEPS ACQUIRING ADJ FEES 2","","28494925562","16-Mar-16","148","","5,16,744.48",
"16-Mar-16","AEPS ACQ CR ADJ FEES 2305","","28494869620","16-Mar-16","355","","5,16,389.31",
"16-Mar-16","CB814110752086/RMCPL25879/2","","28494862503","16-Mar-16","2,000.00","","5,14,389.31",
"16-Mar-16","CB814110751964/RMCPL23387/2","","28494915622","16-Mar-16","2,500.00","","5,11,889.31",
"16-Mar-16","CB814113821728/RMCPL19746/2","","28494890525","16-Mar-16","2,000.00","","5,09,889.31",
"16-Mar-16","CB814113821828/RMCPL09608/2","","28494881825","16-Mar-16","10,000.00","","4,99,889.31",
"16-Mar-16","CB814113821783/RMCPL17789/2","","28494895146","16-Mar-16","1,000.00","","4,98,889.31",
"16-Mar-16","CB814113821799/RMCPL23561/2","","28494863068","16-Mar-16","2,500.00","","4,96,389.31",
"16-Mar-16","CB814110752033/RMCPL18664/2","","28494887022","16-Mar-16","10,000.00","","4,86,389.31",
"16-Mar-16","CB814113821658/RMCPL22583/2","","28494888349","16-Mar-16","7,000.00","","4,79,389.31",
"16-Mar-16","CB814113821567/RMCPL09758/2","","28494963353","16-Mar-16","3,000.00","","4,76,389.31",
"16-Mar-16","CB814112794181/RMCPL24460/2","","28494891189","16-Mar-16","5,000.00","","4,71,389.31",
"16-Mar-16","CB814110752115/RMCPL19589/2","","28494930951","16-Mar-16","1,500.00","","4,69,889.31",
"16-Mar-16","CB814110752039/RMCPL16346/2","","28494876329","16-Mar-16","2,000.00","","4,67,889.31",
"16-Mar-16","CB814110752017/RMCPL18488/2","","28494894668","16-Mar-16","2,000.00","","4,65,889.31",
"16-Mar-16","CB814110752113/RMCPL16624/2","","28494871730","16-Mar-16","3,000.00","","4,62,889.31",
"16-Mar-16","CB814110752024/RMCPL15393/2","","28494911776","16-Mar-16","4,000.00","","4,58,889.31",
"16-Mar-16","CB814110752015/RMCPL18980/2","","28494958570","16-Mar-16","5,000.00","","4,53,889.31",
"16-Mar-16","CB814111783080/RMCPL00045/2","","28494898866","16-Mar-16","1,800.00","","4,52,089.31",
"16-Mar-16","CB814112794207/RMCPL17491/2","","28494932990","16-Mar-16","2,400.00","","4,49,689.31",
"16-Mar-16","CB814113821666/RMCPL18460/2","","28494947320","16-Mar-16","5,000.00","","4,44,689.31",
"16-Mar-16","CB814113821577/RMCPL22775/2","","28494917639","16-Mar-16","500","","4,44,189.31",
"16-Mar-16","CB814113821610/RMCPL17213/2","","28494951302","16-Mar-16","4,000.00","","4,40,189.31",
"16-Mar-16","CB814112794210/RMCPL24462/2","","28494943215","16-Mar-16","1,000.00","","4,39,189.31",
"16-Mar-16","CB814111771794/RMCPL24303/2","","28494923216","16-Mar-16","500","","4,38,689.31",
"16-Mar-16","CB814113821564/RMCPL15233/2","","28494939887","16-Mar-16","1,000.00","","4,37,689.31",
"16-Mar-16","CB814113821647/RMCPL12343/2","","28494927157","16-Mar-16","6,000.00","","4,31,689.31",
"16-Mar-16","CB814113821565/RMCPL12580/2","","28494943687","16-Mar-16","500","","4,31,189.31",
"16-Mar-16","CB814113821836/RMCPL19869/2","","28494964672","16-Mar-16","4,500.00","","4,26,689.31",
"16-Mar-16","CB814113821942/RMCPL24897/2","","28494898619","16-Mar-16","1,000.00","","4,25,689.31",
"16-Mar-16","AEPS ACQ REP ADJ FEES 230","","28494862555","16-Mar-16","","17.7","4,25,707.01",
"16-Mar-16","Indiaforensic AEPS NPCI WDL SET","","28494931367","16-Mar-16","","2,06,28,200.00","2,10,53,907.01",
"16-Mar-16","CB814113821635/RMCPL11793/2","","28494881011","16-Mar-16","3,000.00","","2,10,50,907.01",
"16-Mar-16","TRF TO","Indiaforensic SERVICES I","28494928488","16-Mar-16","1,50,00,000.00","","60,50,907.01",
"16-Mar-16","TRF TO","Indiaforensic SERVICES I","28494923633","16-Mar-16","56,00,000.00","","4,50,907.01",
"16-Mar-16","AEPS INCOME DT 24-05-2018","","28494937162","16-Mar-16","","50,158.94","5,01,065.95",
"16-Mar-16","AEPS GST INC DT 24-05-201","","28494952112","16-Mar-16","","10,031.79","5,11,097.74",
"16-Mar-16","AEPS ACQUIRING ADJ FEES 2","","28494893129","16-Mar-16","35","","5,11,062.34",
"16-Mar-16","MAW/5029649807690078/NAGA","","28494947025","16-Mar-16","","100","5,11,162.34",
"16-Mar-16","Indiaforensic AEPS NPCI WDL SET","","28494935348","16-Mar-16","","2,13,78,100.00","2,18,89,262.34",
"16-Mar-16","Indiaforensic AEPS NPCI WDL SET","","28494940159","16-Mar-16","","1,84,07,100.00","4,02,96,362.34",
"16-Mar-16","Indiaforensic AEPS NPCI WDL SET","","28494892866","16-Mar-16","","1,19,86,800.00","5,22,83,162.34",
"17-Mar-16","TRF TO","Indiaforensic SERVICES I","28494893552","17-Mar-16","68,00,000.00","","4,54,83,162.34",
"17-Mar-16","TRF TO","Indiaforensic SERVICES I","28494974267","17-Mar-16","1,50,00,000.00","","3,04,83,162.34",
"17-Mar-16","TRF TO","Indiaforensic SERVICES I","28494903693","17-Mar-16","1,50,00,000.00","","1,54,83,162.34",
"17-Mar-16","TRF TO","Indiaforensic SERVICES I","28494947074","17-Mar-16","1,50,00,000.00","","4,83,162.34",
"17-Mar-16","AEPS ACQUIRING ADJ FEES 2","","28494887075","17-Mar-16","32","","4,83,129.89",
"17-Mar-16","AEPS ACQ CR ADJ FEES 2505","","28494939405","17-Mar-16","454","","4,82,676.18",
"17-Mar-16","Indiaforensic AEPS NPCI WDL SET","","28494863832","17-Mar-16","","2,15,38,200.00","2,20,20,876.18",
"17-Mar-16","CR814311346216/RMCPL19418","","28494929160","17-Mar-16","500","","2,20,20,376.18",
"17-Mar-16","CR814311346225/RMCPL22799","","28494899905","17-Mar-16","3,000.00","","2,20,17,376.18",
"17-Mar-16","CR814311346237/RMCPL03657","","28494967672","17-Mar-16","4,500.00","","2,20,12,876.18",
"17-Mar-16","CR814312368420/RMCPL18841","","28494949235","17-Mar-16","3,000.00","","2,20,09,876.18",
"17-Mar-16","CR814312368430/RMCPL17555","","28494930339","17-Mar-16","1,000.00","","2,20,08,876.18",
"17-Mar-16","CR814316422042/RMCPL17454","","28494953059","17-Mar-16","8,000.00","","2,20,00,876.18",
"17-Mar-16","CR814316422054/RMCPL16754","","28494917380","17-Mar-16","2,400.00","","2,19,98,476.18",
"17-Mar-16","CR814316422154/RMCPL22925","","28494933643","17-Mar-16","3,000.00","","2,19,95,476.18",
"17-Mar-16","CR814316422161/RMCPL19130","","28494872387","17-Mar-16","1,000.00","","2,19,94,476.18",
"17-Mar-16","CR814316422177/RMCPL22253","","28494955995","17-Mar-16","1,500.00","","2,19,92,976.18",
"17-Mar-16","CR814316422261/RMCPL13556","","28494913895","17-Mar-16","5,000.00","","2,19,87,976.18",
"17-Mar-16","CR814316422265/RMCPL14498","","28494865263","17-Mar-16","500","","2,19,87,476.18",
"17-Mar-16","CR814316421834/RMCPL23517","","28494966555","17-Mar-16","1,000.00","","2,19,86,476.18",
"17-Mar-16","CR814316421842/RMCPL24236","","28494944560","17-Mar-16","3,000.00","","2,19,83,476.18",
"17-Mar-16","CR814316421865/RMCPL14995","","28494861777","17-Mar-16","500","","2,19,82,976.18",
"17-Mar-16","CR814316421866/RMCPL22241","","28494944449","17-Mar-16","10,000.00","","2,19,72,976.18",
"17-Mar-16","CR814316421875/RMCPL18014","","28494935529","17-Mar-16","1,200.00","","2,19,71,776.18",
"17-Mar-16","CR814316421883/RMCPL24959","","28494891930","17-Mar-16","2,100.00","","2,19,69,676.18",
"17-Mar-16","CR814316421900/RMCPL16278","","28494876689","17-Mar-16","500","","2,19,69,176.18",
"17-Mar-16","CR814316421921/RMCPL15384","","28494893216","17-Mar-16","1,000.00","","2,19,68,176.18",
"17-Mar-16","CR814316421931/RMCPL09612","","28494963910","17-Mar-16","4,000.00","","2,19,64,176.18",
"17-Mar-16","CR814316421933/RMCPL12343","","28494922901","17-Mar-16","1,000.00","","2,19,63,176.18",
"17-Mar-16","CR814316421940/RMCPL21824","","28494918761","17-Mar-16","1,500.00","","2,19,61,676.18",
"17-Mar-16","CR814316421952/RMCPL14190","","28494893576","17-Mar-16","3,500.00","","2,19,58,176.18",
"17-Mar-16","CR814213090372/RMCPL24303","","28494922900","17-Mar-16","4,000.00","","2,19,54,176.18",
"17-Mar-16","CR814213090413/RMCPL09489","","28494960027","17-Mar-16","500","","2,19,53,676.18",
"17-Mar-16","CR814213090346/RMCPL13700","","28494877418","17-Mar-16","5,000.00","","2,19,48,676.18",
"17-Mar-16","CR814213090354/RMCPL23760","","28494910920","17-Mar-16","2,500.00","","2,19,46,176.18",
"17-Mar-16","CR814213090387/RMCPL12343","","28494881272","17-Mar-16","10,000.00","","2,19,36,176.18",
"17-Mar-16","CR814213090402/RMCPL22056","","28494965708","17-Mar-16","4,000.00","","2,19,32,176.18",
"17-Mar-16","CR814213090461/RMCPL25729","","28494923853","17-Mar-16","6,000.00","","2,19,26,176.18",
"17-Mar-16","CR814211064246/RMCPL14948","","28494920713","17-Mar-16","500","","2,19,25,676.18",
"17-Mar-16","CR814211064248/RMCPL24617","","28494968663","17-Mar-16","500","","2,19,25,176.18",
"17-Mar-16","CR814211064249/RMCPL22022","","28494883552","17-Mar-16","1,000.00","","2,19,24,176.18",
"17-Mar-16","CR814211064251/RMCPL25730","","28494924869","17-Mar-16","700","","2,19,23,476.18",
"17-Mar-16","CR814213090537/RMCPL21404","","28494939346","17-Mar-16","2,500.00","","2,19,20,976.18",
"17-Mar-16","CR814213090270/RMCPL17491","","28494925816","17-Mar-16","2,000.00","","2,19,18,976.18",
"17-Mar-16","CR814212074496/RMCPL12343","","28494886264","17-Mar-16","3,000.00","","2,19,15,976.18",
"17-Mar-16","CR814213090579/RMCPL22941","","28494921490","17-Mar-16","1,000.00","","2,19,14,976.18",
"17-Mar-16","CR814213090262/RMCPL16275","","28494972476","17-Mar-16","1,000.00","","2,19,13,976.18",
"17-Mar-16","CR814213090551/RMCPL20613","","28494962355","17-Mar-16","1,000.00","","2,19,12,976.18",
"17-Mar-16","AEPS ACQ REP ADJ FEES 280","","28494923071","17-Mar-16","","182.9","2,19,13,159.08",
"17-Mar-16","TRF TO","Indiaforensic SERVICES I","28494960866","17-Mar-16","1,50,00,000.00","","69,13,159.08",
"17-Mar-16","TRF TO","Indiaforensic SERVICES I","28494875901","17-Mar-16","5,00,000.00","","64,13,159.08",
"17-Mar-16","TRF TO","Indiaforensic SERVICES I","28494937039","17-Mar-16","30,00,000.00","","34,13,159.08",
"17-Mar-16","TRF TO","Indiaforensic SERVICES I","28494873193","17-Mar-16","20,00,000.00","","14,13,159.08",
"17-Mar-16","TRF TO","Indiaforensic SERVICES I","28494912029","17-Mar-16","10,00,000.00","","4,13,159.08",
"17-Mar-16","MAW/5029649805976016/Akol","","28494881971","17-Mar-16","","1,800.00","4,14,959.08",
"17-Mar-16","AEPS INCOME DT 25-05-2018","","28494945867","17-Mar-16","","51,864.52","4,66,823.60",
"17-Mar-16","","bank settlement","0","17-Mar-16","456","","4,66,367.60",
"17-Mar-16","AEPS INCOME DT 26-05-2018","","28494967981","17-Mar-16","","44,084.03","5,10,451.63",
"17-Mar-16","AEPS GST INC DT 26-05-201","","28494897348","17-Mar-16","","8,816.81","5,19,268.44",
"17-Mar-16","AEPS INCOME DT 27-05-2018","","28494889811","17-Mar-16","","30,108.83","5,49,377.27",
"17-Mar-16","AEPS GST INC DT 27-05-201","","28494872888","17-Mar-16","","6,021.77","5,55,399.04",
"17-Mar-16","AEPS INCOME DT 28-05-2018","","28494950280","17-Mar-16","","52,273.30","6,07,672.34",
"17-Mar-16","AEPS GST INC DT 28-05-201","","28494887276","17-Mar-16","","10,454.66","6,18,127.00",
"17-Mar-16","MAW/5029649804017077/Vara","","28494877868","17-Mar-16","","10,000.00","6,28,127.00",
"17-Mar-16","Indiaforensic AEPS NPCI WDL SET","","28494906330","17-Mar-16","","2,08,43,100.00","2,14,71,227.00",
"17-Mar-16","TRF TO","Indiaforensic SERVICES I","28494933969","17-Mar-16","1,50,00,000.00","","64,71,227.00",
"17-Mar-16","TRF TO","Indiaforensic SERVICES I","28494865418","17-Mar-16","60,00,000.00","","4,71,227.00",
"17-Mar-16","MAW/5029649812210102/Vals","","28494929873","17-Mar-16","","1,000.00","4,72,227.00",
"17-Mar-16","AEPS INCOME DT 29-05-2018","","28494909871","17-Mar-16","","50,492.93","5,22,719.93",
"17-Mar-16","AEPS GST INC DT 29-05-201","","28494888761","17-Mar-16","","10,098.59","5,32,818.52",
"17-Mar-16","AEPS ACQUIRING ADJ FEES 2","","28494883849","17-Mar-16","18","","5,32,800.82",
"17-Mar-16","MAW/5029649804017077/Vara","","28494903935","17-Mar-16","","10,000.00","5,42,800.82",
"17-Mar-16","Indiaforensic AEPS NPCI WDL SET","","28494898394","17-Mar-16","","2,09,46,700.00","2,14,89,500.82",
"17-Mar-16","CR814409573437/RMCPL12343/2","","28494912602","17-Mar-16","1,000.00","","2,14,88,500.82",
"17-Mar-16","CR814409573475/RMCPL18214/2","","28494892601","17-Mar-16","1,000.00","","2,14,87,500.82",
"17-Mar-16","CR814409573464/RMCPL20108/2","","28494917098","17-Mar-16","500","","2,14,87,000.82",
"17-Mar-16","CR814417705972/RMCPL22341/2","","28494948222","17-Mar-16","2,900.00","","2,14,84,100.82",
"17-Mar-16","CR814416697987/RMCPL16388/2","","28494945880","17-Mar-16","2,000.00","","2,14,82,100.82",
"17-Mar-16","CR814416697979/RMCPL23233/2","","28494881681","17-Mar-16","600","","2,14,81,500.82",
"17-Mar-16","CR814811565959/RMCPL10677/2","","28494889925","17-Mar-16","1,000.00","","2,14,80,500.82",
"17-Mar-16","CR814811576428/RMCPL20241/2","","28494932691","17-Mar-16","500","","2,14,80,000.82",
"17-Mar-16","CR814811581947/RMCPL20275/2","","28494933543","17-Mar-16","1,000.00","","2,14,79,000.82",
"17-Mar-16","CR814815648246/RMCPL22520/2","","28494878899","17-Mar-16","1,000.00","","2,14,78,000.82",
"17-Mar-16","CR814815648245/RMCPL09003/2","","28494962593","17-Mar-16","1,000.00","","2,14,77,000.82",
"17-Mar-16","CR814815648247/RMCPL25783/2","","28494938631","17-Mar-16","1,000.00","","2,14,76,000.82",
"17-Mar-16","CR814510865344/RMCPL19090/2","","28494912363","17-Mar-16","1,600.00","","2,14,74,400.82",
"17-Mar-16","CR814511891896/RMCPL21533/2","","28494920818","17-Mar-16","8,000.00","","2,14,66,400.82",
"17-Mar-16","CR814511891876/RMCPL16251/2","","28494870812","17-Mar-16","2,000.00","","2,14,64,400.82",
"17-Mar-16","CR814512904800/RMCPL11375/2","","28494895499","17-Mar-16","500","","2,14,63,900.82",
"17-Mar-16","CR814512917969/RMCPL20589/2","","28494887857","17-Mar-16","3,000.00","","2,14,60,900.82",
"17-Mar-16","CR814610128283/RMCPL09710/2","","28494922274","17-Mar-16","2,500.00","","2,14,58,400.82",
"17-Mar-16","CR814610128289/RMCPL19751/2","","28494951271","17-Mar-16","5,000.00","","2,14,53,400.82",
"17-Mar-16","MAW/5029649806207502/Akol","","28494919781","17-Mar-16","","500","2,14,53,900.82",
"17-Mar-16","MAW/5029649804272227/Kush","","28494914628","17-Mar-16","","10,000.00","2,14,63,900.82",
"17-Mar-16","TRF TO","Indiaforensic SERVICES I","28494876421","17-Mar-16","1,50,00,000.00","","64,63,900.82",
"17-Mar-16","TRF TO","Indiaforensic SERVICES I","28494861382","17-Mar-16","60,00,000.00","","4,63,900.82",
"17-Mar-16","AEPS INCOME DT 30-05-2018","","28494967702","17-Mar-16","","50,906.24","5,14,807.06",
"17-Mar-16","AEPS GST INC DT 30-05-201","","28494881679","17-Mar-16","","10,181.25","5,24,988.31",
"17-Mar-16","AEPS ACQ CR ADJ FEES 3005","","28494959037","17-Mar-16","172","","5,24,816.62",
"17-Mar-16","AEPS ACQ REP ADJ FEES 300","","28494905803","17-Mar-16","","14.75","5,24,831.37",
"17-Mar-16","Indiaforensic AEPS NPCI WDL SET","","28494950738","17-Mar-16","","1,88,06,500.00","1,93,31,331.37",
"17-Mar-16","CR814911860849/RMCPL24867/2","","28494906836","17-Mar-16","1,000.00","","1,93,30,331.37",
"17-Mar-16","CR814913883552/RMCPL14048/2","","28494915159","17-Mar-16","1,100.00","","1,93,29,231.37",
"17-Mar-16","CR814911860843/RMCPL09519/2","","28494873797","17-Mar-16","5,000.00","","1,93,24,231.37",
"17-Mar-16","CR814910838160/RMCPL20553/2","","28494975209","17-Mar-16","500","","1,93,23,731.37",
"18-Mar-16","MAW/5029649805791001/Akol","","28494924233","18-Mar-16","","2,500.00","1,93,26,231.37",
"18-Mar-16","MAW/5029649805791019/Akol","","28494860381","18-Mar-16","","1,500.00","1,93,27,731.37",
"18-Mar-16","TRF TO","Indiaforensic SERVICES I","28494931774","18-Mar-16","1,50,00,000.00","","43,27,731.37",
"18-Mar-16","TRF TO","Indiaforensic SERVICES I","28494943891","18-Mar-16","39,00,000.00","","4,27,731.37",
"18-Mar-16","AEPS INCOME DT 31-05-2018","","28494863882","18-Mar-16","","44,393.68","4,72,125.05",
"18-Mar-16","AEPS GST INC DT 31-05-201","","28494890968","18-Mar-16","","8,878.74","4,81,003.79",
"18-Mar-16","AEPS ACQ CR ADJ FEES 3105","","28494953527","18-Mar-16","33","","4,80,970.77",
"18-Mar-16","MAW/5029649804017077/Vara","","28494963629","18-Mar-16","","10,000.00","4,90,970.77",
"18-Mar-16","Indiaforensic AEPS NPCI WDL SET","","28494869630","18-Mar-16","","2,24,45,200.00","2,29,36,170.77",
"18-Mar-16","TRF TO","Indiaforensic SERVICES I","28494918055","18-Mar-16","5,00,000.00","","2,24,36,170.77",
"18-Mar-16","TRF TO","Indiaforensic SERVICES I","28494964981","18-Mar-16","20,00,000.00","","2,04,36,170.77",
"18-Mar-16","TRF TO","Indiaforensic SERVICES I","28494887748","18-Mar-16","1,00,00,000.00","","1,04,36,170.77",
"18-Mar-16","TRF TO","Indiaforensic SERVICES I","28494923928","18-Mar-16","40,00,000.00","","64,36,170.77",
"18-Mar-16","TRF TO","Indiaforensic SERVICES I","28494924638","18-Mar-16","30,00,000.00","","34,36,170.77",
"18-Mar-16","TRF TO","Indiaforensic SERVICES I","28494951457","18-Mar-16","30,00,000.00","","4,36,170.77",
"18-Mar-16","AEPS INCOME DT 01-06-2018","","28494925595","18-Mar-16","","52,808.72","4,88,979.49",
"18-Mar-16","AEPS GST INC DT 01-06-201","","28494904964","18-Mar-16","","10,561.74","4,99,541.23",
"18-Mar-16","AEPS ACQUIRING ADJ FEES 0","","28494953074","18-Mar-16","47","","4,99,494.03",
"18-Mar-16","MAW/5029649804017077/Vara","","28494870752","18-Mar-16","","10,000.00","5,09,494.03",
"18-Mar-16","MAW/5029649808809255/NAGA","","28494864260","18-Mar-16","","1,100.00","5,10,594.03",
"18-Mar-16","MAW/5029649804017077/Vara","","28494945661","18-Mar-16","","10,000.00","5,20,594.03",
"18-Mar-16","Indiaforensic AEPS NPCI WDL SET","","28494872048","18-Mar-16","","1,83,90,200.00","1,89,10,794.03",
"18-Mar-16","Indiaforensic AEPS NPCI WDL SET","","28494915431","18-Mar-16","","1,34,72,900.00","3,23,83,694.03",
"18-Mar-16","MAW/5029649809768476/Vals","","28494965424","18-Mar-16","","4,000.00","3,23,87,694.03",
"18-Mar-16","TRF TO","Indiaforensic SERVICES I","28494894261","18-Mar-16","1,50,00,000.00","","1,73,87,694.03",
"18-Mar-16","TRF TO","Indiaforensic SERVICES I","28494952872","18-Mar-16","1,50,00,000.00","","23,87,694.03",
"18-Mar-16","TRF TO","Indiaforensic SERVICES I","28494975007","18-Mar-16","20,00,000.00","","3,87,694.03",
"18-Mar-16","AEPS INCOME DT 02-06-2018","","28494882282","18-Mar-16","","43,728.11","4,31,422.14",
"18-Mar-16","AEPS GST INC DT 02-06-201","","28494922460","18-Mar-16","","8,745.62","4,40,167.76",
"18-Mar-16","AEPS INCOME DT 03-06-2018","","28494873189","18-Mar-16","","33,563.72","4,73,731.48",
"18-Mar-16","AEPS GST INC DT 03-06-201","","28494971395","18-Mar-16","","6,712.74","4,80,444.22",
"18-Mar-16","AEPS ACQUIRING ADJ FEES 0","","28494890777","18-Mar-16","18","","4,80,426.52",
"18-Mar-16","AEPS ACQ CR ADJ FEES 0206","","28494967326","18-Mar-16","9","","4,80,417.67",
"18-Mar-16","CR815112403718/RMCPL00029/3","","28494884016","18-Mar-16","500","","4,79,917.67",
"18-Mar-16","CR815112403700/RMCPL23829/3","","28494931730","18-Mar-16","500","","4,79,417.67",
"18-Mar-16","CR815111392731/RMCPL23976/3","","28494881542","18-Mar-16","500","","4,78,917.67",
"18-Mar-16","Indiaforensic AEPS NPCI WDL SET","","28494955813","18-Mar-16","","2,02,67,200.00","2,07,46,117.67",
"18-Mar-16","CB814311346232/RMCPL14145/2","","28494887294","18-Mar-16","7,000.00","","2,07,39,117.67",
"18-Mar-16","CB814417705974/RMCPL24076/2","","28494956057","18-Mar-16","6,200.00","","2,07,32,917.67",
"18-Mar-16","TRF TO","Indiaforensic SERVICES I","28494956974","18-Mar-16","1,00,00,000.00","","1,07,32,917.67",
"18-Mar-16","TRF TO","Indiaforensic SERVICES I","28494948683","18-Mar-16","1,00,00,000.00","","7,32,917.67",
"18-Mar-16","AEPS INCOME DT 04-06-2018","","28494960728","18-Mar-16","","48,085.36","7,81,003.03",
"18-Mar-16","AEPS GST INC DT 04-06-201","","28494921572","18-Mar-16","","9,617.07","7,90,620.10",
"18-Mar-16","Indiaforensic AEPS NPCI WDL SET","","28494940567","18-Mar-16","","1,91,81,800.00","1,99,72,420.10",
"18-Mar-16","MAW/5029649807139282/NAGA","","28494925420","18-Mar-16","","700","1,99,73,120.10",
"18-Mar-16","TRF TO","Indiaforensic SERVICES I","28494904222","18-Mar-16","1,50,00,000.00","","49,73,120.10",
"18-Mar-16","TRF TO","Indiaforensic SERVICES I","28494952833","18-Mar-16","45,00,000.00","","4,73,120.10",
"18-Mar-16","AEPS INCOME DT 05-06-2018","","28494922482","18-Mar-16","","45,698.45","5,18,818.55",
"18-Mar-16","AEPS GST INC DT 05-06-201","","28494947302","18-Mar-16","","9,139.69","5,27,958.24",
"18-Mar-16","AEPS ACQ REP ADJ FEES 050","","28494912474","18-Mar-16","","47.2","5,28,005.44",
"18-Mar-16","Indiaforensic AEPS NPCI WDL SET","","28494935084","18-Mar-16","","2,00,80,100.00","2,06,08,105.44",
"18-Mar-16","CR815211655462/RMCPL13894/0","","28494935202","18-Mar-16","2,000.00","","2,06,06,105.44",
"18-Mar-16","CR815211655455/RMCPL23894/0","","28494939276","18-Mar-16","3,000.00","","2,06,03,105.44",
"18-Mar-16","CR815218793339/RMCPL19867/0","","28494956593","18-Mar-16","500","","2,06,02,605.44",
"18-Mar-16","CR815216750138/RMCPL13506/0","","28494953051","18-Mar-16","1,500.00","","2,06,01,105.44",
"18-Mar-16","CR815216750117/RMCPL09588/0","","28494924730","18-Mar-16","10,000.00","","2,05,91,105.44",
"18-Mar-16","CR815216750131/RMCPL00195/0","","28494877985","18-Mar-16","700","","2,05,90,405.44",
"18-Mar-16","CR815211655459/RMCPL26209/0","","28494956519","18-Mar-16","4,000.00","","2,05,86,405.44",
"18-Mar-16","CR815216760362/RMCPL18067/0","","28494973138","18-Mar-16","5,000.00","","2,05,81,405.44",
"18-Mar-16","CR815216760346/RMCPL22341/0","","28494874239","18-Mar-16","10,000.00","","2,05,71,405.44",
"18-Mar-16","CR815216760358/RMCPL14165/0","","28494904786","18-Mar-16","1,000.00","","2,05,70,405.44",
"18-Mar-16","CR815218793614/RMCPL14902/0","","28494922718","18-Mar-16","2,000.00","","2,05,68,405.44",
"18-Mar-16","CR815316036765/RMCPL13859/0","","28494917648","18-Mar-16","2,000.00","","2,05,66,405.44",
"18-Mar-16","CR815310934479/RMCPL21595/0","","28494910734","18-Mar-16","6,000.00","","2,05,60,405.44",
"18-Mar-16","TRF TO","Indiaforensic SERVICES I","28494950518","18-Mar-16","1,50,00,000.00","","55,60,405.44",
"18-Mar-16","TRF TO","Indiaforensic SERVICES I","28494915218","18-Mar-16","40,00,000.00","","15,60,405.44",
"18-Mar-16","TRF TO","Indiaforensic SERVICES I","28494931091","18-Mar-16","10,00,000.00","","5,60,405.44",
"18-Mar-16","AEPS INCOME DT 06-06-2018","","28494897686","18-Mar-16","","48,614.90","6,09,020.34",
"18-Mar-16","AEPS GST INC DT 06-06-201","","28494963467","18-Mar-16","","9,722.98","6,18,743.32",
"18-Mar-16","AEPS ACQ CR ADJ FEES 0606","","28494917155","18-Mar-16","163","","6,18,579.89",
"18-Mar-16","MAW/5029649805749819/NAGA","","28494934824","18-Mar-16","","6,000.00","6,24,579.89",
"18-Mar-16","TRF TO","Indiaforensic SERVICES I","28494931065","18-Mar-16","2,50,000.00","","3,74,579.89",
"18-Mar-16","Indiaforensic AEPS NPCI WDL SET","","28494880365","18-Mar-16","","1,95,05,400.00","1,98,79,979.89",
"18-Mar-16","TRFT O","Indiaforensic SERVICES I","28494874782","18-Mar-16","1,50,00,000.00","","48,79,979.89",
"18-Mar-16","TRF TO","Indiaforensic SERVICES I","28494961632","18-Mar-16","5,00,000.00","","43,79,979.89",
"18-Mar-16","TRF TO","Indiaforensic SERVICES I","28494899634","18-Mar-16","40,00,000.00","","3,79,979.89",
"18-Mar-16","AEPS INCOME DT 07-06-2018","","28494880936","18-Mar-16","","45,683.32","4,25,663.21",
"18-Mar-16","AEPS GST INC DT 07-06-201","","28494920006","18-Mar-16","","9,136.66","4,34,799.87",
"18-Mar-16","AEPS ACQUIRING ADJ FEES 0","","28494908743","18-Mar-16","24","","4,34,776.27",
"18-Mar-16","AEPS ACQ CR ADJ FEES 0706","","28494964305","18-Mar-16","280","","4,34,496.61",
"18-Mar-16","CR815609734470/RMCPL11459/0","","28494885908","18-Mar-16","5,000.00","","4,29,496.61",
"18-Mar-16","CR815610745510/RMCPL22124/0","","28494956502","18-Mar-16","1,500.00","","4,27,996.61",
"18-Mar-16","CR815609723994/RMCPL20257/0","","28494964261","18-Mar-16","1,000.00","","4,26,996.61",
"18-Mar-16","CR815611774518/RMCPL25552/0","","28494876739","18-Mar-16","1,500.00","","4,25,496.61",
"18-Mar-16","CR815610755903/RMCPL12343/0","","28494882849","18-Mar-16","3,000.00","","4,22,496.61",
"18-Mar-16","CR815611765135/RMCPL19418/0","","28494887620","18-Mar-16","1,000.00","","4,21,496.61",
"18-Mar-16","CR815611765137/RMCPL14558/0","","28494871967","18-Mar-16","1,200.00","","4,20,296.61",
"18-Mar-16","CR815616850064/RMCPL11794/0","","28494903588","18-Mar-16","7,000.00","","4,13,296.61",
"18-Mar-16","CR815611774525/RMCPL18380/0","","28494973178","18-Mar-16","1,000.00","","4,12,296.61",
"18-Mar-16","CR815611774500/RMCPL15054/0","","28494914378","18-Mar-16","3,500.00","","4,08,796.61",
"18-Mar-16","CR815611765136/RMCPL25344/0","","28494883211","18-Mar-16","5,500.00","","4,03,296.61",
"18-Mar-16","CR815610745494/RMCPL12343/0","","28494956041","18-Mar-16","1,000.00","","4,02,296.61",
"18-Mar-16","CR815612794979/RMCPL22866/0","","28494968249","18-Mar-16","500","","4,01,796.61",
"18-Mar-16","CR815612795003/RMCPL22086/0","","28494929468","18-Mar-16","2,000.00","","3,99,796.61",
"18-Mar-16","CR815613804753/RMCPL18492/0","","28494859496","18-Mar-16","2,700.00","","3,97,096.61",
"18-Mar-16","CR815612784228/RMCPL20316/0","","28494868767","18-Mar-16","3,000.00","","3,94,096.61",
"18-Mar-16","CR815617868688/RMCPL09591/0","","28494860489","18-Mar-16","3,000.00","","3,91,096.61",
"18-Mar-16","CR815509433633/RMCPL11793/0","","28494917025","18-Mar-16","2,000.00","","3,89,096.61",
"18-Mar-16","CR815519613869/RMCPL21345/0","","28494970732","18-Mar-16","1,000.00","","3,88,096.61",
"18-Mar-16","CR815509433629/RMCPL19789/0","","28494872413","18-Mar-16","1,000.00","","3,87,096.61",
"18-Mar-16","CR815510454879/RMCPL20680/0","","28494882881","18-Mar-16","1,000.00","","3,86,096.61",
"18-Mar-16","CR815513507794/RMCPL09591/0","","28494956530","18-Mar-16","8,000.00","","3,78,096.61",
"18-Mar-16","CR815517571476/RMCPL18769/0","","28494876375","18-Mar-16","1,500.00","","3,76,596.61",
"18-Mar-16","CR815511483827/RMCPL12959/0","","28494875143","18-Mar-16","1,500.00","","3,75,096.61",
"18-Mar-16","CR815510454883/RMCPL22312/0","","28494899228","18-Mar-16","1,000.00","","3,74,096.61",
"18-Mar-16","MAW/5029649806189049/Akol","","28494900340","18-Mar-16","","4,500.00","3,78,596.61",
"18-Mar-16","Indiaforensic AEPS NPCI WDL SET","","28494893479","18-Mar-16","","2,21,73,100.00","2,25,51,696.61",
"18-Mar-16","Indiaforensic AEPS NPCI WDL SET","","28494935623","18-Mar-16","","2,01,83,900.00","4,27,35,596.61",
"18-Mar-16","Indiaforensic AEPS NPCI WDL SET","","28494956870","18-Mar-16","","1,18,53,000.00","5,45,88,596.61",
"18-Mar-16","TRF TO","Indiaforensic SERVICES I","28494920394","18-Mar-16","92,00,000.00","","4,53,88,596.61",
"18-Mar-16","TRF TO","Indiaforensic SERVICES I","28494935873","18-Mar-16","1,50,00,000.00","","3,03,88,596.61",
"18-Mar-16","TRF TO","Indiaforensic SERVICES I","28494870489","18-Mar-16","1,50,00,000.00","","1,53,88,596.61",
"18-Mar-16","TRF TO","Indiaforensic SERVICES I","28494951498","18-Mar-16","1,50,00,000.00","","3,88,596.61",
"18-Mar-16","MAW/5029649803446863/Akol","","28494932060","18-Mar-16","","6,500.00","3,95,096.61",
"18-Mar-16","AEPS INCOME DT 08-06-2018","","28494912919","18-Mar-16","","52,153.57","4,47,250.18",
"18-Mar-16","AEPS GST INC DT 08-06-201","","28494901102","18-Mar-16","","10,430.71","4,57,680.89",
"18-Mar-16","AEPS INCOME DT 09-06-2018","","28494915886","18-Mar-16","","47,961.71","5,05,642.60",
"18-Mar-16","AEPS GST INC DT 09-06-201","","28494957425","18-Mar-16","","9,592.34","5,15,234.94",
"18-Mar-16","AEPS INCOME DT 10-06-2018","","28494962213","18-Mar-16","","29,655.23","5,44,890.17",
"18-Mar-16","AEPS GST INC DT 10-06-201","","28494953536","18-Mar-16","","5,931.05","5,50,821.22",
"18-Mar-16","AEPS ACQUIRING ADJ FEES 0","","28494875348","18-Mar-16","91","","5,50,729.77",
"18-Mar-16","Indiaforensic AEPS NPCI WDL SET","","28494968662","18-Mar-16","","2,33,90,600.00","2,39,41,329.77",
"18-Mar-16","CR815609724476/RMCPL20978/0","","28494956657","18-Mar-16","1,000.00","","2,39,40,329.77",
"18-Mar-16","TRF TO","Indiaforensic SERVICES I","28494883793","18-Mar-16","1,50,00,000.00","","89,40,329.77",
"18-Mar-16","TRF TO","Indiaforensic SERVICES I","28494933904","18-Mar-16","85,00,000.00","","4,40,329.77",
"18-Mar-16","AEPS INCOME DT 11-06-2018","","28494893724","18-Mar-16","","55,754.39","4,96,084.16",
"18-Mar-16","AEPS GST INC DT 11-06-201","","28494907680","18-Mar-16","","11,150.88","5,07,235.04",
"18-Mar-16","Indiaforensic AEPS NPCI WDL SET","","28494924971","18-Mar-16","","2,54,80,600.00","2,59,87,835.04",
"18-Mar-16","CR816011886923/RMCPL20527/0","","28494904253","18-Mar-16","1,000.00","","2,59,86,835.04",
"18-Mar-16","CR816009836626/RMCPL22967/0","","28494899626","18-Mar-16","1,000.00","","2,59,85,835.04",
"18-Mar-16","CR816010867298/RMCPL20871/0","","28494934481","18-Mar-16","1,000.00","","2,59,84,835.04",
"18-Mar-16","CR816010867288/RMCPL24082/0","","28494913357","18-Mar-16","2,000.00","","2,59,82,835.04",
"18-Mar-16","CR815911595626/RMCPL18460/0","","28494899412","18-Mar-16","2,000.00","","2,59,80,835.04",
"19-Mar-16","CR815916689441/RMCPL13836/0","","28494963295","19-Mar-16","1,000.00","","2,59,79,835.04",
"19-Mar-16","CR815910576719/RMCPL17224/0","","28494861003","19-Mar-16","2,000.00","","2,59,77,835.04",
"19-Mar-16","CR815910576675/RMCPL23925/0","","28494867492","19-Mar-16","5,000.00","","2,59,72,835.04",
"19-Mar-16","CR815910586349/RMCPL16314/0","","28494902515","19-Mar-16","500","","2,59,72,335.04",
"19-Mar-16","CR815917706079/RMCPL11353/0","","28494974433","19-Mar-16","500","","2,59,71,835.04",
"19-Mar-16","CR815911595629/RMCPL22249/0","","28494882008","19-Mar-16","500","","2,59,71,335.04",
"19-Mar-16","CR815912618442/RMCPL18492/0","","28494868836","19-Mar-16","2,000.00","","2,59,69,335.04",
"19-Mar-16","CR815916696102/RMCPL15451/0","","28494887833","19-Mar-16","5,000.00","","2,59,64,335.04",
"19-Mar-16","CR815912629648/RMCPL24871/0","","28494922837","19-Mar-16","1,000.00","","2,59,63,335.04",
"19-Mar-16","CR815912629717/RMCPL18214/0","","28494920345","19-Mar-16","1,500.00","","2,59,61,835.04",
"19-Mar-16","CR815912618441/RMCPL25099/0","","28494876360","19-Mar-16","1,000.00","","2,59,60,835.04",
"19-Mar-16","CR815910576718/RMCPL09957/0","","28494879416","19-Mar-16","2,100.00","","2,59,58,735.04",
"19-Mar-16","CR815910576697/RMCPL17789/0","","28494942050","19-Mar-16","7,000.00","","2,59,51,735.04",
"19-Mar-16","CR815816422734/RMCPL14126/0","","28494934098","19-Mar-16","500","","2,59,51,235.04",
"19-Mar-16","CR815817426325/RMCPL21765/0","","28494967232","19-Mar-16","1,000.00","","2,59,50,235.04",
"19-Mar-16","CR815816417439/RMCPL25186/0","","28494868930","19-Mar-16","500","","2,59,49,735.04",
"19-Mar-16","CR815712081324/RMCPL14380/0","","28494961193","19-Mar-16","600","","2,59,49,135.04",
"19-Mar-16","CR815710048938/RMCPL18177/0","","28494943660","19-Mar-16","500","","2,59,48,635.04",
"19-Mar-16","CR815712081203/RMCPL23090/0","","28494955037","19-Mar-16","5,000.00","","2,59,43,635.04",
"19-Mar-16","CB809618333637/RMCPL15079/0","","28494909982","19-Mar-16","10,000.00","","2,59,33,635.04",
"19-Mar-16","CB815612795005/RMCPL23228/0","","28494957342","19-Mar-16","1,000.00","","2,59,32,635.04",
"19-Mar-16","TRF TO","Indiaforensic SERVICES I","28494905315","19-Mar-16","1,50,00,000.00","","1,09,32,635.04",
"19-Mar-16","TRF TO","Indiaforensic SERVICES I","28494914973","19-Mar-16","1,05,00,000.00","","4,32,635.04",
"19-Mar-16","MAW/5029649805794468/Akol","","28494937625","19-Mar-16","","1,100.00","4,33,735.04",
"19-Mar-16","AEPS INCOME DT 12-06-2018","","28494867471","19-Mar-16","","61,210.16","4,94,945.20",
"19-Mar-16","AEPS GST INC DT 12-06-201","","28494860348","19-Mar-16","","12,242.03","5,07,187.23",
"19-Mar-16","AEPS ACQUIRING ADJ FEES 1","","28494876041","19-Mar-16","18","","5,07,169.53",
"19-Mar-16","AEPS ACQ CR ADJ FEES 1206","","28494942393","19-Mar-16","202","","5,06,967.75",
"19-Mar-16","AEPS ACQ REP ADJ FEES 120","","28494875625","19-Mar-16","","109.15","5,07,076.90",
"19-Mar-16","MAW/5029649805976016/Akol","","28494924210","19-Mar-16","","1,200.00","5,08,276.90",
"19-Mar-16","MAW/5029649809760978/Vals","","28494899207","19-Mar-16","","10,000.00","5,18,276.90",
"19-Mar-16","Indiaforensic AEPS NPCI WDL SET","","28494961770","19-Mar-16","","2,28,31,100.00","2,33,49,376.90",
"19-Mar-16","TRF TO","Indiaforensic SERVICES I","28494971781","19-Mar-16","1,50,00,000.00","","83,49,376.90",
"19-Mar-16","TRF TO","Indiaforensic SERVICES I","28494905944","19-Mar-16","79,00,000.00","","4,49,376.90",
"19-Mar-16","MAW/5029649805528221/Akol","","28494876057","19-Mar-16","","2,100.00","4,51,476.90",
"19-Mar-16","AEPS INCOME DT 13-06-2018","","28494886030","19-Mar-16","","55,166.35","5,06,643.25",
"19-Mar-16","AEPS GST INC DT 13-06-201","","28494883091","19-Mar-16","","11,033.27","5,17,676.52",
"19-Mar-16","AEPS ACQUIRING ADJ FEES 1","","28494937675","19-Mar-16","60","","5,17,616.34",
"19-Mar-16","AEPS ACQ REP ADJ FEES 130","","28494899330","19-Mar-16","","17.7","5,17,634.04",
"19-Mar-16","MAW/502964XXXXXX0978/Vals","","28494894662","19-Mar-16","","10,000.00","5,27,634.04",
"19-Mar-16","Indiaforensic AEPS NPCI WDL SET","","28494893187","19-Mar-16","","2,28,93,600.00","2,34,21,234.04",
"19-Mar-16","TRF TO","Indiaforensic SERVICES I","28494904187","19-Mar-16","1,50,00,000.00","","84,21,234.04",
"19-Mar-16","TRF TO","Indiaforensic SERVICES I","28494893579","19-Mar-16","40,00,000.00","","44,21,234.04",
"19-Mar-16","TRF TO","Indiaforensic SERVICES I","28494871384","19-Mar-16","40,00,000.00","","4,21,234.04",
"19-Mar-16","AEPS INCOME DT 14-06-2018","","28494878501","19-Mar-16","","53,974.72","4,75,208.76",
"19-Mar-16","AEPS GST INC DT 14-06-201","","28494933533","19-Mar-16","","10,794.94","4,86,003.70",
"19-Mar-16","AEPS ACQUIRING ADJ FEES 1","","28494862568","19-Mar-16","35","","4,85,968.30",
"19-Mar-16","AEPS INCOME DT 14-06-2018","","28494900748","19-Mar-16","","53,974.72","5,39,943.02",
"19-Mar-16","AEPS GST INC DT 14-06-201","","28494910973","19-Mar-16","","10,794.94","5,50,737.96",
"19-Mar-16","MAW/502964XXXXXX0978/Vals","","28494935459","19-Mar-16","","10,000.00","5,60,737.96",
"19-Mar-16","Indiaforensic AEPS NPCI WDL SET","","28494949976","19-Mar-16","","1,62,91,500.00","1,68,52,237.96",
"19-Mar-16","Indiaforensic AEPS NPCI WDL SET","","28494911263","19-Mar-16","","1,29,21,000.00","2,97,73,237.96",
"19-Mar-16","TRF TO","Indiaforensic SERVICES I","28494931741","19-Mar-16","1,50,00,000.00","","1,47,73,237.96",
"19-Mar-16","TRF TO","Indiaforensic SERVICES I","28494958379","19-Mar-16","50,00,000.00","","97,73,237.96",
"19-Mar-16","TRF TO","Indiaforensic SERVICES I","28494895940","19-Mar-16","50,00,000.00","","47,73,237.96",
"19-Mar-16","TRF TO","Indiaforensic SERVICES I","28494931773","19-Mar-16","40,00,000.00","","7,73,237.96",
"19-Mar-16","Indiaforensic AEPS NPCI WDL SET","","28494971062","19-Mar-16","","2,14,09,400.00","2,21,82,637.96",
"19-Mar-16","TRF TO","Indiaforensic SERVICES I","28494908838","19-Mar-16","1,50,00,000.00","","71,82,637.96",
"19-Mar-16","TRF TO","Indiaforensic SERVICES I","28494882037","19-Mar-16","65,00,000.00","","6,82,637.96",
"19-Mar-16","AEPS INCOME DT 15-06-2018","","28494860077","19-Mar-16","","50,970.31","7,33,608.27",
"19-Mar-16","AEPS GST INC DT 15-06-201","","28494929153","19-Mar-16","","10,194.06","7,43,802.33",
"19-Mar-16","AEPS INCOME DT 16-06-2018","","28494920298","19-Mar-16","","40,528.05","7,84,330.38",
"19-Mar-16","AEPS GST INC DT 16-06-201","","28494949077","19-Mar-16","","8,105.61","7,92,435.99",
"19-Mar-16","AEPS INCOME DT 17-06-2018","","28494863457","19-Mar-16","","32,311.55","8,24,747.54",
"19-Mar-16","AEPS GST INC DT 17-06-201","","28494974349","19-Mar-16","","6,462.31","8,31,209.85",
"19-Mar-16","REV AEPS INC DT 14-06-201","","28494887735","19-Mar-16","53,974.72","","7,77,235.13",
"19-Mar-16","REV AEPS GST DT 14-06-201","","28494949940","19-Mar-16","10,794.94","","7,66,440.19",
"19-Mar-16","Indiaforensic AEPS NPCI WDL SET","","28494930638","19-Mar-16","","2,05,85,700.00","2,13,52,140.19",
"19-Mar-16","TRF TO","Indiaforensic SERVICES I","28494873187","19-Mar-16","1,50,00,000.00","","63,52,140.19",
"19-Mar-16","TRF TO","Indiaforensic SERVICES I","28494860266","19-Mar-16","59,00,000.00","","4,52,140.19",
"19-Mar-16","AEPS INCOME DT 18-06-2018","","28494915010","19-Mar-16","","50,166.78","5,02,306.97",
"19-Mar-16","AEPS GST INC DT 18-06-201","","28494956648","19-Mar-16","","10,033.36","5,12,340.33",
"19-Mar-16","Indiaforensic AEPS NPCI WDL SET","","28494869142","19-Mar-16","","2,20,99,300.00","2,26,11,640.33",
"19-Mar-16","TRF TO Indiaforensic SERVICES IN","","28494916812","19-Mar-16","1,50,00,000.00","","76,11,640.33",
"19-Mar-16","","54612378912","0","19-Mar-16","535","","76,11,105.33",
"19-Mar-16","AEPS INCOME DT 19-06-2018","","28494880303","19-Mar-16","","53,933.71","76,65,039.04",
"19-Mar-16","AEPS GST INC DT 19-06-201","","28494860779","19-Mar-16","","10,786.74","76,75,825.78",
"19-Mar-16","AEPS ACQ CR ADJ FEES 1906","","28494941921","19-Mar-16","453","","76,75,372.66",
"19-Mar-16","CR816410013229/RMCPL19723/1","","28494970046","19-Mar-16","500","","76,74,872.66",
"19-Mar-16","CR816410013230/RMCPL20185/1","","28494911397","19-Mar-16","1,000.00","","76,73,872.66",
"19-Mar-16","CR816413068195/RMCPL12626/1","","28494889410","19-Mar-16","6,400.00","","76,67,472.66",
"19-Mar-16","CR816413068178/RMCPL09617/1","","28494905427","19-Mar-16","800","","76,66,672.66",
"19-Mar-16","CR816411022628/RMCPL14734/1","","28494897683","19-Mar-16","1,000.00","","76,65,672.66",
"19-Mar-16","CR816411022644/RMCPL22022/1","","28494940692","19-Mar-16","1,500.00","","76,64,172.66",
"19-Mar-16","CR816411022629/RMCPL20943/1","","28494869084","19-Mar-16","500","","76,63,672.66",
"19-Mar-16","CR816410013225/RMCPL12343/1","","28494875862","19-Mar-16","500","","76,63,172.66",
"19-Mar-16","CR816312748180/RMCPL24661/1","","28494959542","19-Mar-16","3,000.00","","76,60,172.66",
"19-Mar-16","CR816710892427/RMCPL23564/1","","28494943901","19-Mar-16","4,500.00","","76,55,672.66",
"19-Mar-16","CR816612663210/RMCPL09003/1","","28494926086","19-Mar-16","1,000.00","","76,54,672.66",
"19-Mar-16","CR816618752066/RMCPL19959/1","","28494955014","19-Mar-16","500","","76,54,172.66",
"19-Mar-16","CR816618752073/RMCPL23923/1","","28494920627","19-Mar-16","500","","76,53,672.66",
"19-Mar-16","CR816618752082/RMCPL17294/1","","28494899684","19-Mar-16","1,000.00","","76,52,672.66",
"19-Mar-16","CR816610624970/RMCPL20628/1","","28494908510","19-Mar-16","10,000.00","","76,42,672.66",
"19-Mar-16","CR816617740873/RMCPL22821/1","","28494968857","19-Mar-16","4,000.00","","76,38,672.66",
"19-Mar-16","CR816516396045/RMCPL24462/1","","28494925736","19-Mar-16","500","","76,38,172.66",
"21-Mar-16","CR816517413920/RMCPL18514/1","","28494873234","21-Mar-16","500","","76,37,672.66",
"21-Mar-16","CR816510296677/RMCPL12343/1","","28494863184","21-Mar-16","1,000.00","","76,36,672.66",
"21-Mar-16","CR816510296663/RMCPL14724/1","","28494930686","21-Mar-16","5,000.00","","76,31,672.66",
"21-Mar-16","CR816510296661/RMCPL12252/1","","28494925697","21-Mar-16","1,000.00","","76,30,672.66",
"21-Mar-16","CR816510296670/RMCPL18859/1","","28494944764","21-Mar-16","6,000.00","","76,24,672.66",
"21-Mar-16","CR816419174216/RMCPL21735/1","","28494889294","21-Mar-16","3,000.00","","76,21,672.66",
"21-Mar-16","CR816415106340/RMCPL09726/1","","28494905115","21-Mar-16","2,000.00","","76,19,672.66",
"21-Mar-16","CR816316816501/RMCPL22941/1","","28494935656","21-Mar-16","","1,500.00","","76,18,172.66",
"21-Mar-16","CR816311713817/RMCPL24066/1","","28494948328","21-Mar-16","","500","","76,17,672.66",
"21-Mar-16","CR816310704026/RMCPL25821/1","","28494921417","21-Mar-16","","8,000.00","","76,09,672.66",
"21-Mar-16","CR816317825182/RMCPL19559/1","","28494963949","21-Mar-16","","500","","76,09,172.66",
"21-Mar-16","CR816211426816/RMCPL20957/1","","28494972813","21-Mar-16","","500","","76,08,672.66",
"21-Mar-16","CR816211418865/RMCPL25027/1","","28494943399","21-Mar-16","","500","","76,08,172.66",
"21-Mar-16","CR816211418847/RMCPL11793/1","","28494965055","21-Mar-16","","2,000.00","","76,06,172.66",
"21-Mar-16","CR816617728842/RMCPL18625/1","","28494859618","21-Mar-16","","500","","76,05,672.66",
"21-Mar-16","CR816617728591/RMCPL05229/1","","28494859984","21-Mar-16","","2,500.00","","76,03,172.66",
"21-Mar-16","CR816617728574/RMCPL22700/1","","28494973510","21-Mar-16","","2,000.00","","76,01,172.66",
"21-Mar-16","CR816419162571/RMCPL19808/1","","28494947253","21-Mar-16","","2,000.00","","75,99,172.66",
"21-Mar-16","CR816419162534/RMCPL00125/1","","28494958423","21-Mar-16","","3,000.00","","75,96,172.66",
"21-Mar-16","CR816614686134/RMCPL21959/1","","28494879131","21-Mar-16","","1,000.00","","75,95,172.66",
"21-Mar-16","CR816614686132/RMCPL22799/1","","28494945843","21-Mar-16","","3,000.00","","75,92,172.66",
"21-Mar-16","CR816614686137/RMCPL22681/1","","28494951612","21-Mar-16","","1,000.00","","75,91,172.66",
"21-Mar-16","CR816512335400/RMCPL22326/1","","28494947231","21-Mar-16","","2,000.00","","75,89,172.66",
"21-Mar-16","CR816517415566/RMCPL26215/1","","28494915067","21-Mar-16","","1,000.00","","75,88,172.66",
"21-Mar-16","CR816311713785/RMCPL13111/1","","28494915440","21-Mar-16","","10,000.00","","75,78,172.66",
"21-Mar-16","CR816211418829/RMCPL20772/1","","28494922530","21-Mar-16","","500","","75,77,672.66",
"21-Mar-16","CR816211426787/RMCPL23898/1","","28494888653","21-Mar-16","","3,500.00","","75,74,172.66",
"21-Mar-16","AEPS ACQ REP ADJ FEES 190","","28494957145","21-Mar-16","","","35.4","75,74,208.06",
"21-Mar-16","Indiaforensic AEPS NPCI WDL SET","","28494906863","21-Mar-16","","","1,96,24,600.00","2,71,98,808.06",
"21-Mar-16","CB815612793122/RMCPL12204/0","","28494902609","21-Mar-16","","10,000.00","","2,71,88,808.06",
"21-Mar-16","CB815513507914/RMCPL23519/0","","28494909931","21-Mar-16","","10,000.00","","2,71,78,808.06",
"21-Mar-16","CB815509444154/RMCPL14700/0","","28494892202","21-Mar-16","","700","","2,71,78,108.06",
"21-Mar-16","CB815312968821/RMCPL18085/0","","28494925735","21-Mar-16","","10,000.00","","2,71,68,108.06",
"21-Mar-16","CB815116470962/RMCPL25816/3","","28494874830","21-Mar-16","","500","","2,71,67,608.06",
"21-Mar-16","TRF TO","Indiaforensic SERVICES I","28494869863","21-Mar-16","46,00,000.00","","","2,25,67,608.06",
"21-Mar-16","TRF TO","Indiaforensic SERVICES I","28494899094","21-Mar-16","1,49,00,000.00","","","76,67,608.06",
"21-Mar-16","AEPS INCOME DT 20-06-2018","","28494937974","21-Mar-16","","","48,644.74","77,16,252.80",
"21-Mar-16","AEPS GST INC DT 20-06-201","","28494871308","21-Mar-16","","","9,728.95","77,25,981.75",
"21-Mar-16","Indiaforensic AEPS NPCI WDL SET","","28494900340","21-Mar-16","","","1,88,03,400.00","2,65,29,381.75",
"21-Mar-16","CR817011723188/RMCPL18083/1","","28494946154","21-Mar-16","","4,000.00","","2,65,25,381.75",
"21-Mar-16","CR817012751705/RMCPL14573/1","","28494888996","21-Mar-16","","700","","2,65,24,681.75",
"21-Mar-16","CR817011723155/RMCPL14954/1","","28494916423","21-Mar-16","","500","","2,65,24,181.75",
"21-Mar-16","CR817011739722/RMCPL11875/1","","28494962140","21-Mar-16","","1,800.00","","2,65,22,381.75",
"21-Mar-16","CR817010712711/RMCPL13376/1","","28494877051","21-Mar-16","","1,800.00","","2,65,20,581.75",
"21-Mar-16","CR817010712485/RMCPL20610/1","","28494873857","21-Mar-16","","4,000.00","","2,65,16,581.75",
"21-Mar-16","CR817017833421/RMCPL24532/1","","28494863262","21-Mar-16","","2,000.00","","2,65,14,581.75",
"21-Mar-16","CR817010713140/RMCPL23693/1","","28494892711","21-Mar-16","","2,300.00","","2,65,12,281.75",
"21-Mar-16","CR817010713031/RMCPL20307/1","","28494913674","21-Mar-16","","2,000.00","","2,65,10,281.75",
"21-Mar-16","CR817010713304/RMCPL10451/1","","28494872852","21-Mar-16","","3,000.00","","2,65,07,281.75",
"21-Mar-16","CR817017833405/RMCPL11811/1","","28494905777","21-Mar-16","","10,000.00","","2,64,97,281.75",
"21-Mar-16","CR817017833433/RMCPL10108/1","","28494905645","21-Mar-16","","10,000.00","","2,64,87,281.75",
"21-Mar-16","CR817010712436/RMCPL00045/1","","28494879574","21-Mar-16","","4,000.00","","2,64,83,281.75",
"21-Mar-16","CR817011723172/RMCPL18078/1","","28494935059","21-Mar-16","","8,000.00","","2,64,75,281.75",
"21-Mar-16","CR817010712973/RMCPL24657/1","","28494889820","21-Mar-16","","9,000.00","","2,64,66,281.75",
"21-Mar-16","CR817010713168/RMCPL24426/1","","28494861513","21-Mar-16","","10,000.00","","2,64,56,281.75",
"21-Mar-16","CR817010713047/RMCPL13376/1","","28494965073","21-Mar-16","","2,200.00","","2,64,54,081.75",
"21-Mar-16","CR817010713160/RMCPL26552/1","","28494877425","21-Mar-16","","1,500.00","","2,64,52,581.75",
"21-Mar-16","CR817010713332/RMCPL25168/1","","28494873433","21-Mar-16","1,000.00","","2,64,51,581.75",
"21-Mar-16","CR817010713158/RMCPL23448/1","","28494962432","21-Mar-16","4,000.00","","2,64,47,581.75",
"21-Mar-16","CR817010713083/RMCPL26215/1","","28494912312","21-Mar-16","1,000.00","","2,64,46,581.75",
"21-Mar-16","CR816917548522/RMCPL11764/1","","28494916976","21-Mar-16","7,000.00","","2,64,39,581.75",
"21-Mar-16","CR816913477500/RMCPL26743/1","","28494876992","21-Mar-16","5,000.00","","2,64,34,581.75",
"21-Mar-16","CR816910423754/RMCPL24426/1","","28494889473","21-Mar-16","2,000.00","","2,64,32,581.75",
"21-Mar-16","CR816910423739/RMCPL09829/1","","28494946692","21-Mar-16","5,500.00","","2,64,27,081.75",
"21-Mar-16","CR816917541174/RMCPL18749/1","","28494958987","21-Mar-16","2,100.00","","2,64,24,981.75",
"21-Mar-16","CR816913477488/RMCPL23207/1","","28494904755","21-Mar-16","1,000.00","","2,64,23,981.75",
"21-Mar-16","CR816914499690/RMCPL19952/1","","28494896193","21-Mar-16","1,500.00","","2,64,22,481.75",
"21-Mar-16","CR816914499682/RMCPL22227/1","","28494956137","21-Mar-16","500","","2,64,21,981.75",
"21-Mar-16","CR816917548542/RMCPL10689/1","","28494928163","21-Mar-16","700","","2,64,21,281.75",
"21-Mar-16","CR816911442407/RMCPL24117/1","","28494964461","21-Mar-16","1,000.00","","2,64,20,281.75",
"21-Mar-16","CR816912467535/RMCPL23222/1","","28494879305","21-Mar-16","2,500.00","","2,64,17,781.75",
"21-Mar-16","CR816914499653/RMCPL16484/1","","28494970403","21-Mar-16","2,500.00","","2,64,15,281.75",
"21-Mar-16","TRF TO","Indiaforensic SERVICES I","28494872102","21-Mar-16","38,00,000.00","","2,26,15,281.75",
"21-Mar-16","TRF TO","Indiaforensic SERVICES I","28494917028","21-Mar-16","1,50,00,000.00","","76,15,281.75",
"21-Mar-16","AEPS INCOME DT 21-06-2018","","28494884089","21-Mar-16","","46,923.80","76,62,205.55",
"21-Mar-16","AEPS GST INC DT 21-06-201","","28494874869","21-Mar-16","","9,384.76","76,71,590.31",
"21-Mar-16","AEPS ACQ CR ADJ FEES 2106","","28494877411","21-Mar-16","411","","76,71,179.67",
"21-Mar-16","CR816310704019/RMCPL17430/1","","28494882981","21-Mar-16","10,000.00","","76,61,179.67",
"21-Mar-16","CR816211418783/RMCPL20307/1","","28494924898","21-Mar-16","3,500.00","","76,57,679.67",
"21-Mar-16","Indiaforensic AEPS NPCI WDL SET","","28494915175","21-Mar-16","","1,95,58,700.00","2,72,16,379.67",
"21-Mar-16","Indiaforensic AEPS NPCI WDL SET","","28494907046","21-Mar-16","","1,66,19,500.00","4,38,35,879.67",
"21-Mar-16","Indiaforensic AEPS NPCI WDL SET","","28494866228","21-Mar-16","","1,16,01,800.00","5,54,37,679.67",
"21-Mar-16","TRF TO","Indiaforensic SERVICES I","28494927140","21-Mar-16","28,00,000.00","","5,26,37,679.67",
"21-Mar-16","RTGS CHARGES AND GST/YESB","","28494865750","21-Mar-16","30","","5,26,37,650.17",
"21-Mar-16","RTGS/YESBH18176501898/Indfor","","28494931759","21-Mar-16","1,50,00,000.00","","3,76,37,650.17",
"21-Mar-16","RTGS CHARGES AND GST/YESB","","28494924184","21-Mar-16","30","","3,76,37,620.67",
"21-Mar-16","RTGS/YESBH18176502779/Indfor","","28494860426","21-Mar-16","1,50,00,000.00","","2,26,37,620.67",
"21-Mar-16","RTGS CHARGES AND GST/YESB","","28494964508","21-Mar-16","30","","2,26,37,591.17",
"21-Mar-16","RTGS/YESBH18176503243/Indfor","","28494877095","21-Mar-16","1,50,00,000.00","","76,37,591.17",
"21-Mar-16","AEPS INCOME DT 22-06-2018","","28494956045","21-Mar-16","","49,171.96","76,86,763.13",
"21-Mar-16","AEPS GST INC DT 22-06-201","","28494883032","21-Mar-16","","9,834.39","76,96,597.52",
"21-Mar-16","AEPS INCOME DT 23-06-2018","","28494865022","21-Mar-16","","40,706.18","77,37,303.70",
"21-Mar-16","AEPS GST INC DT 23-06-201","","28494873424","21-Mar-16","","8,141.24","77,45,444.94",
"21-Mar-16","AEPS INCOME DT 24-06-2018","","28494928538","21-Mar-16","","29,917.31","77,75,362.25",
"21-Mar-16","AEPS GST INC DT 24-06-201","","28494878169","21-Mar-16","","5,983.46","77,81,345.71",
"21-Mar-16","AEPS ACQUIRING ADJ FEES 2","","28494964980","21-Mar-16","30","","77,81,316.21",
"21-Mar-16","AEPS ACQ CR ADJ FEES 2206","","28494939352","21-Mar-16","109","","77,81,207.06",
"21-Mar-16","CR817109957523/RMCPL18869/2","","28494956225","21-Mar-16","9,000.00","","77,72,207.06",
"21-Mar-16","CR817118112380/RMCPL02175/2","","28494914026","21-Mar-16","4,000.00","","77,68,207.06",
"21-Mar-16","CR817110980869/RMCPL15464/2","","28494922860","21-Mar-16","3,000.00","","77,65,207.06",
"21-Mar-16","CR817110972964/RMCPL18408/2","","28494960438","21-Mar-16","1,000.00","","77,64,207.06",
"21-Mar-16","CR817110972958/RMCPL22022/2","","28494957461","21-Mar-16","1,500.00","","77,62,707.06",
"21-Mar-16","CR817110975522/RMCPL18236/2","","28494955369","21-Mar-16","500","","77,62,207.06",
"21-Mar-16","CR817110980728/RMCPL11253/2","","28494910296","21-Mar-16","500","","77,61,707.06",
"21-Mar-16","CR817110980764/RMCPL16314/2","","28494903360","21-Mar-16","3,000.00","","77,58,707.06",
"21-Mar-16","CR817112005622/RMCPL21975/2","","28494975018","21-Mar-16","3,000.00","","77,55,707.06",
"21-Mar-16","AEPS ACQUIRING ADJ FEES 2","","28494927475","21-Mar-16","18","","77,55,689.36",
"21-Mar-16","Indiaforensic AEPS NPCI WDL SET","","28494877737","21-Mar-16","","1,88,13,700.00","2,65,69,389.36",
"21-Mar-16","CR817212263979/RMCPL23655/2","","28494899862","21-Mar-16","2,300.00","","2,65,67,089.36",
"21-Mar-16","CR817212267312/RMCPL26238/2","","28494902975","21-Mar-16","1,600.00","","2,65,65,489.36",
"21-Mar-16","CR817212267323/RMCPL22522/2","","28494895075","21-Mar-16","500","","2,65,64,989.36",
"21-Mar-16","CR817211249534/RMCPL11613/2","","28494941153","21-Mar-16","10,000.00","","2,65,54,989.36",
"21-Mar-16","CR817211258807/RMCPL17863/2","","28494919228","21-Mar-16","2,300.00","","2,65,52,689.36",
"21-Mar-16","CR817213294235/RMCPL18850/2","","28494896431","21-Mar-16","1,000.00","","2,65,51,689.36",
"21-Mar-16","CR817213294233/RMCPL14558/2","","28494941616","21-Mar-16","5,000.00","","2,65,46,689.36",
"21-Mar-16","CR817216336056/RMCPL17244/2","","28494947027","21-Mar-16","1,500.00","","2,65,45,189.36",
"21-Mar-16","CR817217339541/RMCPL23655/2","","28494940934","21-Mar-16","1,000.00","","2,65,44,189.36",
"21-Mar-16","RTGS CHARGES AND GST/YESB","","28494860066","21-Mar-16","30","","2,65,44,159.86",
"21-Mar-16","RTGS/YESBH18177599358/Indfor","","28494964736","21-Mar-16","39,00,000.00","","2,26,44,159.86",
"21-Mar-16","RTGS CHARGES AND GST/YESB","","28494938354","21-Mar-16","30","","2,26,44,130.36",
"21-Mar-16","RTGS/YESBH18177600906/Indfor","","28494970671","21-Mar-16","1,50,00,000.00","","76,44,130.36",
"21-Mar-16","MAW/502964XXXXXX6863/Akol","","28494883498","21-Mar-16","","7,000.00","76,51,130.36",
"21-Mar-16","MAW/502964XXXXXX6863/Akol","","28494890905","21-Mar-16","","200","76,51,330.36",
"21-Mar-16","AEPS INCOME DT 25-06-2018","","28494957970","21-Mar-16","","46,179.69","76,97,510.05",
"21-Mar-16","AEPS GST INC DT 25-06-201","","28494870450","21-Mar-16","","9,235.94","77,06,745.99",
"21-Mar-16","AEPS ACQUIRING ADJ FEES 2","","28494923293","21-Mar-16","27","","77,06,719.44",
"21-Mar-16","AEPS ACQ CR ADJ FEES 2506","","28494962018","21-Mar-16","96","","77,06,623.86",
"21-Mar-16","Indiaforensic AEPS NPCI WDL SET","","28494937354","21-Mar-16","","1,95,26,600.00","2,72,33,223.86",
"21-Mar-16","TRF TO","Indiaforensic SERVICES I","28494907726","21-Mar-16","96,00,000.00","","1,76,33,223.86",
"21-Mar-16","RTGS CHARGES AND GST/YESB","","28494864352","21-Mar-16","30","","1,76,33,194.36",
"21-Mar-16","RTGS/YESBH18178695745/Indfor","","28494884542","21-Mar-16","1,00,00,000.00","","76,33,194.36",
"21-Mar-16","AEPS INCOME DT 26-06-2018","","28494912067","21-Mar-16","","47,661.58","76,80,855.94",
"21-Mar-16","AEPS GST INC DT 26-06-201","","28494891134","21-Mar-16","","9,532.32","76,90,388.26",
"22-Mar-16","Indiaforensic AEPS NPCI WDL SET","","28494965926","22-Mar-16","","1,68,65,100.00","2,45,55,488.26",
"22-Mar-16","CR817411782281/RMCPL18354/2","","28494864858","22-Mar-16","3,000.00","","2,45,52,488.26",
"22-Mar-16","CR817411782282/RMCPL14643/2","","28494919101","22-Mar-16","5,000.00","","2,45,47,488.26",
"22-Mar-16","CR817411776616/RMCPL18014/2","","28494914764","22-Mar-16","500","","2,45,46,988.26",
"22-Mar-16","CR817317605451/RMCPL25198/2","","28494973045","22-Mar-16","1,000.00","","2,45,45,988.26",
"22-Mar-16","CR817316595526/RMCPL11966/2","","28494860194","22-Mar-16","2,700.00","","2,45,43,288.26",
"22-Mar-16","CR817316595522/RMCPL16817/2","","28494913507","22-Mar-16","500","","2,45,42,788.26",
"22-Mar-16","CR817316595502/RMCPL19297/2","","28494959026","22-Mar-16","1,400.00","","2,45,41,388.26",
"22-Mar-16","CR817312540196/RMCPL26071/2","","28494859520","22-Mar-16","2,000.00","","2,45,39,388.26",
"22-Mar-16","CR817312531513/RMCPL24213/2","","28494890633","22-Mar-16","500","","2,45,38,888.26",
"22-Mar-16","CR817312531539/RMCPL24844/2","","28494971174","22-Mar-16","4,000.00","","2,45,34,888.26",
"22-Mar-16","CR817609225859/RMCPL25781/2","","28494900551","22-Mar-16","1,000.00","","2,45,33,888.26",
"22-Mar-16","CR817616339194/RMCPL25346/2","","28494904992","22-Mar-16","3,500.00","","2,45,30,388.26",
"22-Mar-16","CR817612278991/RMCPL14558/2","","28494876181","22-Mar-16","1,200.00","","2,45,29,188.26",
"22-Mar-16","CR817610250420/RMCPL24033/2","","28494951377","22-Mar-16","1,000.00","","2,45,28,188.26",
"22-Mar-16","CR817612288042/RMCPL17579/2","","28494933543","22-Mar-16","500","","2,45,27,688.26",
"22-Mar-16","CR817612288045/RMCPL23710/2","","28494905436","22-Mar-16","2,000.00","","2,45,25,688.26",
"22-Mar-16","CR817611260350/RMCPL25813/2","","28494945736","22-Mar-16","1,500.00","","2,45,24,188.26",
"22-Mar-16","CR817611270099/RMCPL15381/2","","28494872754","22-Mar-16","9,000.00","","2,45,15,188.26",
"22-Mar-16","CR817612278980/RMCPL11618/2","","28494963095","22-Mar-16","500","","2,45,14,688.26",
"22-Mar-16","CR817614309773/RMCPL13065/2","","28494881646","22-Mar-16","500","","2,45,14,188.26",
"22-Mar-16","RTGS CHARGES AND GST/YESB","","28494961909","22-Mar-16","30","","2,45,14,158.76",
"22-Mar-16","RTGS/YESBH18179801413/Indfor","","28494928327","22-Mar-16","19,00,000.00","","2,26,14,158.76",
"22-Mar-16","RTGS CHARGES AND GST/YESB","","28494904387","22-Mar-16","30","","2,26,14,129.26",
"22-Mar-16","RTGS/YESBH18179801622/Indfor","","28494893595","22-Mar-16","1,50,00,000.00","","76,14,129.26",
"22-Mar-16","AEPS INCOME DT 27-06-2018","","28494969478","22-Mar-16","","41,473.49","76,55,602.75",
"22-Mar-16","AEPS GST INC DT 27-06-201","","28494953828","22-Mar-16","","8,294.70","76,63,897.45",
"22-Mar-16","AEPS ACQUIRING ADJ FEES 2","","28494925453","22-Mar-16","53","","76,63,844.35",
"22-Mar-16","AEPS ACQ CR ADJ FEES 2706","","28494876511","22-Mar-16","188","","76,63,656.73",
"22-Mar-16","AEPS ACQ REP ADJ FEES 270","","28494943495","22-Mar-16","","73.75","76,63,730.48",
"22-Mar-16","Indiaforensic AEPS NPCI WDL SET","","28494941829","22-Mar-16","","1,66,53,600.00","2,43,17,330.48",
"22-Mar-16","TRF TO","Indiaforensic SERVICES I","28494895200","22-Mar-16","1,50,00,000.00","","93,17,330.48",
"22-Mar-16","TRF TO","Indiaforensic SERVICES I","28494950580","22-Mar-16","16,00,000.00","","77,17,330.48",
"22-Mar-16","AEPS INCOME DT 28-06-2018","","28494874577","22-Mar-16","","40,141.18","77,57,471.66",
"22-Mar-16","AEPS GST INC DT 28-06-201","","28494944139","22-Mar-16","","8,028.24","77,65,499.90",
"22-Mar-16","AEPS ACQ REP ADJ FEES 280","","28494973941","22-Mar-16","","53.1","77,65,553.00",
"22-Mar-16","Indiaforensic AEPS NPCI WDL SET","","28494943735","22-Mar-16","","1,97,23,400.00","2,74,88,953.00",
"22-Mar-16","CB809618333637/RMCPL15079/0","","28494879387","22-Mar-16","","10,000.00","2,74,98,953.00",
"22-Mar-16","TRF TO","Indiaforensic SERVICES I","28494896631","22-Mar-16","1,50,00,000.00","","1,24,98,953.00",
"22-Mar-16","TRF TO","Indiaforensic SERVICES I","28494906688","22-Mar-16","40,00,000.00","","84,98,953.00",
"22-Mar-16","TRF TO","Indiaforensic SERVICES I","28494937350","22-Mar-16","5,00,000.00","","79,98,953.00",
"22-Mar-16","AEPS INCOME DT 29-06-2018","","28494944879","22-Mar-16","","49,101.50","80,48,054.50",
"22-Mar-16","AEPS GST INC DT 29-06-201","","28494903709","22-Mar-16","","9,820.30","80,57,874.80",
"22-Mar-16","AEPS ACQUIRING ADJ FEES 2","","28494966282","22-Mar-16","24","","80,57,851.20",
"22-Mar-16","Indiaforensic AEPS NPCI WDL SET","","28494887633","22-Mar-16","","1,72,13,700.00","2,52,71,551.20",
"22-Mar-16","Indiaforensic AEPS NPCI WDL SET","","28494915375","22-Mar-16","","1,09,78,600.00","3,62,50,151.20",
"22-Mar-16","TRF TO","Indiaforensic SERVICES I","28494884693","22-Mar-16","1,50,00,000.00","","2,12,50,151.20",
"22-Mar-16","TRF TO","Indiaforensic SERVICES I","28494952567","22-Mar-16","1,00,00,000.00","","1,12,50,151.20",
"22-Mar-16","TRF TO","Indiaforensic SERVICES I","28494967291","22-Mar-16","30,00,000.00","","82,50,151.20",
"22-Mar-16","AEPS INCOME DT 30-06-2018","","28494966702","22-Mar-16","","42,968.17","82,93,119.37",
"22-Mar-16","AEPS GST INC DT 30-06-201","","28494870158","22-Mar-16","","8,593.63","83,01,713.00",
"22-Mar-16","AEPS INCOME DT 01-07-2018","","28494866813","22-Mar-16","","28,448.23","83,30,161.23",
"22-Mar-16","AEPS GST INC DT 01-07-201","","28494897644","22-Mar-16","","5,689.65","83,35,850.88",
"22-Mar-16","TRF TO","Indiaforensic SERVICES I","28494918814","22-Mar-16","5,00,000.00","","78,35,850.88",
"22-Mar-16","Indiaforensic AEPS NPCI WDL SET","","28494943165","22-Mar-16","","1,45,66,600.00","2,24,02,450.88",
"22-Mar-16","TRF TO","Indiaforensic SERVICES I","28494864987","22-Mar-16","1,48,00,000.00","","76,02,450.88",
"22-Mar-16","AEPS ACQUIRING ADJ FEES 0","","28494938282","22-Mar-16","3","","76,02,447.93",
"22-Mar-16","AEPS ACQ REP ADJ FEES 020","","28494876722","22-Mar-16","","5.9","76,02,453.83",
"22-Mar-16","AEPS INCOME DT 02-07-2018","","28494928694","22-Mar-16","","36,266.16","76,38,719.99",
"22-Mar-16","AEPS GST INC DT 02-07-201","","28494893130","22-Mar-16","","7,253.23","76,45,973.22",
"22-Mar-16","MAW/502964XXXXXX9901/Band","","28494930902","22-Mar-16","","500","76,46,473.22",
"22-Mar-16","MAW/502964XXXXXX9901/Band","","28494903957","22-Mar-16","","1,800.00","76,48,273.22",
"22-Mar-16","Indiaforensic AEPS NPCI WDL SET","","28494938647","22-Mar-16","","2,19,93,000.00","2,96,41,273.22",
"22-Mar-16","TRF TO","Indiaforensic SERVICES I","28494940343","22-Mar-16","1,50,00,000.00","","1,46,41,273.22",
"22-Mar-16","TRF TO","Indiaforensic SERVICES I","28494940448","22-Mar-16","70,00,000.00","","76,41,273.22",
"22-Mar-16","AEPS ACQUIRING ADJ FEES 0","","28494889535","22-Mar-16","35","","76,41,237.82",
"22-Mar-16","AEPS INCOME DT 03-07-2018","","28494862252","22-Mar-16","","55,769.54","76,97,007.36",
"22-Mar-16","AEPS GST INC DT 03-07-201","","28494915170","22-Mar-16","","11,153.91","77,08,161.27",
"22-Mar-16","Indiaforensic AEPS NPCI WDL SET","","28494914008","22-Mar-16","","1,93,12,500.00","2,70,20,661.27",
"22-Mar-16","CR817911060625/RMCPL20259/2","","28494925657","22-Mar-16","1,000.00","","2,70,19,661.27",
"22-Mar-16","CR817913095139/RMCPL17150/2","","28494943980","22-Mar-16","4,000.00","","2,70,15,661.27",
"22-Mar-16","CR817913090718/RMCPL20680/2","","28494914551","22-Mar-16","3,200.00","","2,70,12,461.27",
"22-Mar-16","CR817910049378/RMCPL09617/2","","28494955631","22-Mar-16","1,700.00","","2,70,10,761.27",
"22-Mar-16","CR817913087788/RMCPL14724/2","","28494939633","22-Mar-16","500","","2,70,10,261.27",
"22-Mar-16","CR817913087774/RMCPL20185/2","","28494879710","22-Mar-16","","5,000.00","2,70,05,261.27",
"22-Mar-16","CR818313032506/RMCPL14700/0","","28494875192","22-Mar-16","","5,000.00","2,70,00,261.27",
"22-Mar-16","CR818312015733/RMCPL17511/0","","28494880193","22-Mar-16","","1,000.00","2,69,99,261.27",
"22-Mar-16","CR818312015805/RMCPL19070/0","","28494913264","22-Mar-16","","10,000.00","2,69,89,261.27",
"22-Mar-16","CR818313026150/RMCPL25168/0","","28494926625","22-Mar-16","","500","2,69,88,761.27",
"22-Mar-16","CR818316076786/RMCPL09386/0","","28494876413","22-Mar-16","","3,000.00","2,69,85,761.27",
"22-Mar-16","CR818312011337/RMCPL20275/0","","28494897065","22-Mar-16","","6,000.00","2,69,79,761.27",
"22-Mar-16","CR818312011290/RMCPL18460/0","","28494901008","22-Mar-16","","1,200.00","2,69,78,561.27",
"22-Mar-16","CR818317083670/RMCPL21965/0","","28494886369","22-Mar-16","","1,000.00","2,69,77,561.27",
"22-Mar-16","CR818317084842/RMCPL14558/0","","28494914231","22-Mar-16","","1,600.00","2,69,75,961.27",
"22-Mar-16","CR818312005818/RMCPL22522/0","","28494890866","22-Mar-16","","2,000.00","2,69,73,961.27",
"22-Mar-16","CR818312011354/RMCPL20933/0","","28494934047","22-Mar-16","","500","2,69,73,461.27",
"22-Mar-16","CR818312014256/RMCPL09617/0","","28494964184","22-Mar-16","","3,000.00","2,69,70,461.27",
"22-Mar-16","CR818315054200/RMCPL21339/0","","28494890200","22-Mar-16","","2,000.00","2,69,68,461.27",
"22-Mar-16","CR818312015709/RMCPL16347/0","","28494949149","22-Mar-16","","1,000.00","2,69,67,461.27",
"22-Mar-16","CR818013345168/RMCPL09533/2","","28494919933","22-Mar-16","","4,000.00","2,69,63,461.27",
"22-Mar-16","CR818012318019/RMCPL14562/2","","28494946761","22-Mar-16","","10,000.00","2,69,53,461.27",
"22-Mar-16","CR818012318045/RMCPL19605/2","","28494925503","22-Mar-16","","500","2,69,52,961.27",
"22-Mar-16","CR818012315110/RMCPL21362/2","","28494896782","22-Mar-16","","2,000.00","2,69,50,961.27",
"22-Mar-16","CR818015388097/RMCPL21965/2","","28494863330","22-Mar-16","","2,000.00","2,69,48,961.27",
"22-Mar-16","CR818311999091/RMCPL24618/0","","28494879978","22-Mar-16","","2,500.00","2,69,46,461.27",
"22-Mar-16","CR817917134148/RMCPL21524/2","","28494930663","22-Mar-16","","1,500.00","2,69,44,961.27",
"22-Mar-16","CR817915118355/RMCPL21455/2","","28494948174","22-Mar-16","","2,000.00","2,69,42,961.27",
"22-Mar-16","CR817915118351/RMCPL22628/2","","28494897111","22-Mar-16","","500","2,69,42,461.27",
"22-Mar-16","CR817917134154/RMCPL21904/2","","28494893252","22-Mar-16","","2,000.00","2,69,40,461.27",
"22-Mar-16","CR817917134145/RMCPL24604/2","","28494967954","22-Mar-16","","500","2,69,39,961.27",
"22-Mar-16","CR818011300595/RMCPL18952/2","","28494942520","22-Mar-16","","8,500.00","2,69,31,461.27",
"22-Mar-16","CR818015385415/RMCPL11811/2","","28494920165","22-Mar-16","","10,000.00","2,69,21,461.27",
"22-Mar-16","CR818012327671/RMCPL21354/2","","28494862543","22-Mar-16","","3,000.00","2,69,18,461.27",
"22-Mar-16","CR818016404298/RMCPL16251/2","","28494927356","22-Mar-16","","2,500.00","2,69,15,961.27",
"22-Mar-16","CR818012327692/RMCPL26747/2","","28494932541","22-Mar-16","","1,400.00","2,69,14,561.27",
"22-Mar-16","CR818009258507/RMCPL12219/2","","28494946909","22-Mar-16","","500","2,69,14,061.27",
"22-Mar-16","CR818111578716/RMCPL20276/3","","28494943525","22-Mar-16","","10,000.00","2,69,04,061.27",
"22-Mar-16","CR818111568607/RMCPL23894/3","","28494875102","22-Mar-16","","3,500.00","2,69,00,561.27",
"22-Mar-16","CR818110558087/RMCPL19297/3","","28494971608","22-Mar-16","","5,000.00","2,68,95,561.27",
"22-Mar-16","CR818118674563/RMCPL20275/3","","28494859825","22-Mar-16","","5,000.00","2,68,90,561.27",
"22-Mar-16","CR817917134139/RMCPL16173/2","","28494916661","22-Mar-16","","500","2,68,90,061.27",
"22-Mar-16","CR817917141269/RMCPL16256/2","","28494962332","22-Mar-16","","2,000.00","2,68,88,061.27",
"22-Mar-16","CR818011281869/RMCPL22028/2","","28494906803","22-Mar-16","","5,000.00","2,68,83,061.27",
"22-Mar-16","CR818010267029/RMCPL16251/2","","28494928037","22-Mar-16","","1,000.00","2,68,82,061.27",
"22-Mar-16","CR818011301402/RMCPL24338/2","","28494881184","22-Mar-16","","500","2,68,81,561.27",
"22-Mar-16","CR818018423001/RMCPL19798/2","","28494876877","22-Mar-16","","500","2,68,81,061.27",
"22-Mar-16","CR818112597341/RMCPL22022/3","","28494879329","22-Mar-16","","2,000.00","2,68,79,061.27",
"22-Mar-16","TRF TO","Indiaforensic SERVICES I","28494892650","22-Mar-16","1,50,00,000.00","","1,18,79,061.27",
"22-Mar-16","TRF TO","Indiaforensic SERVICES I","28494897765","22-Mar-16","43,00,000.00","","75,79,061.27",
"22-Mar-16","AEPS ACQ CR ADJ FEES 0407","","28494896945","22-Mar-16","","516","75,78,545.61",
"22-Mar-16","AEPS ACQ REP ADJ FEES 040","","28494964418","22-Mar-16","","2.95","75,78,548.56",
"22-Mar-16","AEPS INCOME DT 04-07-2018","","28494896535","22-Mar-16","","49,800.23","76,28,348.79",
"22-Mar-16","AEPS GST INC DT 04-07-201","","28494898967","22-Mar-16","","9,960.05","76,38,308.84",
"22-Mar-16","MAW/502964XXXXXX6863/Akol","","28494872391","22-Mar-16","","7,000.00","76,45,308.84",
"22-Mar-16","Indiaforensic AEPS NPCI WDL SET","","28494897323","22-Mar-16","","1,86,32,000.00","2,62,77,308.84",
"22-Mar-16","CR818410227877/RMCPL09497/0","","28494940622","22-Mar-16","2,000.00","","2,62,75,308.84",
"22-Mar-16","CR818412260023/RMCPL18625/0","","28494933030","22-Mar-16","10,000.00","","2,62,65,308.84",
"22-Mar-16","CR818411245398/RMCPL18408/0","","28494891999","22-Mar-16","6,000.00","","2,62,59,308.84",
"23-Mar-16","CR818415308774/RMCPL09534/0","","28494914334","23-Mar-16","5,000.00","","2,62,54,308.84",
"23-Mar-16","CR818412274562/RMCPL18521/0","","28494966655","23-Mar-16","2,100.00","","2,62,52,208.84",
"23-Mar-16","CR818411236569/RMCPL18136/0","","28494904683","23-Mar-16","1,000.00","","2,62,51,208.84",
"23-Mar-16","CR818415322197/RMCPL16774/0","","28494903616","23-Mar-16","8,000.00","","2,62,43,208.84",
"23-Mar-16","CR818416329948/RMCPL17854/0","","28494945361","23-Mar-16","500","","2,62,42,708.84",
"23-Mar-16","CR818409216440/RMCPL18524/0","","28494946721","23-Mar-16","1,000.00","","2,62,41,708.84",
"23-Mar-16","CR818412260029/RMCPL17748/0","","28494973754","23-Mar-16","500","","2,62,41,208.84",
"23-Mar-16","CR818412267120/RMCPL15775/0","","28494913694","23-Mar-16","1,000.00","","2,62,40,208.84",
"23-Mar-16","CR818408198262/RMCPL11592/0","","28494912032","23-Mar-16","10,000.00","","2,62,30,208.84",
"23-Mar-16","CR818415322198/RMCPL14523/0","","28494915747","23-Mar-16","1,000.00","","2,62,29,208.84",
"23-Mar-16","CR818409216443/RMCPL15451/0","","28494862668","23-Mar-16","6,000.00","","2,62,23,208.84",
"23-Mar-16","CR818410227876/RMCPL25095/0","","28494863237","23-Mar-16","3,000.00","","2,62,20,208.84",
"23-Mar-16","CR818417353905/RMCPL11784/0","","28494902568","23-Mar-16","2,000.00","","2,62,18,208.84",
"23-Mar-16","CR818412274688/RMCPL26684/0","","28494870990","23-Mar-16","10,000.00","","2,62,08,208.84",
"23-Mar-16","CR818417353932/RMCPL09185/0","","28494908211","23-Mar-16","1,000.00","","2,62,07,208.84",
"23-Mar-16","CR818412274692/RMCPL17652/0","","28494872315","23-Mar-16","10,000.00","","2,61,97,208.84",
"23-Mar-16","CR818413281719/RMCPL20610/0","","28494956319","23-Mar-16","1,500.00","","2,61,95,708.84",
"23-Mar-16","CR818413281756/RMCPL12522/0","","28494905250","23-Mar-16","1,000.00","","2,61,94,708.84",
"23-Mar-16","CR818411236552/RMCPL20023/0","","28494902589","23-Mar-16","1,000.00","","2,61,93,708.84",
"23-Mar-16","CR818412260018/RMCPL19639/0","","28494894590","23-Mar-16","4,000.00","","2,61,89,708.84",
"23-Mar-16","TRF TO","Indiaforensic SERVICES I","28494928346","23-Mar-16","1,50,00,000.00","","1,11,89,708.84",
"23-Mar-16","AEPS ACQUIRING ADJ FEES 0","","28494887109","23-Mar-16","18","","1,11,89,691.14",
"23-Mar-16","AEPS ACQ CR ADJ FEES 0507","","28494863291","23-Mar-16","269","","1,11,89,422.10",
"23-Mar-16","AEPS ACQ REP ADJ FEES 050","","28494889714","23-Mar-16","","17.7","1,11,89,439.80",
"23-Mar-16","AEPS INCOME DT 05-07-2018","","28494888677","23-Mar-16","","47,084.77","1,12,36,524.57",
"23-Mar-16","AEPS GST INC DT 05-07-201","","28494960326","23-Mar-16","","9,416.95","1,12,45,941.52",
"23-Mar-16","TRF TO","Indiaforensic SERVICES I","28494899175","23-Mar-16","36,00,000.00","","76,45,941.52",
"23-Mar-16","Indiaforensic AEPS NPCI WDL SET","","28494874021","23-Mar-16","","1,88,43,900.00","2,64,89,841.52",
"23-Mar-16","CR818508479479/RMCPL18106/0","","28494935322","23-Mar-16","2,600.00","","2,64,87,241.52",
"23-Mar-16","CR818511536215/RMCPL12778/0","","28494936625","23-Mar-16","1,000.00","","2,64,86,241.52",
"23-Mar-16","CR818511536234/RMCPL16251/0","","28494944307","23-Mar-16","3,000.00","","2,64,83,241.52",
"23-Mar-16","CR818516611615/RMCPL24303/0","","28494876802","23-Mar-16","1,000.00","","2,64,82,241.52",
"23-Mar-16","CR818511523838/RMCPL12363/0","","28494877249","23-Mar-16","2,000.00","","2,64,80,241.52",
"23-Mar-16","CR818511525588/RMCPL24609/0","","28494874713","23-Mar-16","2,500.00","","2,64,77,741.52",
"23-Mar-16","CR818512544376/RMCPL22656/0","","28494956424","23-Mar-16","2,000.00","","2,64,75,741.52",
"23-Mar-16","CR818512544371/RMCPL16956/0","","28494930710","23-Mar-16","1,000.00","","2,64,74,741.52",
"23-Mar-16","CR818511524865/RMCPL23088/0","","28494940680","23-Mar-16","5,000.00","","2,64,69,741.52",
"23-Mar-16","CR818511527060/RMCPL18600/0","","28494897011","23-Mar-16","1,000.00","","2,64,68,741.52",
"23-Mar-16","CR818516611619/RMCPL25854/0","","28494913673","23-Mar-16","2,500.00","","2,64,66,241.52",
"23-Mar-16","CR818511524286/RMCPL22056/0","","28494973612","23-Mar-16","1,000.00","","2,64,65,241.52",
"23-Mar-16","CR818511524239/RMCPL20743/0","","28494975228","23-Mar-16","2,000.00","","2,64,63,241.52",
"23-Mar-16","MAW/502964XXXXXX6016/Akol","","28494895771","23-Mar-16","","700","2,64,63,941.52",
"23-Mar-16","TRF TO","Indiaforensic SERVICES I","28494920963","23-Mar-16","1,50,00,000.00","","1,14,63,941.52",
"23-Mar-16","TRF TO","Indiaforensic SERVICES I","28494938955","23-Mar-16","5,00,000.00","","1,09,63,941.52",
"23-Mar-16","TRF TO","Indiaforensic SERVICES I","28494971136","23-Mar-16","30,00,000.00","","79,63,941.52",
"23-Mar-16","AEPS ACQ CR ADJ FEES 0607","","28494964193","23-Mar-16","145","","79,63,796.38",
"23-Mar-16","","AEPS INCOME DT 06-07-2018","","28494922519","23-Mar-16","","47,565.41","80,11,361.79",
"23-Mar-16","","AEPS GST INC DT 06-07-201","","28494928742","23-Mar-16","","9,513.08","80,20,874.87",
"23-Mar-16","Indiaforensic AEPS NPCI WDL SET","","","28494864397","23-Mar-16","","1,73,65,500.00","2,53,86,374.87",
"23-Mar-16","Indiaforensic AEPS NPCI WDL SET","","","28494899060","23-Mar-16","","1,26,25,100.00","3,80,11,474.87",
"23-Mar-16","CR818610778061/RMCPL24389/0","","","28494958320","23-Mar-16","1,000.00","","3,80,10,474.87",
"23-Mar-16","CR818618909621/RMCPL18599/0","","","28494884637","23-Mar-16","1,000.00","","3,80,09,474.87",
"23-Mar-16","CR818613838475/RMCPL24532/0","","","28494905186","23-Mar-16","2,000.00","","3,80,07,474.87",
"23-Mar-16","CR818613838491/RMCPL19108/0","","","28494968403","23-Mar-16","4,500.00","","3,80,02,974.87",
"23-Mar-16","CR818618908084/RMCPL15322/0","","","28494958397","23-Mar-16","1,000.00","","3,80,01,974.87",
"23-Mar-16","CR818608755841/RMCPL17729/0","","","28494882593","23-Mar-16","1,000.00","","3,80,00,974.87",
"23-Mar-16","CR818618911045/RMCPL24776/0","","","28494944182","23-Mar-16","2,400.00","","3,79,98,574.87",
"23-Mar-16","CR818608755838/RMCPL21831/0","","","28494945928","23-Mar-16","500","","3,79,98,074.87",
"23-Mar-16","CR818618919538/RMCPL23653/0","","","28494940979","23-Mar-16","1,000.00","","3,79,97,074.87",
"23-Mar-16","CR818615872244/RMCPL14838/0","","","28494899752","23-Mar-16","2,000.00","","3,79,95,074.87",
"23-Mar-16","CR818618907008/RMCPL24776/0","","","28494964884","23-Mar-16","10,000.00","","3,79,85,074.87",
"23-Mar-16","CR818611805318/RMCPL23482/0","","","28494960313","23-Mar-16","10,000.00","","3,79,75,074.87",
"23-Mar-16","CR818617902000/RMCPL17890/0","","","28494869284","23-Mar-16","1,000.00","","3,79,74,074.87",
"23-Mar-16","CR818617906464/RMCPL25318/0","","","28494890548","23-Mar-16","500","","3,79,73,574.87",
"23-Mar-16","CR818611796795/RMCPL24657/0","","","28494940543","23-Mar-16","2,000.00","","3,79,71,574.87",
"23-Mar-16","CR818611796804/RMCPL12805/0","","","28494891054","23-Mar-16","500","","3,79,71,074.87",
"23-Mar-16","CR818611796754/RMCPL12509/0","","","28494888236","23-Mar-16","5,000.00","","3,79,66,074.87",
"23-Mar-16","CR818618907118/RMCPL18215/0","","","28494926354","23-Mar-16","2,000.00","","3,79,64,074.87",
"23-Mar-16","CR818618907044/RMCPL09982/0","","","28494899862","23-Mar-16","2,000.00","","3,79,62,074.87",
"23-Mar-16","CR818618907269/RMCPL09615/0","","","28494945676","23-Mar-16","7,000.00","","3,79,55,074.87",
"23-Mar-16","CR818610792624/RMCPL20121/0","","","28494909664","23-Mar-16","500","","3,79,54,574.87",
"23-Mar-16","CR818616887075/RMCPL11922/0","","","28494896584","23-Mar-16","500","","3,79,54,074.87",
"23-Mar-16","CR818608755837/RMCPL21533/0","","","28494900587","23-Mar-16","10,000.00","","3,79,44,074.87",
"23-Mar-16","CR818618906640/RMCPL17538/0","","","28494899820","23-Mar-16","1,000.00","","3,79,43,074.87",
"23-Mar-16","CR818618910927/RMCPL23764/0","","","28494867118","23-Mar-16","1,000.00","","3,79,42,074.87",
"23-Mar-16","CR818611796803/RMCPL18201/0","","","28494864195","23-Mar-16","2,500.00","","3,79,39,574.87",
"23-Mar-16","CR818615872249/RMCPL20978/0","","","28494922737","23-Mar-16","10,000.00","","3,79,29,574.87",
"23-Mar-16","CR818618910200/RMCPL22856/0","","","28494919331","23-Mar-16","2,000.00","","3,79,27,574.87",
"23-Mar-16","CR818617894311/RMCPL12321/0","","","28494930486","23-Mar-16","1,000.00","","3,79,26,574.87",
"23-Mar-16","CR818611813747/RMCPL25225/0","","","28494960136","23-Mar-16","2,500.00","","3,79,24,074.87",
"23-Mar-16","CR818611813775/RMCPL18244/0","","","28494961880","23-Mar-16","1,000.00","","3,79,23,074.87",
"23-Mar-16","CR818618909994/RMCPL12626/0","","","28494868411","23-Mar-16","9,500.00","","3,79,13,574.87",
"23-Mar-16","CR818618910659/RMCPL20797/0","","","28494929121","23-Mar-16","7,000.00","","3,79,06,574.87",
"23-Mar-16","TRF TO","","Indiaforensic SERVICES I","28494868220","23-Mar-16","1,50,00,000.00","","2,29,06,574.87",
"23-Mar-16","TRF TO","","Indiaforensic SERVICES I","28494941831","23-Mar-16","1,00,00,000.00","","1,29,06,574.87",
"23-Mar-16","TRF TO","","Indiaforensic SERVICES I","28494936242","23-Mar-16","50,00,000.00","","79,06,574.87",
"23-Mar-16","","AEPS ACQ CR ADJ FEES 0707","","28494964063","23-Mar-16","348","","79,06,227.36",
"23-Mar-16","","AEPS INCOME DT 07-07-2018","","28494944624","23-Mar-16","","43,328.45","79,49,555.81",
"23-Mar-16","","AEPS GST INC DT 07-07-201","","28494874532","23-Mar-16","","8,665.69","79,58,221.50",
"23-Mar-16","","","bank settlement","0","23-Mar-16","568","","79,57,653.50",
"23-Mar-16","","AEPS GST INC DT 08-07-201","","28494871539","23-Mar-16","","6,499.59","79,64,153.09",
"23-Mar-16","TRF TO","","Indiaforensic SERVICES I","28494943712","23-Mar-16","4,00,000.00","","75,64,153.09",
"23-Mar-16","Indiaforensic AEPS NPCI WDL SET","","","28494865658","23-Mar-16","","1,89,69,000.00","2,65,33,153.09",
"23-Mar-16","TRF TO","","Indiaforensic SERVICES I","28494972497","23-Mar-16","50,00,000.00","","2,15,33,153.09",
"23-Mar-16","TRF TO","","Indiaforensic SERVICES I","28494908529","23-Mar-16","50,00,000.00","","1,65,33,153.09",
"23-Mar-16","TRF TO","","Indiaforensic SERVICES I","28494956796","23-Mar-16","50,00,000.00","","1,15,33,153.09",
"23-Mar-16","TRF TO","Indiaforensic SERVICES I","28494891488","23-Mar-16","30,00,000.00","","85,33,153.09",
"23-Mar-16","TRF TO","Indiaforensic SERVICES I","28494917579","23-Mar-16","5,00,000.00","","80,33,153.09",
"23-Mar-16","TRF TO","Indiaforensic SERVICES I","28494898018","23-Mar-16","4,00,000.00","","76,33,153.09",
"23-Mar-16","AEPS INCOME DT 09-07-2018","","28494928389","23-Mar-16","","48,533.01","76,81,686.10",
"23-Mar-16","AEPS GST INC DT 09-07-201","","28494955491","23-Mar-16","","9,706.60","76,91,392.70",
"23-Mar-16","AEPS ACQ REP ADJ FEES 080","","28494901878","23-Mar-16","","11.8","76,91,404.50",
"23-Mar-16","Indiaforensic AEPS NPCI WDL SET","","28494929314","23-Mar-16","","2,05,47,500.00","2,82,38,904.50",
"23-Mar-16","TRF TO","Indiaforensic SERVICES I","28494872462","23-Mar-16","1,50,00,000.00","","1,32,38,904.50",
"23-Mar-16","TRF TO","Indiaforensic SERVICES I","28494867544","23-Mar-16","56,00,000.00","","76,38,904.50",
"23-Mar-16","AEPS INCOME DT 10-07-2018","","28494964430","23-Mar-16","","51,568.79","76,90,473.29",
"23-Mar-16","AEPS GST INC DT 10-07-201","","28494924637","23-Mar-16","","10,313.76","77,00,787.05",
"23-Mar-16","AEPS ACQUIRING ADJ FEES 1","","28494964357","23-Mar-16","32","","77,00,754.60",
"23-Mar-16","MAW/502964XXXXXX3725/Karu","","28494897897","23-Mar-16","","1,600.00","77,02,354.60",
"23-Mar-16","Indiaforensic AEPS NPCI WDL SET","","28494917252","23-Mar-16","","1,89,54,100.00","2,66,56,454.60",
"23-Mar-16","MAW/502964XXXXXX1878/Karu","","28494889810","23-Mar-16","","1,600.00","2,66,58,054.60",
"23-Mar-16","MAW/502964XXXXXX6904/Karu","","28494927932","23-Mar-16","","1,600.00","2,66,59,654.60",
"23-Mar-16","MAW/502964XXXXXX1886/Karu","","28494937410","23-Mar-16","","1,600.00","2,66,61,254.60",
"23-Mar-16","MAW/502964XXXXXX3632/Karu","","28494872393","23-Mar-16","","1,600.00","2,66,62,854.60",
"23-Mar-16","CR818910567520/RMCPL19766/0","","28494935158","23-Mar-16","1,000.00","","2,66,61,854.60",
"23-Mar-16","CR818910567410/RMCPL23172/0","","28494924251","23-Mar-16","500","","2,66,61,354.60",
"23-Mar-16","CR818810313632/RMCPL18971/0","","28494936354","23-Mar-16","4,300.00","","2,66,57,054.60",
"23-Mar-16","CR818716144454/RMCPL15214/0","","28494868319","23-Mar-16","1,500.00","","2,66,55,554.60",
"23-Mar-16","CR818716152598/RMCPL24568/0","","28494895658","23-Mar-16","1,500.00","","2,66,54,054.60",
"23-Mar-16","CR819014861159/RMCPL18940/0","","28494889878","23-Mar-16","800","","2,66,53,254.60",
"23-Mar-16","CR819011815294/RMCPL18312/0","","28494906130","23-Mar-16","3,500.00","","2,66,49,754.60",
"23-Mar-16","CR819011815300/RMCPL18122/0","","28494926739","23-Mar-16","1,200.00","","2,66,48,554.60",
"23-Mar-16","CR819011815326/RMCPL20111/0","","28494973280","23-Mar-16","3,900.00","","2,66,44,654.60",
"23-Mar-16","CR819011807398/RMCPL19220/0","","28494973649","23-Mar-16","1,000.00","","2,66,43,654.60",
"23-Mar-16","CR819011807396/RMCPL24591/0","","28494949057","23-Mar-16","8,000.00","","2,66,35,654.60",
"23-Mar-16","CR818813371165/RMCPL20869/0","","28494935676","23-Mar-16","1,000.00","","2,66,34,654.60",
"23-Mar-16","CR818813371167/RMCPL11793/0","","28494922460","23-Mar-16","500","","2,66,34,154.60",
"23-Mar-16","CR818819458388/RMCPL21152/0","","28494958830","23-Mar-16","3,500.00","","2,66,30,654.60",
"23-Mar-16","CR818810304652/RMCPL16726/0","","28494871601","23-Mar-16","500","","2,66,30,154.60",
"23-Mar-16","CR818811323820/RMCPL21354/0","","28494876699","23-Mar-16","1,000.00","","2,66,29,154.60",
"23-Mar-16","CR818810304681/RMCPL17774/0","","28494892544","23-Mar-16","1,000.00","","2,66,28,154.60",
"23-Mar-16","CR818712100809/RMCPL17070/0","","28494870700","23-Mar-16","1,000.00","","2,66,27,154.60",
"23-Mar-16","CR818717165778/RMCPL18014/0","","28494896030","23-Mar-16","3,000.00","","2,66,24,154.60",
"23-Mar-16","CR818714126531/RMCPL26747/0","","28494883989","23-Mar-16","10,000.00","","2,66,14,154.60",
"23-Mar-16","CR819010789968/RMCPL23352/0","","28494884679","23-Mar-16","5,000.00","","2,66,09,154.60",
"23-Mar-16","CR819011807449/RMCPL15696/0","","28494943616","23-Mar-16","500","","2,66,08,654.60",
"23-Mar-16","CR819017920509/RMCPL11996/0","","28494941210","23-Mar-16","1,000.00","","2,66,07,654.60",
"23-Mar-16","CR819010797887/RMCPL22378/0","","28494919815","23-Mar-16","800","","2,66,06,854.60",
"23-Mar-16","CR819011807456/RMCPL15500/0","","28494865792","23-Mar-16","4,500.00","","2,66,02,354.60",
"24-Mar-16","CR819010789974/RMCPL26747/0","","28494953471","24-Mar-16","500","","2,66,01,854.60",
"24-Mar-16","CR819012824692/RMCPL20757/0","","28494915055","24-Mar-16","4,000.00","","2,65,97,854.60",
"24-Mar-16","CR818712095216/RMCPL26867/0","","28494867750","24-Mar-16","1,000.00","","2,65,96,854.60",
"24-Mar-16","CR818711076151/RMCPL18216/0","","28494921400","24-Mar-16","1,800.00","","2,65,95,054.60",
"24-Mar-16","CR818710049716/RMCPL20307/0","","28494972807","24-Mar-16","1,500.00","","2,65,93,554.60",
"24-Mar-16","MAW/502964XXXXXX7940/Karu","","28494915444","24-Mar-16","","1,600.00","2,65,95,154.60",
"24-Mar-16","MAW/502964XXXXXX7614/Karu","","28494904828","24-Mar-16","","1,600.00","2,65,96,754.60",
"24-Mar-16","MAW/502964XXXXXX6896/Karu","","28494972640","24-Mar-16","","1,600.00","2,65,98,354.60",
"24-Mar-16","TRF TO","Indiaforensic SERVICES I","28494860214","24-Mar-16","1,50,00,000.00","","1,15,98,354.60",
"24-Mar-16","TRF TO","Indiaforensic SERVICES I","28494918631","24-Mar-16","40,00,000.00","","75,98,354.60",
"25-Mar-16","AEPS INCOME DT 11-07-2018","","28494914992","25-Mar-16","","46,763.67","76,45,118.27",
"25-Mar-16","AEPS GST INC DT 11-07-201","","28494919595","25-Mar-16","","9,352.73","76,54,471.00",
"25-Mar-16","AEPS ACQ CR ADJ FEES 1107","","28494963749","25-Mar-16","293","","76,54,178.36",
"25-Mar-16","MAW/502964XXXXXX1963/NAGA","","28494925978","25-Mar-16","","700","76,54,878.36",
"25-Mar-16","TRF TO","Indiaforensic SERVICES I","28494975156","25-Mar-16","1,00,000.00","","75,54,878.36",
"25-Mar-16","Indiaforensic AEPS NPCI WDL SET","","28494974812","25-Mar-16","","1,74,35,700.00","2,49,90,578.36",
"25-Mar-16","CR819115163468/RMCPL21107/1","","28494931350","25-Mar-16","1,100.00","","2,49,89,478.36",
"25-Mar-16","CR819115163485/RMCPL15540/1","","28494910300","25-Mar-16","5,000.00","","2,49,84,478.36",
"25-Mar-16","CR819112110491/RMCPL22588/1","","28494876405","25-Mar-16","1,000.00","","2,49,83,478.36",
"25-Mar-16","CR819113123586/RMCPL23228/1","","28494940039","25-Mar-16","3,000.00","","2,49,80,478.36",
"26-Mar-16","CR819115156767/RMCPL12778/1","","28494934676","26-Mar-16","3,500.00","","2,49,76,978.36",
"26-Mar-16","CR819115156780/RMCPL18799/1","","28494871376","26-Mar-16","500","","2,49,76,478.36",
"26-Mar-16","CR819115156769/RMCPL22584/1","","28494957501","26-Mar-16","2,000.00","","2,49,74,478.36",
"26-Mar-16","CR819118214018/RMCPL09003/1","","28494892624","26-Mar-16","500","","2,49,73,978.36",
"26-Mar-16","CR819115160060/RMCPL11811/1","","28494865685","26-Mar-16","10,000.00","","2,49,63,978.36",
"26-Mar-16","CR819111087856/RMCPL09523/1","","28494934294","26-Mar-16","10,000.00","","2,49,53,978.36",
"26-Mar-16","CR819113123593/RMCPL11480/1","","28494872894","26-Mar-16","500","","2,49,53,478.36",
"26-Mar-16","CR819115160040/RMCPL11151/1","","28494947974","26-Mar-16","3,000.00","","2,49,50,478.36",
"26-Mar-16","CR819109062279/RMCPL19554/1","","28494876076","26-Mar-16","500","","2,49,49,978.36",
"26-Mar-16","CR819117183044/RMCPL17349/1","","28494954936","26-Mar-16","1,000.00","","2,49,48,978.36",
"26-Mar-16","CR819111094917/RMCPL17167/1","","28494931200","26-Mar-16","2,000.00","","2,49,46,978.36",
"26-Mar-16","CR819113124841/RMCPL17454/1","","28494886779","26-Mar-16","8,500.00","","2,49,38,478.36",
"26-Mar-16","CR819113124815/RMCPL18460/1","","28494954715","26-Mar-16","1,200.00","","2,49,37,278.36",
"26-Mar-16","CR819111094924/RMCPL17957/1","","28494894059","26-Mar-16","6,500.00","","2,49,30,778.36",
"26-Mar-16","CB817712550115/RMCPL25522/2","","28494860945","26-Mar-16","6,500.00","","2,49,24,278.36",
"26-Mar-16","CB817711530397/RMCPL19108/1","","28494963827","26-Mar-16","10,000.00","","2,49,14,278.36",
"26-Mar-16","CB817812811494/RMCPL18940/2","","28494906826","26-Mar-16","1,000.00","","2,49,13,278.36",
"26-Mar-16","TRF TO","Indiaforensic SERVICES I","28494878144","26-Mar-16","1,50,00,000.00","","99,13,278.36",
"26-Mar-16","TRF TO","Indiaforensic SERVICES I","28494874052","26-Mar-16","23,00,000.00","","76,13,278.36",
"26-Mar-16","MAW/502964XXXXXX7548/Karu","","28494900772","26-Mar-16","","2,000.00","76,15,278.36",
"26-Mar-16","MAW/502964XXXXXX8066/Karu","","28494921282","26-Mar-16","","2,000.00","76,17,278.36",
"26-Mar-16","AEPS INCOME DT 12-07-2018","","28494963825","26-Mar-16","","43,633.34","76,60,911.70",
"26-Mar-16","AEPS GST INC DT 12-07-201","","28494974783","26-Mar-16","","8,726.67","76,69,638.37",
"26-Mar-16","AEPS ACQUIRING ADJ FEES 1","","28494868301","26-Mar-16","9","","76,69,629.52",
"26-Mar-16","AEPS ACQ CR ADJ FEES 1207","","28494937764","26-Mar-16","202","","76,69,427.25",
"26-Mar-16","AEPS ACQ REP ADJ FEES 120","","28494860569","26-Mar-16","","14.75","76,69,442.00",
"26-Mar-16","MAW/502964XXXXXX8768/Karu","","28494910059","26-Mar-16","","1,600.00","76,71,042.00",
"26-Mar-16","MAW/502964XXXXXX0681/Karu","","28494944508","26-Mar-16","","1,600.00","76,72,642.00",
"26-Mar-16","MAW/502964XXXXXX4077/Karu","","28494873444","26-Mar-16","","1,600.00","76,74,242.00",
"26-Mar-16","Indiaforensic AEPS NPCI WDL SET","","28494967416","26-Mar-16","","1,91,93,300.00","2,68,67,542.00",
"26-Mar-16","Indiaforensic AEPS NPCI WDL SET","","28494872214","26-Mar-16","","1,69,14,600.00","4,37,82,142.00",
"26-Mar-16","Indiaforensic AEPS NPCI WDL SET","","28494904851","26-Mar-16","","1,16,09,400.00","5,53,91,542.00",
"26-Mar-16","MAW/502964XXXXXX6586/Karu","","28494938498","26-Mar-16","","1,700.00","5,53,93,242.00",
"26-Mar-16","MAW/502964XXXXXX3387/Karu","","28494929553","26-Mar-16","","1,700.00","5,53,94,942.00",
"26-Mar-16","MAW/502964XXXXXX6214/Karu","","28494896994","26-Mar-16","","1,700.00","5,53,96,642.00",
"26-Mar-16","TRF TO","Indiaforensic SERVICES I","28494900310","26-Mar-16","1,50,00,000.00","","4,03,96,642.00",
"26-Mar-16","TRF TO","Indiaforensic SERVICES I","28494869118","26-Mar-16","1,50,00,000.00","","2,53,96,642.00",
"26-Mar-16","TRF TO","Indiaforensic SERVICES I","28494898143","26-Mar-16","1,50,00,000.00","","1,03,96,642.00",
"26-Mar-16","TRF TO","Indiaforensic SERVICES I","28494915578","26-Mar-16","20,00,000.00","","83,96,642.00",
"26-Mar-16","MAW/502964XXXXXX1047/Karu","","28494913288","26-Mar-16","","1,700.00","83,98,342.00",
"26-Mar-16","MAW/502964XXXXXX1310/Karu","","28494932452","26-Mar-16","","1,700.00","84,00,042.00",
"26-Mar-16","MAW/502964XXXXXX5053/Karu","","28494918881","26-Mar-16","","1,700.00","84,01,742.00",
"26-Mar-16","MAW/502964XXXXXX7075/Karu","","28494951554","26-Mar-16","","1,700.00","84,03,442.00",
"26-Mar-16","MAW/502964XXXXXX5532/Karu","","28494861646","26-Mar-16","","1,700.00","84,05,142.00",
"26-Mar-16","MAW/502964XXXXXX3475/Karu","","28494964715","26-Mar-16","","1,700.00","84,06,842.00",
"26-Mar-16","MAW/502964XXXXXX8727/Karu","","28494919753","26-Mar-16","","1,700.00","84,08,542.00",
"26-Mar-16","MAW/502964XXXXXX8715/Karu","","28494931422","26-Mar-16","","1,700.00","84,10,242.00",
"26-Mar-16","MAW/502964XXXXXX8005/Karu","","28494916398","26-Mar-16","","1,700.00","84,11,942.00",
"26-Mar-16","MAW/502964XXXXXX7705/Karu","","28494930441","26-Mar-16","","1,700.00","84,13,642.00",
"26-Mar-16","MAW/502964XXXXXX8041/Karu","","28494904935","26-Mar-16","","1,700.00","84,15,342.00",
"26-Mar-16","AEPS INCOME DT 13-07-2018","","28494900001","26-Mar-16","","48,836.32","84,64,178.32",
"28-Mar-16","AEPS GST INC DT 13-07-201","","28494928321","28-Mar-16","","9,767.26","84,73,945.58",
"28-Mar-16","AEPS INCOME DT 14-07-2018","","28494892050","28-Mar-16","","44,515.60","85,18,461.18",
"28-Mar-16","AEPS GST INC DT 14-07-201","","28494961689","28-Mar-16","","8,903.12","85,27,364.30",
"28-Mar-16","AEPS INCOME DT 15-07-2018","","28494886217","28-Mar-16","","31,345.66","85,58,709.96",
"28-Mar-16","AEPS GST INC DT 15-07-201","","28494970700","28-Mar-16","","6,269.13","85,64,979.09",
"28-Mar-16","AEPS ACQUIRING ADJ FEES 1","","28494904625","28-Mar-16","18","","85,64,961.39",
"28-Mar-16","TRF TO","Indiaforensic SERVICES I","28494905040","28-Mar-16","8,00,000.00","","77,64,961.39",
"28-Mar-16","MAW/502964XXXXXX7484/Karu","","28494906939","28-Mar-16","","1,700.00","77,66,661.39",
"28-Mar-16","MAW/502964XXXXXX1797/Karu","","28494903338","28-Mar-16","","1,000.00","77,67,661.39",
"28-Mar-16","Indiaforensic AEPS NPCI WDL SET","","28494883152","28-Mar-16","","1,70,07,300.00","2,47,74,961.39",
"28-Mar-16","MAW/502964XXXXXX4420/Karu","","28494915080","28-Mar-16","","1,700.00","2,47,76,661.39",
"28-Mar-16","CB818910567761/RMCPL18971/0","","28494866544","28-Mar-16","10,000.00","","2,47,66,661.39",
"28-Mar-16","TRF TO","Indiaforensic SERVICES I","28494882577","28-Mar-16","1,50,00,000.00","","97,66,661.39",
"28-Mar-16","TRF TO","Indiaforensic SERVICES I","28494951490","28-Mar-16","22,00,000.00","","75,66,661.39",
"28-Mar-16","MAW/502964XXXXXX3285/Karu","","28494941755","28-Mar-16","","1,800.00","75,68,461.39",
"28-Mar-16","MAW/502964XXXXXX0600/Karu","","28494927441","28-Mar-16","","1,800.00","75,70,261.39",
"28-Mar-16","MAW/502964XXXXXX3780/Karu","","28494914701","28-Mar-16","","1,800.00","75,72,061.39",
"28-Mar-16","MAW/502964XXXXXX0872/Karu","","28494880481","28-Mar-16","","1,500.00","75,73,561.39",
"28-Mar-16","MAW/502964XXXXXX7106/Karu","","28494967090","28-Mar-16","","1,500.00","75,75,061.39",
"28-Mar-16","AEPS INCOME DT 16-07-2018","","28494920680","28-Mar-16","","44,746.70","76,19,808.09",
"28-Mar-16","AEPS GST INC DT 16-07-201","","28494967536","28-Mar-16","","8,949.34","76,28,757.43",
"28-Mar-16","AEPS ACQUIRING ADJ FEES 1","","28494910472","28-Mar-16","47","","76,28,710.23",
"28-Mar-16","AEPS ACQ REP ADJ FEES 160","","28494891171","28-Mar-16","","8.85","76,28,719.08",
"28-Mar-16","MAW/502964XXXXXX6739/Karu","","28494972639","28-Mar-16","","1,700.00","76,30,419.08",
"28-Mar-16","MAW/502964XXXXXX0731/Karu","","28494927120","28-Mar-16","","1,500.00","76,31,919.08",
"28-Mar-16","MAW/502964XXXXXX6389/Karu","","28494930032","28-Mar-16","","1,500.00","76,33,419.08",
"28-Mar-16","MAW/502964XXXXXX1195/Karu","","28494960609","28-Mar-16","","1,500.00","76,34,919.08",
"28-Mar-16","MAW/502964XXXXXX4640/Karu","","28494865760","28-Mar-16","","1,700.00","76,36,619.08",
"28-Mar-16","MAW/502964XXXXXX0192/Karu","","28494949839","28-Mar-16","","1,700.00","76,38,319.08",
"28-Mar-16","MAW/502964XXXXXX7622/Karu","","28494863947","28-Mar-16","","1,700.00","76,40,019.08",
"28-Mar-16","MAW/502964XXXXXX7721/Karu","","28494911063","28-Mar-16","","1,700.00","76,41,719.08",
"28-Mar-16","MAW/502964XXXXXX2057/Karu","","28494889084","28-Mar-16","","1,700.00","76,43,419.08",
"28-Mar-16","MAW/502964XXXXXX4274/Karu","","28494951386","28-Mar-16","","1,700.00","76,45,119.08",
"28-Mar-16","MAW/502964XXXXXX1054/Karu","","28494907947","28-Mar-16","","1,700.00","76,46,819.08",
"28-Mar-16","MAW/502964XXXXXX0617/Karu","","28494968409","28-Mar-16","","1,500.00","76,48,319.08",
"28-Mar-16","Indiaforensic AEPS NPCI WDL SET","","28494863994","28-Mar-16","","1,84,09,200.00","2,60,57,519.08",
"28-Mar-16","MAW/502964XXXXXX4828/Karu","","28494934980","28-Mar-16","","1,700.00","2,60,59,219.08",
"28-Mar-16","MAW/502964XXXXXX3533/Karu","","28494887943","28-Mar-16","","1,700.00","2,60,60,919.08",
"28-Mar-16","MAW/502964XXXXXX7564/Karu","","28494963816","28-Mar-16","","1,700.00","2,60,62,619.08",
"28-Mar-16","MAW/502964XXXXXX3989/Karu","","28494906261","28-Mar-16","","1,500.00","2,60,64,119.08",
"28-Mar-16","MAW/502964XXXXXX9721/NAGA","","28494925577","28-Mar-16","","1,800.00","2,60,65,919.08",
"28-Mar-16","TRF TO","Indiaforensic SERVICES I","28494937330","28-Mar-16","1,50,00,000.00","","1,10,65,919.08",
"28-Mar-16","TRF TO","Indiaforensic SERVICES I","28494958749","28-Mar-16","35,00,000.00","","75,65,919.08",
"28-Mar-16","AEPS INCOME DT 17-07-2018","","28494942090","28-Mar-16","","49,534.89","76,15,453.97",
"28-Mar-16","AEPS GST INC DT 17-07-201","","28494954727","28-Mar-16","","9,906.98","76,25,360.95",
"28-Mar-16","AEPS ACQUIRING ADJ FEES 1","","28494876124","28-Mar-16","12","","76,25,349.15",
"28-Mar-16","AEPS ACQ REP ADJ FEES 170","","28494911176","28-Mar-16","","64.9","76,25,414.05",
"28-Mar-16","MAW/502964XXXXXX9008/Karu","","28494940039","28-Mar-16","","1,700.00","76,27,114.05",
"28-Mar-16","MAW/502964XXXXXX0487/Karu","","28494962082","28-Mar-16","","1,700.00","76,28,814.05",
"28-Mar-16","MAW/502964XXXXXX9802/Karu","","28494928300","28-Mar-16","","1,700.00","76,30,514.05",
"28-Mar-16","MAW/502964XXXXXX5596/Karu","","28494862510","28-Mar-16","","1,700.00","76,32,214.05",
"28-Mar-16","Indiaforensic AEPS NPCI WDL SET","","28494874055","28-Mar-16","","2,07,14,779.00","2,83,46,993.05",
"28-Mar-16","MAW/502964XXXXXX8799/Karu","","28494881204","28-Mar-16","","1,500.00","2,83,48,493.05",
"28-Mar-16","MAW/502964XXXXXX4977/Karu","","28494968446","28-Mar-16","","1,500.00","2,83,49,993.05",
"28-Mar-16","MAW/502964XXXXXX8939/Karu","","28494934242","28-Mar-16","","1,600.00","2,83,51,593.05",
"28-Mar-16","MAW/502964XXXXXX3400/Karu","","28494886244","28-Mar-16","","1,600.00","2,83,53,193.05",
"28-Mar-16","MAW/502964XXXXXX4094/Karu","","28494944149","28-Mar-16","","1,700.00","2,83,54,893.05",
"28-Mar-16","MAW/502964XXXXXX4177/Karu","","28494900116","28-Mar-16","","1,700.00","2,83,56,593.05",
"28-Mar-16","MAW/502964XXXXXX2847/Karu","","28494860087","28-Mar-16","","1,700.00","2,83,58,293.05",
"28-Mar-16","MAW/502964XXXXXX2336/Karu","","28494958983","28-Mar-16","","1,700.00","2,83,59,993.05",
"28-Mar-16","MAW/502964XXXXXX5727/Karu","","28494940452","28-Mar-16","","1,700.00","2,83,61,693.05",
"28-Mar-16","TRF TO","Indiaforensic SERVICES I","28494882850","28-Mar-16","1,50,00,000.00","","1,33,61,693.05",
"28-Mar-16","TRF TO","Indiaforensic SERVICES I","28494932810","28-Mar-16","58,00,000.00","","75,61,693.05",
"28-Mar-16","CB819212371057/RMCPL12343/1","","28494957270","28-Mar-16","2,000.00","","75,59,693.05",
"28-Mar-16","TRF FROM","Indiaforensic SERVICES","28494972599","28-Mar-16","","24,00,000.00","99,59,693.05",
"28-Mar-16","AEPS INCOME DT 18-07-2018","","28494864421","28-Mar-16","","49,165.27","1,00,08,858.32",
"28-Mar-16","AEPS GST INC DT 18-07-201","","28494952370","28-Mar-16","","9,833.05","1,00,18,691.37",
"28-Mar-16","AEPS ACQUIRING ADJ FEES 1","","28494881321","28-Mar-16","103","","1,00,18,588.71",
"28-Mar-16","TRF FROM","Indiaforensic SERVICES","28494910008","28-Mar-16","","1,00,000.00","1,01,18,588.71",
"28-Mar-16","Indiaforensic AEPS NPCI WDL SET","","28494885541","28-Mar-16","","1,82,16,700.00","2,83,35,288.71",
"28-Mar-16","Indiaforensic AEPS NPCI WDL SET","","28494915785","28-Mar-16","2,07,14,779.00","","76,20,509.71",
"28-Mar-16","MAW/502964XXXXXX3027/Karu","","28494950750","28-Mar-16","","1,800.00","76,22,309.71",
"28-Mar-16","MAW/502964XXXXXX8058/Karu","","28494902536","28-Mar-16","","1,700.00","76,24,009.71",
"28-Mar-16","MAW/502964XXXXXX7499/Karu","","28494973378","28-Mar-16","","1,800.00","76,25,809.71",
"28-Mar-16","MAW/502964XXXXXX8784/Karu","","28494904954","28-Mar-16","","1,800.00","76,27,609.71",
"28-Mar-16","MAW/502964XXXXXX8146/Karu","","28494901065","28-Mar-16","","1,800.00","76,29,409.71",
"28-Mar-16","MAW/502964XXXXXX4799/Karu","","28494913986","28-Mar-16","","1,700.00","76,31,109.71",
"28-Mar-16","MAW/502964XXXXXX0932/Karu","","28494871384","28-Mar-16","","1,700.00","76,32,809.71",
"28-Mar-16","MAW/502964XXXXXX5046/Karu","","28494870620","28-Mar-16","","1,700.00","76,34,509.71",
"28-Mar-16","MAW/502964XXXXXX0924/Karu","","28494974280","28-Mar-16","","1,700.00","76,36,209.71",
"28-Mar-16","Indiaforensic AEPS NPCI WDL SET","","28494957726","28-Mar-16","","1,53,27,400.00","2,29,63,609.71",
"28-Mar-16","MAW/502964XXXXXX3657/Karu","","28494913094","28-Mar-16","","1,700.00","2,29,65,309.71",
"28-Mar-16","CR819510057075/RMCPL09726/1","","28494944807","28-Mar-16","500","","2,29,64,809.71",
"28-Mar-16","CR819512093323/RMCPL23438/1","","28494956243","28-Mar-16","10,000.00","","2,29,54,809.71",
"28-Mar-16","CR819512093335/RMCPL14829/1","","28494862431","28-Mar-16","1,000.00","","2,29,53,809.71",
"28-Mar-16","CR819409814638/RMCPL26284/1","","28494952374","28-Mar-16","6,500.00","","2,29,47,309.71",
"28-Mar-16","CR819410830329/RMCPL27513/1","28494958188","28-Mar-16","4,000.00","","2,29,43,309.71",
"28-Mar-16","CR819410830344/RMCPL25071/1","28494959774","28-Mar-16","7,100.00","","2,29,36,209.71",
"28-Mar-16","CR819412852130/RMCPL26215/1","28494926606","28-Mar-16","1,000.00","","2,29,35,209.71",
"28-Mar-16","CR819412859792/RMCPL16684/1","28494922274","28-Mar-16","3,000.00","","2,29,32,209.71",
"28-Mar-16","CR819408798450/RMCPL25277/1","28494866718","28-Mar-16","3,700.00","","2,29,28,509.71",
"28-Mar-16","CR819408798465/RMCPL24836/1","28494899046","28-Mar-16","2,500.00","","2,29,26,009.71",
"28-Mar-16","CR819410830328/RMCPL18734/1","28494939733","28-Mar-16","1,500.00","","2,29,24,509.71",
"28-Mar-16","CR819414882749/RMCPL18017/1","28494894118","28-Mar-16","2,000.00","","2,29,22,509.71",
"28-Mar-16","CR819413875089/RMCPL11151/1","28494930201","28-Mar-16","500","","2,29,22,009.71",
"28-Mar-16","CR819311603821/RMCPL25729/1","28494860326","28-Mar-16","600","","2,29,21,409.71",
"28-Mar-16","CR819310587519/RMCPL11613/1","28494968357","28-Mar-16","5,000.00","","2,29,16,409.71",
"28-Mar-16","CR819311595569/RMCPL09211/1","28494933674","28-Mar-16","10,000.00","","2,29,06,409.71",
"28-Mar-16","CR819314649580/RMCPL23084/1","28494944921","28-Mar-16","1,000.00","","2,29,05,409.71",
"28-Mar-16","CR819311603822/RMCPL14751/1","28494970540","28-Mar-16","1,000.00","","2,29,04,409.71",
"28-Mar-16","CR819314649584/RMCPL20628/1","28494937142","28-Mar-16","1,000.00","","2,29,03,409.71",
"28-Mar-16","CR819312619019/RMCPL23821/1","28494910258","28-Mar-16","500","","2,29,02,909.71",
"28-Mar-16","CR819718578875/RMCPL20628/1","28494918099","28-Mar-16","1,000.00","","2,29,01,909.71",
"28-Mar-16","CR819710457151/RMCPL25095/1","28494906569","28-Mar-16","2,000.00","","2,28,99,909.71",
"28-Mar-16","CR819714518258/RMCPL26865/1","28494886147","28-Mar-16","1,000.00","","2,28,98,909.71",
"28-Mar-16","CR819716554288/RMCPL23126/1","28494913362","28-Mar-16","2,500.00","","2,28,96,409.71",
"28-Mar-16","CR819716547677/RMCPL24790/1","28494868425","28-Mar-16","10,000.00","","2,28,86,409.71",
"28-Mar-16","CR819710457158/RMCPL19712/1","28494897950","28-Mar-16","5,000.00","","2,28,81,409.71",
"28-Mar-16","CR819710457138/RMCPL19469/1","28494914323","28-Mar-16","2,000.00","","2,28,79,409.71",
"28-Mar-16","CR819712485995/RMCPL18298/1","28494946750","28-Mar-16","500","","2,28,78,909.71",
"28-Mar-16","CR819714518249/RMCPL21642/1","28494963695","28-Mar-16","2,000.00","","2,28,76,909.71",
"28-Mar-16","CR819715534653/RMCPL22303/1","28494964509","28-Mar-16","500","","2,28,76,409.71",
"28-Mar-16","CR819712494589/RMCPL18519/1","28494974973","28-Mar-16","1,200.00","","2,28,75,209.71",
"28-Mar-16","CR819717566389/RMCPL24959/1","28494950367","28-Mar-16","2,300.00","","2,28,72,909.71",
"28-Mar-16","CR819717572444/RMCPL14098/1","28494920122","28-Mar-16","10,000.00","","2,28,62,909.71",
"28-Mar-16","CR819713509728/RMCPL19766/1","28494916002","28-Mar-16","1,000.00","","2,28,61,909.71",
"28-Mar-16","CR819713509727/RMCPL11862/1","28494885519","28-Mar-16","3,500.00","","2,28,58,409.71",
"28-Mar-16","CR819713509725/RMCPL22180/1","28494966518","28-Mar-16","7,100.00","","2,28,51,309.71",
"28-Mar-16","CR819716547672/RMCPL19819/1","28494909731","28-Mar-16","1,000.00","","2,28,50,309.71",
"29-Mar-16","CR819712486732/RMCPL24694/1","28494935488","29-Mar-16","500","","2,28,49,809.71",
"29-Mar-16","CR819711479665/RMCPL09588/1","28494904070","29-Mar-16","5,000.00","","2,28,44,809.71",
"29-Mar-16","CR819712485939/RMCPL22963/1","28494883843","29-Mar-16","2,000.00","","2,28,42,809.71",
"29-Mar-16","CR819712485906/RMCPL03659/1","28494937724","29-Mar-16","2,000.00","","2,28,40,809.71",
"29-Mar-16","CR819718593662/RMCPL20869/1","28494965890","29-Mar-16","5,000.00","","2,28,35,809.71",
"29-Mar-16","CR819711479657/RMCPL20773/1","28494923451","29-Mar-16","1,800.00","","2,28,34,009.71",
"29-Mar-16","CR819713501886/RMCPL21354/1","28494890575","29-Mar-16","1,500.00","","2,28,32,509.71",
"29-Mar-16","CR819711479670/RMCPL17957/1","28494889654","29-Mar-16","3,000.00","","2,28,29,509.71",
"29-Mar-16","CR819213393965/RMCPL24568/1","28494865644","29-Mar-16","2,000.00","","2,28,27,509.71",
"29-Mar-16","CR819213393949/RMCPL16075/1","28494881262","29-Mar-16","2,000.00","","2,28,25,509.71",
"29-Mar-16","CR819216423774/RMCPL22522/1","28494938185","29-Mar-16","5,000.00","","2,28,20,509.71",
"29-Mar-16","CR819212371097/RMCPL11784/1","28494900862","29-Mar-16","1,000.00","","2,28,19,509.71",
"29-Mar-16","CR819216423768/RMCPL17349/1","28494864204","29-Mar-16","500","","2,28,19,009.71",
"29-Mar-16","CR819209325209/RMCPL15464/1","28494944059","29-Mar-16","4,000.00","","2,28,15,009.71",
"29-Mar-16","CR819212371071/RMCPL16457/1","28494898116","29-Mar-16","2,500.00","","2,28,12,509.71",
"29-Mar-16","MAW/502964XXXXXX0044/Karu","28494897389","29-Mar-16","","1,600.00","2,28,14,109.71",
"29-Mar-16","MAW/502964XXXXXX0077/Karu","28494895377","29-Mar-16","","1,600.00","2,28,15,709.71",
"29-Mar-16","MAW/502964XXXXXX8760/Karu","","28494925558","29-Mar-16","","1,600.00","2,28,17,309.71",
"29-Mar-16","MAW/502964XXXXXX3988/Karu","","28494932455","29-Mar-16","","1,600.00","2,28,18,909.71",
"29-Mar-16","TRF TO","Indiaforensic SERVICES I","28494872052","29-Mar-16","40,00,000.00","","1,88,18,909.71",
"29-Mar-16","TRF TO","Indiaforensic SERVICES I","28494880145","29-Mar-16","30,00,000.00","","1,58,18,909.71",
"29-Mar-16","TRF TO","Indiaforensic SERVICES I","28494859796","29-Mar-16","30,00,000.00","","1,28,18,909.71",
"29-Mar-16","TRF TO","Indiaforensic SERVICES I","28494912058","29-Mar-16","30,00,000.00","","98,18,909.71",
"29-Mar-16","TRF TO","Indiaforensic SERVICES I","28494862894","29-Mar-16","20,00,000.00","","78,18,909.71",
"29-Mar-16","MAW/502964XXXXXX7502/Akol","","28494866374","29-Mar-16","","500","78,19,409.71",
"29-Mar-16","AEPS INCOME DT 19-07-2018","","28494907016","29-Mar-16","","40,441.88","78,59,851.59",
"29-Mar-16","AEPS GST INC DT 19-07-201","","28494885239","29-Mar-16","","8,088.38","78,67,939.97",
"29-Mar-16","AEPS ACQ CR ADJ FEES 1907","","28494948307","29-Mar-16","589","","78,67,350.56",
"29-Mar-16","MAW/502964XXXXXX8138/Karu","","28494867091","29-Mar-16","","1,700.00","78,69,050.56",
"29-Mar-16","MAW/502964XXXXXX6797/Karu","","28494885983","29-Mar-16","","1,600.00","78,70,650.56",
"29-Mar-16","MAW/502964XXXXXX2325/Karu","","28494947290","29-Mar-16","","1,600.00","78,72,250.56",
"29-Mar-16","MAW/502964XXXXXX2473/Karu","","28494975534","29-Mar-16","","1,600.00","78,73,850.56",
"29-Mar-16","MAW/502964XXXXXX2355/Karu","","28494943334","29-Mar-16","","1,700.00","78,75,550.56",
"29-Mar-16","MAW/502964XXXXXX6461/Karu","","28494971763","29-Mar-16","","1,500.00","78,77,050.56",
"29-Mar-16","MAW/502964XXXXXX8776/Karu","","28494887080","29-Mar-16","","1,700.00","78,78,750.56",
"29-Mar-16","Indiaforensic AEPS NPCI WDL SET","","28494959645","29-Mar-16","","1,67,02,700.00","2,45,81,450.56",
"29-Mar-16","MAW/502964XXXXXX4085/Karu","","28494867725","29-Mar-16","","1,700.00","2,45,83,150.56",
"29-Mar-16","MAW/502964XXXXXX4097/Karu","","28494906910","29-Mar-16","","1,600.00","2,45,84,750.56",
"29-Mar-16","MAW/502964XXXXXX0815/Akol","","28494967161","29-Mar-16","","900","2,45,85,650.56",
"29-Mar-16","TRF TO","Indiaforensic SERVICES I","28494941200","29-Mar-16","20,00,000.00","","2,25,85,650.56",
"29-Mar-16","","bank settlement","0","29-Mar-16","878","","2,25,84,772.56",
"29-Mar-16","AEPS INCOME DT 20-07-2018","","28494886721","29-Mar-16","","44,006.50","2,26,28,779.06",
"29-Mar-16","AEPS GST INC DT 20-07-201","","28494884102","29-Mar-16","","8,801.30","2,26,37,580.36",
"29-Mar-16","MAW/502964XXXXXX1956/Karu","","28494873451","29-Mar-16","","1,700.00","2,26,39,280.36",
"29-Mar-16","MAW/502964XXXXXX7940/Karu","","28494900531","29-Mar-16","","1,600.00","2,26,40,880.36",
"29-Mar-16","MAW/502964XXXXXX5620/Karu","","28494932561","29-Mar-16","","1,000.00","2,26,41,880.36",
"29-Mar-16","MAW/502964XXXXXX4185/Karu","","28494909020","29-Mar-16","","1,800.00","2,26,43,680.36",
"29-Mar-16","Indiaforensic AEPS NPCI WDL SET","","28494879823","29-Mar-16","","1,27,44,100.00","3,53,87,780.36",
"29-Mar-16","Indiaforensic AEPS NPCI WDL SET","","28494948804","29-Mar-16","","94,62,300.00","4,48,50,080.36",
"29-Mar-16","MAW/502964XXXXXX7382/Karu","","28494961811","29-Mar-16","","1,700.00","4,48,51,780.36",
"29-Mar-16","MAW/502964XXXXXX4793/Karu","","28494875643","29-Mar-16","","1,600.00","4,48,53,380.36",
"29-Mar-16","MAW/502964XXXXXX3574/Karu","","28494911569","29-Mar-16","","1,700.00","4,48,55,080.36",
"29-Mar-16","TRF TO","Indiaforensic SERVICES I","28494885023","29-Mar-16","1,50,00,000.00","","2,98,55,080.36",
"29-Mar-16","TRF TO","Indiaforensic SERVICES I","28494900753","29-Mar-16","73,00,000.00","","2,25,55,080.36",
"29-Mar-16","MAW/502964XXXXXX4620/Karu","","28494892824","29-Mar-16","","1,600.00","2,25,56,680.36",
"29-Mar-16","AEPS INCOME DT 21-07-2018","","28494921162","29-Mar-16","","33,659.80","2,25,90,340.16",
"29-Mar-16","AEPS GST INC DT 21-07-201","","28494937927","29-Mar-16","","6,731.96","2,25,97,072.12",
"29-Mar-16","AEPS INCOME DT 22-07-2018","","28494860032","29-Mar-16","","25,988.38","2,26,23,060.50",
"29-Mar-16","AEPS GST INC DT 22-07-201","","28494888671","29-Mar-16","","5,197.68","2,26,28,258.18",
"29-Mar-16","AEPS ACQUIRING ADJ FEES 2","","28494923320","29-Mar-16","10","","2,26,28,248.15",
"29-Mar-16","AEPS ACQ REP ADJ FEES 210","","28494942012","29-Mar-16","","38.35","2,26,28,286.50",
"29-Mar-16","MAW/502964XXXXXX1253/Cudd","","28494948763","29-Mar-16","","1,000.00","2,26,29,286.50",
"29-Mar-16","MAW/502964XXXXXX7755/Karu","","28494886040","29-Mar-16","","1,400.00","2,26,30,686.50",
"29-Mar-16","MAW/502964XXXXXX8707/Karu","","28494881487","29-Mar-16","","1,600.00","2,26,32,286.50",
"29-Mar-16","MAW/502964XXXXXX0398/Karu","","28494973923","29-Mar-16","","1,600.00","2,26,33,886.50",
"29-Mar-16","Indiaforensic AEPS NPCI WDL SET","","28494946981","29-Mar-16","","1,64,37,300.00","3,90,71,186.50",
"29-Mar-16","CB819415898854/RMCPL24383/1","","28494899622","29-Mar-16","2,900.00","","3,90,68,286.50",
"29-Mar-16","CB819211357541/RMCPL24646/1","","28494969484","29-Mar-16","6,500.00","","3,90,61,786.50",
"29-Mar-16","CB819311603799/RMCPL16763/1","","28494895819","29-Mar-16","2,000.00","","3,90,59,786.50",
"29-Mar-16","CB819418937654/RMCPL03043/1","","28494916697","29-Mar-16","10,000.00","","3,90,49,786.50",
"29-Mar-16","MAW/502964XXXXXX4740/Karu","","28494916380","29-Mar-16","","1,600.00","3,90,51,386.50",
"29-Mar-16","TRF TO","Indiaforensic SERVICES I","28494871511","29-Mar-16","1,50,00,000.00","","2,40,51,386.50",
"29-Mar-16","TRF TO","Indiaforensic SERVICES I","28494973072","29-Mar-16","10,00,000.00","","2,30,51,386.50",
"29-Mar-16","TRF TO","Indiaforensic SERVICES I","28494897820","29-Mar-16","5,00,000.00","","2,25,51,386.50",
"29-Mar-16","MAW/502964XXXXXX6016/Akol","","28494930327","29-Mar-16","","1,200.00","2,25,52,586.50",
"29-Mar-16","AEPS INCOME DT 23-07-2018","","28494912926","29-Mar-16","","42,863.77","2,25,95,450.27",
"29-Mar-16","AEPS GST INC DT 23-07-201","","28494920039","29-Mar-16","","8,572.75","2,26,04,023.02",
"29-Mar-16","MAW/502964XXXXXX8905/Karu","","28494881336","29-Mar-16","","1,700.00","2,26,05,723.02",
"29-Mar-16","MAW/502964XXXXXX8560/Karu","","28494943245","29-Mar-16","","1,700.00","2,26,07,423.02",
"29-Mar-16","MAW/502964XXXXXX0532/Karu","","28494897859","29-Mar-16","","1,900.00","2,26,09,323.02",
"29-Mar-16","MAW/502964XXXXXX4234/Karu","","28494883037","29-Mar-16","","1,800.00","2,26,11,123.02",
"29-Mar-16","Indiaforensic AEPS NPCI WDL SET","","28494918114","29-Mar-16","","1,62,27,500.00","3,88,38,623.02",
"29-Mar-16","CB819814785772/RMCPL12343/1","","28494940380","29-Mar-16","1,000.00","","3,88,37,623.02",
"29-Mar-16","CB819819868826/RMCPL12522/1","","28494957044","29-Mar-16","700","","3,88,36,923.02",
"29-Mar-16","TRF TO","Indiaforensic SERVICES I","28494892615","29-Mar-16","1,50,00,000.00","","2,38,36,923.02",
"29-Mar-16","MAW/502964XXXXXX1898/NAGA","","28494909713","29-Mar-16","","300","2,38,37,223.02",
"29-Mar-16","MAW/502964XXXXXX9772/Cudd","","28494908709","29-Mar-16","","2,500.00","2,38,39,723.02",
"29-Mar-16","TRF TO","Indiaforensic SERVICES I","28494891195","29-Mar-16","13,00,000.00","","2,25,39,723.02",
"29-Mar-16","AEPS INCOME DT 24-07-2018","","28494871948","29-Mar-16","","41,884.37","2,25,81,607.39",
"29-Mar-16","AEPS GST INC DT 24-07-201","","28494860183","29-Mar-16","","8,376.87","2,25,89,984.26",
"29-Mar-16","AEPS ACQUIRING ADJ FEES 2","","28494878137","29-Mar-16","65","","2,25,89,919.36",
"29-Mar-16","MAW/502964XXXXXX6771/Karu","","28494906123","29-Mar-16","","1,600.00","2,25,91,519.36",
"29-Mar-16","MAW/502964XXXXXX0886/Karu","","28494962056","29-Mar-16","","1,600.00","2,25,93,119.36",
"30-Mar-16","MAW/502964XXXXXX7333/Karu","","28494877763","30-Mar-16","","1,600.00","2,25,94,719.36",
"30-Mar-16","MAW/502964XXXXXX1420/Karu","","28494938100","30-Mar-16","","1,600.00","2,25,96,319.36",
"30-Mar-16","MAW/502964XXXXXX2221/Karu","","28494954621","30-Mar-16","","1,600.00","2,25,97,919.36",
"30-Mar-16","MAW/502964XXXXXX3626/Karu","","28494950001","30-Mar-16","","1,600.00","2,25,99,519.36",
"30-Mar-16","MAW/502964XXXXXX0404/Karu","","28494889325","30-Mar-16","","1,600.00","2,26,01,119.36",
"30-Mar-16","MAW/502964XXXXXX7114/Karu","","28494953834","30-Mar-16","","1,600.00","2,26,02,719.36",
"30-Mar-16","MAW/502964XXXXXX3741/Karu","","28494946196","30-Mar-16","","1,500.00","2,26,04,219.36",
"30-Mar-16","MAW/502964XXXXXX0931/Karu","","28494903479","30-Mar-16","","1,500.00","2,26,05,719.36",
"30-Mar-16","MAW/502964XXXXXX5678/Karu","","28494883215","30-Mar-16","","1,600.00","2,26,07,319.36",
"30-Mar-16","MAW/502964XXXXXX5780/Karu","","28494876969","30-Mar-16","","1,500.00","2,26,08,819.36",
"30-Mar-16","MAW/502964XXXXXX1669/Karu","","28494887742","30-Mar-16","","1,500.00","2,26,10,319.36",
"30-Mar-16","MAW/502964XXXXXX0226/Karu","","28494886466","30-Mar-16","","1,600.00","2,26,11,919.36",
"30-Mar-16","MAW/502964XXXXXX5619/Karu","","28494974316","30-Mar-16","","1,600.00","2,26,13,519.36",
"30-Mar-16","MAW/502964XXXXXX1544/Karu","","28494913029","30-Mar-16","","1,500.00","2,26,15,019.36",
"30-Mar-16","MAW/502964XXXXXX8345/Karu","","28494887412","30-Mar-16","","1,600.00","2,26,16,619.36",
"30-Mar-16","MAW/502964XXXXXX3641/Karu","","28494961072","30-Mar-16","","1,500.00","2,26,18,119.36",
"30-Mar-16","MAW/502964XXXXXX2539/Karu","","28494931905","30-Mar-16","","1,600.00","2,26,19,719.36",
"30-Mar-16","Indiaforensic AEPS NPCI WDL SET","","28494883238","30-Mar-16","","1,48,91,800.00","3,75,11,519.36",
"30-Mar-16","MAW/502964XXXXXX3058/Karu","","28494900993","30-Mar-16","","1,600.00","3,75,13,119.36",
"30-Mar-16","MAW/502964XXXXXX1160/Karu","","28494927846","30-Mar-16","","1,700.00","3,75,14,819.36",
"30-Mar-16","MAW/502964XXXXXX1728/Karu","","28494945231","30-Mar-16","","1,500.00","3,75,16,319.36",
"30-Mar-16","MAW/502964XXXXXX5815/Karu","","28494953518","30-Mar-16","","1,600.00","3,75,17,919.36",
"30-Mar-16","TRF TO","Indiaforensic SERVICES I","28494873135","30-Mar-16","1,49,00,000.00","","2,26,17,919.36",
"30-Mar-16","MAW/502964XXXXXX3649/Karu","","28494952274","30-Mar-16","","1,600.00","2,26,19,519.36",
"30-Mar-16","MAW/502964XXXXXX2994/Pand","28494906067","30-Mar-16","","2,800.00","2,26,22,319.36",
"30-Mar-16","MAW/502964XXXXXX6318/Pand","28494926374","30-Mar-16","","2,000.00","2,26,24,319.36",
"30-Mar-16","AEPS INCOME DT 25-07-2018","28494865764","30-Mar-16","","37,667.20","2,26,61,986.56",
"30-Mar-16","AEPS GST INC DT 25-07-201","28494937836","30-Mar-16","","7,533.44","2,26,69,520.00",
"30-Mar-16","AEPS ACQUIRING ADJ FEES 2","28494959735","30-Mar-16","6","","2,26,69,514.10",
"30-Mar-16","CB817812820575/RMCPL24646/2","28494954777","30-Mar-16","5,000.00","","2,26,64,514.10",
"30-Mar-16","CB820109485569/RMCPL17015/2","28494892567","30-Mar-16","2,000.00","","2,26,62,514.10",
"30-Mar-16","CB819910976249/RMCPL21990/1","28494879522","30-Mar-16","500","","2,26,62,014.10",
"30-Mar-16","CB819918110598/RMCPL18940/1","28494898071","30-Mar-16","500","","2,26,61,514.10",
"30-Mar-16","MAW/502964XXXXXX4158/Karu","28494916328","30-Mar-16","","1,600.00","2,26,63,114.10",
"30-Mar-16","MAW/502964XXXXXX8723/Karu","28494959479","30-Mar-16","","1,700.00","2,26,64,814.10",
"30-Mar-16","MAW/502964XXXXXX3402/Pand","28494974129","30-Mar-16","","500","2,26,65,314.10",
"30-Mar-16","Indiaforensic AEPS NPCI WDL SET","28494925153","30-Mar-16","","1,42,54,200.00","3,69,19,514.10",
"30-Mar-16","MAW/502964XXXXXX2937/Karu","28494947569","30-Mar-16","","1,900.00","3,69,21,414.10",
"30-Mar-16","CR819917092607/RMCPL15334/1","28494924967","30-Mar-16","5,000.00","","3,69,16,414.10",
"30-Mar-16","CR819912021310/RMCPL18408/1","28494867271","30-Mar-16","10,000.00","","3,69,06,414.10",
"30-Mar-16","CR819912023938/RMCPL11949/1","28494870441","30-Mar-16","600","","3,69,05,814.10",
"30-Mar-16","CR819917098353/RMCPL22994/1","28494974638","30-Mar-16","4,000.00","","3,69,01,814.10",
"30-Mar-16","CR819911007740/RMCPL00154/1","28494911524","30-Mar-16","2,000.00","","3,68,99,814.10",
"30-Mar-16","CR819912021309/RMCPL11764/1","28494896809","30-Mar-16","1,000.00","","3,68,98,814.10",
"30-Mar-16","CR819912021212/RMCPL24338/1","28494922885","30-Mar-16","10,000.00","","3,68,88,814.10",
"30-Mar-16","CR819911000456/RMCPL22523/1","28494924746","30-Mar-16","2,500.00","","3,68,86,314.10",
"30-Mar-16","CR819916085930/RMCPL23181/1","28494893619","30-Mar-16","500","","3,68,85,814.10",
"30-Mar-16","CR819912027846/RMCPL12052/1","28494901876","30-Mar-16","500","","3,68,85,314.10",
"30-Mar-16","CR819919141332/RMCPL26914/1","28494872685","30-Mar-16","1,000.00","","3,68,84,314.10",
"30-Mar-16","CR819809690007/RMCPL25253/1","28494865943","30-Mar-16","2,000.00","","3,68,82,314.10",
"30-Mar-16","CR820011264548/RMCPL25245/1","28494906874","30-Mar-16","500","","3,68,81,814.10",
"30-Mar-16","CR819917104584/RMCPL24821/1","28494949815","30-Mar-16","3,000.00","","3,68,78,814.10",
"30-Mar-16","CR820018376246/RMCPL24794/1","28494880334","30-Mar-16","3,000.00","","3,68,75,814.10",
"30-Mar-16","CR819909957303/RMCPL24589/1","28494928578","30-Mar-16","2,000.00","","3,68,73,814.10",
"30-Mar-16","CR819909957301/RMCPL24302/1","28494953755","30-Mar-16","1,400.00","","3,68,72,414.10",
"30-Mar-16","CR819813764444/RMCPL23898/1","28494900018","30-Mar-16","2,000.00","","3,68,70,414.10",
"30-Mar-16","CR819819868804/RMCPL23305/1","28494954880","30-Mar-16","1,000.00","","3,68,69,414.10",
"30-Mar-16","CR820011264539/RMCPL22461/1","28494892897","30-Mar-16","1,000.00","","3,68,68,414.10",
"30-Mar-16","CR819817827428/RMCPL22427/1","28494873355","30-Mar-16","10,000.00","","3,68,58,414.10",
"30-Mar-16","CR820112542092/RMCPL21598/2","28494944653","30-Mar-16","1,000.00","","3,68,57,414.10",
"30-Mar-16","CR819810712087/RMCPL20826/1","28494960588","30-Mar-16","5,000.00","","3,68,52,414.10",
"30-Mar-16","CR820010249908/RMCPL20736/1","28494889049","30-Mar-16","1,700.00","","3,68,50,714.10",
"30-Mar-16","CR819918110644/RMCPL19898/1","28494934839","30-Mar-16","2,000.00","","3,68,48,714.10",
"30-Mar-16","CR819918116966/RMCPL19748/1","28494869070","30-Mar-16","1,000.00","","3,68,47,714.10",
"30-Mar-16","CR819817827434/RMCPL19235/1","28494929998","30-Mar-16","800","","3,68,46,914.10",
"30-Mar-16","CR819816820592/RMCPL18651/1","28494911811","30-Mar-16","2,100.00","","3,68,44,814.10",
"30-Mar-16","CR820110511833/RMCPL17906/2","28494965260","30-Mar-16","2,000.00","","3,68,42,814.10",
"30-Mar-16","CR819811738541/RMCPL17454/1","28494935271","30-Mar-16","10,000.00","","3,68,32,814.10",
"30-Mar-16","CR820017355598/RMCPL16996/1","28494881262","30-Mar-16","500","","3,68,32,314.10",
"30-Mar-16","CR819817835126/RMCPL16659/1","28494914921","30-Mar-16","1,500.00","","3,68,30,814.10",
"30-Mar-16","CR819813764458/RMCPL16314/1","28494918909","30-Mar-16","5,000.00","","3,68,25,814.10",
"30-Mar-16","CR819816820588/RMCPL15326/1","28494903104","30-Mar-16","2,000.00","","3,68,23,814.10",
"30-Mar-16","CR819818851513/RMCPL15233/1","28494910328","30-Mar-16","2,500.00","","3,68,21,314.10",
"30-Mar-16","CR819816820600/RMCPL14354/1","28494968695","30-Mar-16","4,000.00","","3,68,17,314.10",
"30-Mar-16","CR819813771396/RMCPL13026/1","28494889457","30-Mar-16","1,000.00","3,68,16,314.10",
"30-Mar-16","CR819810712096/RMCPL10339/1","28494874547","30-Mar-16","1,000.00","3,68,15,314.10",
"30-Mar-16","CR820018376224/RMCPL09982/1","28494879261","30-Mar-16","3,000.00","3,68,12,314.10",
"30-Mar-16","CR819813764441/RMCPL09615/1","28494964567","30-Mar-16","1,300.00","3,68,11,014.10",
"30-Mar-16","CR820112550800/RMCPL12509/2","28494928577","30-Mar-16","10,000.00","3,68,01,014.10",
"30-Mar-16","CR820117615481/RMCPL24066/2","28494874572","30-Mar-16","500","3,68,00,514.10",
"30-Mar-16","CR820112550803/RMCPL18940/2","28494892969","30-Mar-16","500","3,68,00,014.10",
"30-Mar-16","CR820017362351/RMCPL14820/1","28494881267","30-Mar-16","2,000.00","3,67,98,014.10",
"30-Mar-16","CR820010249848/RMCPL15451/1","28494924265","30-Mar-16","3,000.00","3,67,95,014.10",
"30-Mar-16","CR819918110622/RMCPL23450/1","28494922902","30-Mar-16","2,500.00","3,67,92,514.10",
"30-Mar-16","CR819917104554/RMCPL26845/1","28494930538","30-Mar-16","2,000.00","3,67,90,514.10",
"30-Mar-16","CR819919141306/RMCPL26454/1","28494880214","30-Mar-16","900","3,67,89,614.10",
"30-Mar-16","CR819817835108/RMCPL20628/1","28494912568","30-Mar-16","2,000.00","3,67,87,614.10",
"30-Mar-16","CR819818843011/RMCPL15869/1","28494935774","30-Mar-16","500","3,67,87,114.10",
"30-Mar-16","CR819818851500/RMCPL23652/1","28494952515","30-Mar-16","1,000.00","3,67,86,114.10",
"30-Mar-16","CR820511552400/RMCPL03657/2","28494940632","30-Mar-16","10,000.00","3,67,76,114.10",
"30-Mar-16","CR820515615254/RMCPL18236/2","28494866890","30-Mar-16","1,000.00","3,67,75,114.10",
"30-Mar-16","CR820511552417/RMCPL22050/2","28494967383","30-Mar-16","2,000.00","3,67,73,114.10",
"30-Mar-16","CR820513589977/RMCPL17454/2","28494880539","30-Mar-16","1,000.00","3,67,72,114.10",
"30-Mar-16","CR820514603451/RMCPL18042/2","28494892358","30-Mar-16","2,200.00","3,67,69,914.10",
"30-Mar-16","CR820519678429/RMCPL20122/2","28494943440","30-Mar-16","1,000.00","3,67,68,914.10",
"30-Mar-16","CR820514603463/RMCPL24698/2","28494935541","30-Mar-16","2,000.00","3,67,66,914.10",
"30-Mar-16","CR820510538018/RMCPL18600/2","28494939323","30-Mar-16","1,200.00","3,67,65,714.10",
"30-Mar-16","CR820511552405/RMCPL16043/2","28494860494","30-Mar-16","3,000.00","3,67,62,714.10",
"30-Mar-16","CR820511552402/RMCPL14954/2","28494877075","30-Mar-16","500","3,67,62,214.10",
"30-Mar-16","CR820519678449/RMCPL20439/2","28494957244","30-Mar-16","2,600.00","3,67,59,614.10",
"30-Mar-16","CR820510538012/RMCPL22799/2","28494889373","30-Mar-16","500","3,67,59,114.10",
"30-Mar-16","CR820510538031/RMCPL24011/2","28494900229","30-Mar-16","1,900.00","3,67,57,214.10",
"30-Mar-16","CR820513583031/RMCPL19037/2","28494861177","30-Mar-16","1,000.00","3,67,56,214.10",
"30-Mar-16","CR820513583032/RMCPL14558/2","28494931673","30-Mar-16","2,200.00","3,67,54,014.10",
"30-Mar-16","CR820511545636/RMCPL10976/2","28494967514","30-Mar-16","5,000.00","3,67,49,014.10",
"30-Mar-16","CR820512565280/RMCPL00045/2","28494908048","30-Mar-16","3,000.00","3,67,46,014.10",
"30-Mar-16","CR820514603448/RMCPL00225/2","28494936871","30-Mar-16","3,000.00","3,67,43,014.10",
"30-Mar-16","CR820515609674/RMCPL14558/2","28494906613","30-Mar-16","5,300.00","3,67,37,714.10",
"30-Mar-16","CR820514597013/RMCPL14954/2","28494901549","30-Mar-16","1,000.00","3,67,36,714.10",
"30-Mar-16","CR820416358819/RMCPL19298/2","28494942909","30-Mar-16","1,000.00","3,67,35,714.10",
"30-Mar-16","CR820417366291/RMCPL25532/2","28494863105","30-Mar-16","1,000.00","3,67,34,714.10",
"30-Mar-16","CR820414326397/RMCPL23013/2","28494954461","30-Mar-16","1,500.00","3,67,33,214.10",
"30-Mar-16","CR820415343604/RMCPL24439/2","28494900109","30-Mar-16","2,000.00","3,67,31,214.10",
"30-Mar-16","CR820410254654/RMCPL18138/2","28494935528","30-Mar-16","10,000.00","3,67,21,214.10",
"30-Mar-16","CR820411277633/RMCPL25977/2","28494919500","30-Mar-16","1,800.00","3,67,19,414.10",
"30-Mar-16","CR820418389325/RMCPL21832/2","28494922909","30-Mar-16","1,000.00","3,67,18,414.10",
"30-Mar-16","CR820415335095/RMCPL23870/2","28494931224","30-Mar-16","500","3,67,17,914.10",
"30-Mar-16","CR820414317232/RMCPL10728/2","28494903300","30-Mar-16","2,000.00","3,67,15,914.10",
"30-Mar-16","CR820410246031/RMCPL16699/2","28494935478","30-Mar-16","1,000.00","3,67,14,914.10",
"30-Mar-16","CR820412291800/RMCPL18408/2","28494954145","30-Mar-16","500","3,67,14,414.10",
"30-Mar-16","CR820412291853/RMCPL24777/2","28494972452","30-Mar-16","5,000.00","3,67,09,414.10",
"30-Mar-16","CR820311035130/RMCPL12838/2","28494933240","30-Mar-16","10,000.00","3,66,99,414.10",
"30-Mar-16","CR820315083550/RMCPL25969/2","28494879949","30-Mar-16","500","3,66,98,914.10",
"30-Mar-16","CR820315083973/RMCPL25969/2","28494913393","30-Mar-16","500","3,66,98,414.10",
"30-Mar-16","CR820211779160/RMCPL21524/2","","28494939769","30-Mar-16","1,000.00","","3,66,97,414.10",
"30-Mar-16","CR820213812201/RMCPL22318/2","","28494937138","30-Mar-16","2,000.00","","3,66,95,414.10",
"30-Mar-16","CR820111517597/RMCPL23096/2","","28494924900","30-Mar-16","5,000.00","","3,66,90,414.10",
"30-Mar-16","TRF TO","Indiaforensic SERVICES I","28494963756","30-Mar-16","1,41,00,000.00","","2,25,90,414.10",
"30-Mar-16","AEPS INCOME DT 26-07-2018","","28494868271","30-Mar-16","","36,475.41","2,26,26,889.51",
"30-Mar-16","AEPS GST INC DT 26-07-201","","28494946964","30-Mar-16","","7,295.08","2,26,34,184.59",
"30-Mar-16","AEPS ACQ CR ADJ FEES 2607","","28494973413","30-Mar-16","936","","2,26,33,248.26",
"30-Mar-16","AEPS ACQ REP ADJ FEES 260","","28494900952","30-Mar-16","","29.5","2,26,33,277.76",
"30-Mar-16","MICROATM SETTLEMNT DATED2","","28494956844","30-Mar-16","","100","2,26,33,377.76",
"30-Mar-16","MAW/502964XXXXXX1287/Cudd","","28494915669","30-Mar-16","","1,000.00","2,26,34,377.76",
"30-Mar-16","MAW/502964XXXXXX7344/Karu","","28494904018","30-Mar-16","","1,700.00","2,26,36,077.76",
"30-Mar-16","MAW/502964XXXXXX6863/Akol","","28494914502","30-Mar-16","","7,000.00","2,26,43,077.76",
"31-Mar-16","MAW/502964XXXXXX6863/Akol","","28494915611","31-Mar-16","","400","2,26,43,477.76",
"31-Mar-16","MAW/502964XXXXXX9275/Karu","","28494884593","31-Mar-16","","1,500.00","2,26,44,977.76",
"31-Mar-16","MAW/502964XXXXXX6805/Karu","","28494965002","31-Mar-16","","1,800.00","2,26,46,777.76",
"31-Mar-16","Indiaforensic AEPS NPCI WDL SET","","28494950760","31-Mar-16","","1,40,60,200.00","3,67,06,977.76",
"31-Mar-16","Indiaforensic AEPS NPCI WDL SET","","28494913199","31-Mar-16","","1,28,02,800.00","4,95,09,777.76",
"31-Mar-16","Indiaforensic AEPS NPCI WDL SET","","28494961863","31-Mar-16","","83,55,400.00","5,78,65,177.76",
"31-Mar-16","TRF TO Indiaforensic SERVICES IN","","28494865620","31-Mar-16","1,50,00,000.00","","4,28,65,177.76",
"31-Mar-16","TRF TO Indiaforensic SERVICES IN","","28494951212","31-Mar-16","1,50,00,000.00","","2,78,65,177.76",
"31-Mar-16","TRF TO Indiaforensic SERVICES IN","","28494960628","31-Mar-16","53,00,000.00","","2,25,65,177.76",
"31-Mar-16","MAW/502964XXXXXX1213/NAGA","","28494941769","31-Mar-16","","2,300.00","2,25,67,477.76",
"31-Mar-16","MAW/502964XXXXXX9796/NAGA","","28494907518","31-Mar-16","","1,400.00","2,25,68,877.76",
"31-Mar-16","AEPS INCOME DT 27-07-2018","","28494866503","31-Mar-16","","35,695.19","2,26,04,572.95",
"31-Mar-16","AEPS GST INC DT 27-07-201","","28494908032","31-Mar-16","","7,139.04","2,26,11,711.99",
"31-Mar-16","AEPS INCOME DT 28-07-2018","","28494951981","31-Mar-16","","32,768.24","2,26,44,480.23",
"31-Mar-16","AEPS GST INC DT 28-07-201","","28494920087","31-Mar-16","","6,553.65","2,26,51,033.88",
"31-Mar-16","AEPS INCOME DT 29-07-2018","","28494969650","31-Mar-16","","22,221.41","2,26,73,255.29",
"31-Mar-16","AEPS GST INC DT 29-07-201","","28494903823","31-Mar-16","","4,444.28","2,26,77,699.57",
"31-Mar-16","AEPS ACQ REP ADJ FEES 270","","28494916846","31-Mar-16","","5.9","2,26,77,705.47",
"31-Mar-16","MAW/502964XXXXXX1592/Cudd","","28494931099","31-Mar-16","","1,000.00","2,26,78,705.47",
"31-Mar-16","MAW/502964XXXXXX0237/Karu","","28494916012","31-Mar-16","","1,500.00","2,26,80,205.47",
"31-Mar-16","MAW/502964XXXXXX0455/Karu","","28494863237","31-Mar-16","","1,900.00","2,26,82,105.47",
"31-Mar-16","MAW/502964XXXXXX8633/Karu","","28494926308","31-Mar-16","","1,900.00","2,26,84,005.47",
"31-Mar-16","Indiaforensic AEPS NPCI WDL SET","","28494907041","31-Mar-16","","1,32,65,300.00","3,59,49,305.47",
"31-Mar-16","CR820710035611/RMCPL15981/2","","28494960073","31-Mar-16","1,000.00","","3,59,48,305.47",
"31-Mar-16","CR820712064599/RMCPL23887/2","","28494906131","31-Mar-16","2,500.00","","3,59,45,805.47",
"31-Mar-16","CR820712064604/RMCPL14558/2","","28494906752","31-Mar-16","1,400.00","","3,59,44,405.47",
"31-Mar-16","CR820616891506/RMCPL22488/2","","28494914809","31-Mar-16","2,000.00","","3,59,42,405.47",
"31-Mar-16","CR820617897946/RMCPL20680/2","","28494885934","31-Mar-16","600","","3,59,41,805.47",
"31-Mar-16","CR820614865780/RMCPL15535/2","","28494860212","31-Mar-16","2,000.00","","3,59,39,805.47",
"31-Mar-16","CR820610787875/RMCPL20516/2","","28494895241","31-Mar-16","10,000.00","","3,59,29,805.47",
"31-Mar-16","CR820610787880/RMCPL25977/2","","28494897724","31-Mar-16","500","","3,59,29,305.47",
"31-Mar-16","CR820611812837/RMCPL20827/2","","28494894447","31-Mar-16","7,000.00","","3,59,22,305.47",
"31-Mar-16","CR820618918372/RMCPL24928/2","","28494893200","31-Mar-16","500","","3,59,21,805.47",
"31-Mar-16","CR820618918374/RMCPL26117/2","","28494883221","31-Mar-16","2,000.00","","3,59,19,805.47",
"31-Mar-16","MAW/502964XXXXXX2043/Karu","","28494924228","31-Mar-16","","2,000.00","3,59,21,805.47",
"31-Mar-16","MAW/502964XXXXXX4894/Karu","","28494924696","31-Mar-16","","1,600.00","3,59,23,405.47",
"31-Mar-16","TRF TO","Indiaforensic SERVICES I","28494876075","31-Mar-16","1,33,00,000.00","","2,26,23,405.47",
"31-Mar-16","AEPS INCOME DT 30-07-2018","","28494859540","31-Mar-16","","34,013.25","2,26,57,418.72",
"31-Mar-16","AEPS GST INC DT 30-07-201","28494927524","31-Mar-16","","6,802.65","2,26,64,221.37",
"31-Mar-16","AEPS ACQUIRING ADJ FEES 3","28494864527","31-Mar-16","38","","2,26,64,183.02",
"31-Mar-16","AEPS ACQ CR ADJ FEES 3007","28494964674","31-Mar-16","109","","2,26,64,073.88",
"31-Mar-16","NPCI/PUNBR520180723127283","28494943207","31-Mar-16","","2,40,00,000.00","4,66,64,073.88",
"31-Mar-16","FDRL NEFT/RTGS CHARGS FORF","28494968867","31-Mar-16","9,455.00","","4,66,54,618.88",
"31-Mar-16","MONTHLY SER GST FEB 18","28494941586","31-Mar-16","1,003.00","","4,66,53,615.88",
"31-Mar-16","FDRL NEFT/RTGS CHARGS FOR","28494960934","31-Mar-16","41,113.16","","4,66,12,502.72",
"31-Mar-16","MONTHLY SER GST MAR 18","28494975077","31-Mar-16","9,024.84","","4,66,03,477.88",
"31-Mar-16","FDRL NEFT/RTGS CHARGS FOR","28494938249","31-Mar-16","59,988.74","","4,65,43,489.14",
"31-Mar-16","MONTHLY SER GST APR 18","28494909623","31-Mar-16","13,168.26","","4,65,30,320.88",
"31-Mar-16","FDRL NEFT/RTGS CHARGS FOR","28494891004","31-Mar-16","62,359.36","","4,64,67,961.52",
"31-Mar-16","MONTHLY SER GST MAY 18","28494938208","31-Mar-16","13,688.64","","4,64,54,272.88",
"31-Mar-16","NETWORK CHARGES/VISA/DEC","28494971006","31-Mar-16","2,28,609.95","","4,62,25,662.93",
"31-Mar-16","NETWORK CHARGES/VISA/JAN","28494900179","31-Mar-16","5,34,789.13","","4,56,90,873.80",
"31-Mar-16","NETWORK CHARGES/VISA/FEB","28494951220","31-Mar-16","91,075.13","","4,55,99,798.67",
"31-Mar-16","NETWORK CHARGES/VISA/MAR","28494899155","31-Mar-16","1,69,259.98","","4,54,30,538.69",
"31-Mar-16","NETWORK CHARGES/VISA/APR","28494930454","31-Mar-16","2,15,249.25","","4,52,15,289.44",
"31-Mar-16","NETWORK CHARGES/VISA/MAY","28494879572","31-Mar-16","1,50,474.10","","4,50,64,815.34",
"31-Mar-16","NETWORK CHARGES/VISA/JUN","28494920458","31-Mar-16","3,86,791.22","","4,46,78,024.12",
"31-Mar-16","NETWORK CHARGES/VISA/JUL","28494874982","31-Mar-16","1,82,585.03","","4,44,95,439.09",
"31-Mar-16","NETWORK CHARGES/VISA/AUG","28494969928","31-Mar-16","1,09,435.25","","4,43,86,003.84",
"31-Mar-16","NETWORK CHARGES/VISA/SEPT","28494869970","31-Mar-16","2,02,168.56","","4,41,83,835.28",
"31-Mar-16","NETWORK CHARGES/VISA/OCT","28494887309","31-Mar-16","2,32,241.02","","4,39,51,594.26",
"31-Mar-16","NETWORK CHARGES/VISA/NOV","28494893214","31-Mar-16","2,25,454.73","","4,37,26,139.53",
"31-Mar-16","NETWORK CHARGES/VISA/DEC","28494953339","31-Mar-16","1,30,671.60","","4,35,95,467.93",
"31-Mar-16","NETWORK CHARGES/VISA/JAN","28494912977","31-Mar-16","2,16,098.66","","4,33,79,369.27",
"31-Mar-16","NETWORK CHARGES/VISA/FEB","28494963302","31-Mar-16","95,336.98","","4,32,84,032.29",
"31-Mar-16","NETWORK CHARGES/VISA/MAR","28494892925","31-Mar-16","93,875.50","","4,31,90,156.79",
"31-Mar-16","NETWORK CHARGES/VISA/APR","28494905548","31-Mar-16","1,34,727.13","","4,30,55,429.66",
"31-Mar-16","NETWORK CHARGES/VISA/MAY","28494935283","31-Mar-16","32,935.00","","4,30,22,494.66",
"31-Mar-16","NETWORK CHARGES/VISA/JUNE","28494914194","31-Mar-16","79,170.36","","4,29,43,324.30",
"31-Mar-16","NETWORK CHARGES/MASTER/AU","28494962330","31-Mar-16","5,09,579.88","","4,24,33,744.42",
"31-Mar-16","NETWORK CHARGES/MASTER/SE","28494944124","31-Mar-16","2,25,418.14","","4,22,08,326.28",
"31-Mar-16","NETWORK CHARGES/MASTER/OC","28494970704","31-Mar-16","90,780.80","","4,21,17,545.48",
"31-Mar-16","NETWORK CHARGES/MASTER/NO","28494961657","31-Mar-16","3,99,930.00","","4,17,17,615.48",
"31-Mar-16","NETWORK CHARGES/MASTER/DE","28494914333","31-Mar-16","4,84,640.98","","4,12,32,974.50",
"31-Mar-16","NETWORK CHARGES/MASTER/JA","28494963806","31-Mar-16","70,058.55","","4,11,62,915.95",
"31-Mar-16","NETWORK CHARGES/MASTER/FE","28494973774","31-Mar-16","88,288.78","","4,10,74,627.17",
"31-Mar-16","NETWORK CHARGES/MASTER/MA","28494926290","31-Mar-16","85,779.25","","4,09,88,847.92",
"31-Mar-16","NETWORK CHARGES/MASTER/AP","28494971786","31-Mar-16","1,84,449.40","","4,08,04,398.52",
"31-Mar-16","NETWORK CHARGES/MASTER/MA","28494921207","31-Mar-16","2,52,989.09","","4,05,51,409.43",
"31-Mar-16","NETWORK CHARGES/MASTER/JU","28494929938","31-Mar-16","2,29,329.00","","4,03,22,080.43",
"31-Mar-16","MAW/502964XXXXXX2164/Karu","28494970134","31-Mar-16","","1,600.00","4,03,23,680.43",
"31-Mar-16","MAW/502964XXXXXX0146/Karu","28494954692","31-Mar-16","","1,600.00","4,03,25,280.43",
"31-Mar-16","MAW/502964XXXXXX7791/Karu","28494928645","31-Mar-16","","1,700.00","4,03,26,980.43",
"31-Mar-16","Indiaforensic AEPS NPCI WDL SET","28494882685","31-Mar-16","","1,43,51,900.00","5,46,78,880.43",
"31-Mar-16","CR820912526016/RMCPL14643/2","28494884391","31-Mar-16","500","","5,46,78,380.43",
"31-Mar-16","CR820916589443/RMCPL19766/2","28494880649","31-Mar-16","500","","5,46,77,880.43",
"31-Mar-16","CR820811281905/RMCPL19298/2","28494957244","31-Mar-16","500","","5,46,77,380.43",
"31-Mar-16","CR820812296862/RMCPL14136/2","28494915870","31-Mar-16","1,500.00","","5,46,75,880.43",
"31-Mar-16","CR820813311195/RMCPL15227/2","","28494931762","31-Mar-16","1,700.00","","5,46,74,180.43",
"31-Mar-16","CR820813303579/RMCPL18216/2","","28494973655","31-Mar-16","1,500.00","","5,46,72,680.43",
"31-Mar-16","CR820817363716/RMCPL16581/2","","28494913879","31-Mar-16","2,000.00","","5,46,70,680.43",
"31-Mar-16","CR820819397960/RMCPL25168/2","","28494871032","31-Mar-16","1,000.00","","5,46,69,680.43",
"31-Mar-16","CR820819397969/RMCPL13148/2","","28494970944","31-Mar-16","5,000.00","","5,46,64,680.43",
"31-Mar-16","CR820812289471/RMCPL14558/2","","28494938803","31-Mar-16","1,200.00","","5,46,63,480.43",
"31-Mar-16","CR820812289465/RMCPL18108/2","","28494915693","31-Mar-16","1,000.00","","5,46,62,480.43",
"31-Mar-16","CR820814318486/RMCPL20463/2","","28494866694","31-Mar-16","1,000.00","","5,46,61,480.43",
"31-Mar-16","CR820812296841/RMCPL11798/2","","28494945564","31-Mar-16","5,000.00","","5,46,56,480.43",
"31-Mar-16","CR820818371466/RMCPL22655/2","","28494917387","31-Mar-16","2,000.00","","5,46,54,480.43",
"31-Mar-16","MAW/502964XXXXXX6606/Karu","","28494914599","31-Mar-16","","1,700.00","5,46,56,180.43",
"31-Mar-16","MAW/502964XXXXXX6242/Pand","","28494864961","31-Mar-16","","900","5,46,57,080.43",
"31-Mar-16","TRF TO","Indiaforensic SERVICES I","28494958634","31-Mar-16","40,00,000.00","","5,06,57,080.43",
"31-Mar-16","TRF TO","Indiaforensic SERVICES I","28494915432","31-Mar-16","1,00,00,000.00","","4,06,57,080.43",
"31-Mar-16","AEPS INCOME DT 31-07-2018","","28494924075","31-Mar-16","","37,184.60","4,06,94,265.03",
"31-Mar-16","AEPS GST INC DT 31-07-201","","28494862210","31-Mar-16","","7,436.92","4,07,01,701.95",
"31-Mar-16","AEPS ACQ CR ADJ FEES 3107","","28494968158","31-Mar-16","120","","4,07,01,581.64",
"31-Mar-16","AEPS ACQ REP ADJ FEES 310","","28494953397","31-Mar-16","","38.35","4,07,01,619.99",
"31-Mar-16","NFS MICRO ATM SETT DT 310","","28494969772","31-Mar-16","","400","4,07,02,019.99",
"31-Mar-16","NFS MICRO ATM SETTLEMENT","","28494897933","31-Mar-16","","3,000.00","4,07,05,019.99",
"31-Mar-16","TRF TO","Indiaforensic SERVICES I","28494888469","31-Mar-16","5,00,000.00","","4,02,05,019.99",
"31-Mar-16","MAW/502964XXXXXX0812/Karu","","28494877098","31-Mar-16","","1,700.00","4,02,06,719.99",
"31-Mar-16","MAW/502964XXXXXX0628/Karu","","28494943659","31-Mar-16","","1,700.00","4,02,08,419.99",
"31-Mar-16","MAW/502964XXXXXX4940/Karu","","28494936198","31-Mar-16","","1,700.00","4,02,10,119.99",
"31-Mar-16","MAW/502964XXXXXX6685/Karu","","28494894470","31-Mar-16","","1,700.00","4,02,11,819.99",
"31-Mar-16","Indiaforensic AEPS NPCI WDL SET","","28494971432","31-Mar-16","","1,45,98,400.00","5,48,10,219.99",
"31-Mar-16","MAW/502964XXXXXX1302/Karu","","28494891564","31-Mar-16","","1,700.00","5,48,11,919.99",
"31-Mar-16","MAW/502964XXXXXX4464/Karu","","28494880953","31-Mar-16","","1,700.00","5,48,13,619.99",
"31-Mar-16","MAW/502964XXXXXX6052/Karu","","28494962065","31-Mar-16","","2,000.00","5,48,15,619.99",
"31-Mar-16","MAW/502964XXXXXX2945/NAGA","","28494929334","31-Mar-16","","600","5,48,16,219.99",
"31-Mar-16","MAW/502964XXXXXX5604/Karu","","28494956228","31-Mar-16","","1,700.00","5,48,17,919.99",
"31-Mar-16","MAW/502964XXXXXX4275/Karu","","28494899906","31-Mar-16","","600","5,48,18,519.99",
"31-Mar-16","TRF TO","Indiaforensic SERVICES I","28494902012","31-Mar-16","1,46,00,000.00","","4,02,18,519.99",
"31-Mar-16","MAW/502964XXXXXX9739/NAGA","","28494964733","31-Mar-16","","1,800.00","4,02,20,319.99",
"31-Mar-16","AEPS INCOME DT 01-08-2018","","28494949468","31-Mar-16","","36,988.00","4,02,57,307.99",
"01-Apr-16","AEPS GST INC DT 01-08-201","","28494930522","31-Mar-16","","7,397.60","4,02,64,705.59",
"02-Apr-16","AEPS ACQUIRING ADJ FEES 0","","28494866053","02-Apr-16","24","","4,02,64,681.99",
"02-Apr-16","Indiaforensic AEPS NPCI WDL SET","","28494875167","02-Apr-16","","1,53,48,300.00","5,56,12,981.99",
"02-Apr-16","CR821112966534/RMCPL2486930","","28494897877","02-Apr-16","1,000.00","","5,56,11,981.99",
"02-Apr-16","CR821111945364/RMCPL2659230","","28494863877","02-Apr-16","1,000.00","","5,56,10,981.99",
"02-Apr-16","CR821111938241/RMCPL0016630","","28494958573","02-Apr-16","500","","5,56,10,481.99",
"02-Apr-16","CR821117035979/RMCPL2459130","","28494968943","02-Apr-16","1,000.00","","5,56,09,481.99",
"02-Apr-16","CR821113987840/RMCPL1522730","","28494926728","02-Apr-16","2,000.00","","5,56,07,481.99",
"02-Apr-16","","bank settlement","0","02-Apr-16","1,000.00","","5,56,06,481.99",
"02-Apr-16","CR821110930443/RMCPL2123530","","28494909101","02-Apr-16","1,000.00","","5,56,05,481.99",
"02-Apr-16","CR821116029326/RMCPL2062830","","28494935035","02-Apr-16","10,000.00","","5,55,95,481.99",
"02-Apr-16","CR821118050110/RMCPL1234330","","28494862413","02-Apr-16","1,000.00","","5,55,94,481.99",
"02-Apr-16","CR821214263054/RMCPL2359231","","28494906388","02-Apr-16","2,000.00","","5,55,92,481.99",
"02-Apr-16","CR821211212373/RMCPL1495431","","28494866277","02-Apr-16","500","","5,55,91,981.99",
"02-Apr-16","CR821217324453/RMCPL2684531","","28494936065","02-Apr-16","1,800.00","","5,55,90,181.99",
"02-Apr-16","CR821212234463/RMCPL2286631","","28494932355","02-Apr-16","1,000.00","","5,55,89,181.99",
"02-Apr-16","CR821212234471/RMCPL1846631","","28494872367","02-Apr-16","4,000.00","","5,55,85,181.99",
"02-Apr-16","CR821219351166/RMCPL1550331","","28494894456","02-Apr-16","1,000.00","","5,55,84,181.99",
"02-Apr-16","CR821216296910/RMCPL2390631","","28494967786","02-Apr-16","600","","5,55,83,581.99",
"02-Apr-16","CR821215290412/RMCPL1113131","","28494968939","02-Apr-16","3,500.00","","5,55,80,081.99",
"02-Apr-16","TRFT O","Indiaforensic SERVICES I","28494922021","02-Apr-16","1,50,00,000.00","","4,05,80,081.99",
"02-Apr-16","MAW/502964XXXXXX1356/Karu","","28494888451","02-Apr-16","","1,100.00","4,05,81,181.99",
"02-Apr-16","MAW/502964XXXXXX3961/Karu","","28494965609","02-Apr-16","","1,900.00","4,05,83,081.99",
"02-Apr-16","MAW/502964XXXXXX4399/Karu","","28494950717","02-Apr-16","","1,800.00","4,05,84,881.99",
"02-Apr-16","MICRO ATM SETTLEMENT DT 0","","28494946569","02-Apr-16","","100","4,05,84,981.99",
"02-Apr-16","TRF TO","Indiaforensic SERVICES I","28494933811","02-Apr-16","3,00,000.00","","4,02,84,981.99",
"02-Apr-16","AEPS INCOME DT 02-08-2018","","28494868375","02-Apr-16","","38,834.96","4,03,23,816.95",
"02-Apr-16","AEPS GST INC DT 02-08-201","","28494877435","02-Apr-16","","7,766.99","4,03,31,583.94",
"02-Apr-16","AEPS ACQ CR ADJ FEES 0208","","28494939786","02-Apr-16","144","","4,03,31,439.98",
"02-Apr-16","AEPS ACQ REP ADJ FEES 020","","28494952234","02-Apr-16","","23.6","4,03,31,463.58",
"02-Apr-16","NFS MICROATMSETTLEMENTDT0","","28494888540","02-Apr-16","","100","4,03,31,563.58",
"02-Apr-16","Indiaforensic AEPS NPCI WDL SET","","28494958836","02-Apr-16","","1,53,58,000.00","5,56,89,563.58",
"02-Apr-16","TRF TO","Indiaforensic SERVICES I","28494892105","02-Apr-16","1,50,00,000.00","","4,06,89,563.58",
"02-Apr-16","NPCI SETT DIFF_030818_1","","28494895985","02-Apr-16","","100","4,06,89,663.58",
"02-Apr-16","MICRO ATM SETTLEMENT DT 0","","28494904920","02-Apr-16","","200","4,06,89,863.58",
"02-Apr-16","AEPS INCOME DT 03-08-2018","","28494932962","02-Apr-16","","38,639.78","4,07,28,503.36",
"02-Apr-16","AEPS GST INC DT 03-08-201","","28494863590","02-Apr-16","","7,727.96","4,07,36,231.32",
"02-Apr-16","AEPS ACQUIRING ADJ FEES 0","","28494894310","02-Apr-16","18","","4,07,36,213.62",
"02-Apr-16","TRF TO","Indiaforensic SERVICES I","28494877374","02-Apr-16","5,00,000.00","","4,02,36,213.62",
"02-Apr-16","MAW/502964XXXXXX4267/Karu","","28494918704","02-Apr-16","","1,800.00","4,02,38,013.62",
"02-Apr-16","MAW/502964XXXXXX3988/Karu","","28494876543","02-Apr-16","","1,800.00","4,02,39,813.62",
"02-Apr-16","MAW/502964XXXXXX2946/Karu","","28494894854","02-Apr-16","","1,800.00","4,02,41,613.62",
"02-Apr-16","MAW/502964XXXXXX2870/Karu","","28494964295","02-Apr-16","","1,800.00","4,02,43,413.62",
"02-Apr-16","MAW/502964XXXXXX6222/Karu","","28494959903","02-Apr-16","","1,800.00","4,02,45,213.62",
"02-Apr-16","MAW/502964XXXXXX3751/Karu","","28494938248","02-Apr-16","","1,800.00","4,02,47,013.62",
"02-Apr-16","MAW/502964XXXXXX5160/Karu","","28494941163","02-Apr-16","","1,800.00","4,02,48,813.62",
"02-Apr-16","MAW/502964XXXXXX2953/Karu","","28494903525","02-Apr-16","","1,800.00","4,02,50,613.62",
"02-Apr-16","MAW/502964XXXXXX4558/Karu","","28494938476","02-Apr-16","","1,600.00","4,02,52,213.62",
"02-Apr-16","MAW/502964XXXXXX2938/Karu","","28494915567","02-Apr-16","","1,800.00","4,02,54,013.62",
"02-Apr-16","MAW/502964XXXXXX1212/Cudd","","28494875249","02-Apr-16","","1,000.00","4,02,55,013.62",
"02-Apr-16","Indiaforensic AEPS NPCI WDL SET","","28494861690","02-Apr-16","","1,34,40,900.00","5,36,95,913.62",
"02-Apr-16","Indiaforensic AEPS NPCI WDL SET","","28494895566","02-Apr-16","","96,89,800.00","6,33,85,713.62",
"02-Apr-16","MAW/502964XXXXXX8477/Karu","","28494936724","02-Apr-16","","1,800.00","6,33,87,513.62",
"02-Apr-16","MAW/502964XXXXXX0485/Karu","","28494966474","02-Apr-16","","1,800.00","6,33,89,313.62",
"02-Apr-16","TRF TO","Indiaforensic SERVICES I","28494901597","02-Apr-16","1,50,00,000.00","","4,83,89,313.62",
"02-Apr-16","TRF TO","Indiaforensic SERVICES I","28494904290","02-Apr-16","81,00,000.00","","4,02,89,313.62",
"02-Apr-16","NPCI SETT DIFF_050818_1","","28494954829","02-Apr-16","","400","4,02,89,713.62",
"02-Apr-16","MAW/502964XXXXXX9734/NAGA","","28494863131","02-Apr-16","","700","4,02,90,413.62",
"02-Apr-16","AEPS INCOME DT 04-08-2018","","28494889480","02-Apr-16","","34,620.46","4,03,25,034.08",
"02-Apr-16","AEPS GST INC DT 04-08-201","","28494950351","02-Apr-16","","6,924.09","4,03,31,958.17",
"02-Apr-16","AEPS INCOME DT 05-08-2018","","28494874712","02-Apr-16","","25,551.09","4,03,57,509.26",
"02-Apr-16","AEPS GST INC DT 05-08-201","","28494894953","02-Apr-16","","5,110.22","4,03,62,619.48",
"02-Apr-16","MAW/502964XXXXXX4713/Karu","","28494922404","02-Apr-16","","1,600.00","4,03,64,219.48",
"02-Apr-16","MAW/502964XXXXXX7625/Karu","","28494868377","02-Apr-16","","5,800.00","4,03,70,019.48",
"02-Apr-16","MAW/502964XXXXXX7666/Karu","","28494885759","02-Apr-16","","2,800.00","4,03,72,819.48",
"02-Apr-16","Indiaforensic AEPS NPCI WDL SET","","28494891460","02-Apr-16","","1,40,60,800.00","5,44,33,619.48",
"02-Apr-16","TRF TO","Indiaforensic SERVICES I","28494887295","02-Apr-16","1,42,00,000.00","","4,02,33,619.48",
"02-Apr-16","AEPS INCOME DT 06-08-2018","","28494946890","02-Apr-16","","36,440.88","4,02,70,060.36",
"02-Apr-16","AEPS GST INC DT 06-08-201","","28494907932","02-Apr-16","","7,288.18","4,02,77,348.54",
"02-Apr-16","AEPS ACQUIRING ADJ FEES 0","","28494859821","02-Apr-16","58","","4,02,77,290.72",
"02-Apr-16","Indiaforensic AEPS NPCI WDL SET","","28494922030","02-Apr-16","","1,47,92,500.00","5,50,69,790.72",
"02-Apr-16","TRF TO","Indiaforensic SERVICES I","28494905170","02-Apr-16","1,00,00,000.00","","4,50,69,790.72",
"02-Apr-16","TRF TO","Indiaforensic SERVICES I","28494880181","02-Apr-16","40,00,000.00","","4,10,69,790.72",
"02-Apr-16","TRF TO","Indiaforensic SERVICES I","28494970779","02-Apr-16","5,00,000.00","","4,05,69,790.72",
"02-Apr-16","AEPS INCOME DT 07-08-2018","","28494913700","02-Apr-16","","39,377.51","4,06,09,168.23",
"02-Apr-16","AEPS GST INC DT 07-08-201","","28494953911","02-Apr-16","","7,875.50","4,06,17,043.73",
"02-Apr-16","AEPS ACQUIRING ADJ FEES 0","","28494933582","02-Apr-16","42","","4,06,17,001.25",
"02-Apr-16","AEPS ACQ REP ADJ FEES 070","","28494868409","02-Apr-16","","17.7","4,06,17,018.95",
"02-Apr-16","CB821415843979/RMCPL19766/0","","28494861270","02-Apr-16","1,500.00","","4,06,15,518.95",
"02-Apr-16","CB821410746099/RMCPL23513/0","","28494947276","02-Apr-16","3,000.00","","4,06,12,518.95",
"02-Apr-16","CB821412793337/RMCPL22583/0","","28494915014","02-Apr-16","2,300.00","","4,06,10,218.95",
"02-Apr-16","CB821512035170/RMCPL12343/0","","28494938626","02-Apr-16","2,700.00","","4,06,07,518.95",
"02-Apr-16","CB821513054925/RMCPL22148/0","","28494945431","02-Apr-16","1,500.00","","4,06,06,018.95",
"02-Apr-16","CB821617334805/RMCPL17395/0","","28494881740","02-Apr-16","6,000.00","","4,06,00,018.95",
"02-Apr-16","TRF TO","Indiaforensic SERVICES I","28494912321","02-Apr-16","3,00,000.00","","4,03,00,018.95",
"02-Apr-16","MAW/502964XXXXXX4347/Karu","","28494867763","02-Apr-16","","1,700.00","4,03,01,718.95",
"02-Apr-16","Indiaforensic AEPS NPCI WDL SET","","28494940380","02-Apr-16","","1,68,20,200.00","5,71,21,918.95",
"02-Apr-16","CR817815858416/RMCPL14406/2","","28494859843","02-Apr-16","5,000.00","","5,71,16,918.95",
"02-Apr-16","CR817815858350/RMCPL09619/2","","28494902571","02-Apr-16","4,000.00","","5,71,12,918.95",
"02-Apr-16","CR817815858354/RMCPL11966/2","","28494918096","02-Apr-16","3,100.00","","5,71,09,818.95",
"02-Apr-16","CR817817893314/RMCPL09768/2","","28494873553","02-Apr-16","1,700.00","","5,71,08,118.95",
"02-Apr-16","CR817812810359/RMCPL25450/2","","28494892685","02-Apr-16","500","","5,71,07,618.95",
"02-Apr-16","CR817812810342/RMCPL26592/2","","28494968299","02-Apr-16","1,500.00","","5,71,06,118.95",
"02-Apr-16","CR817812810343/RMCPL18216/2","","28494885456","02-Apr-16","2,000.00","","5,71,04,118.95",
"02-Apr-16","CR817810782985/RMCPL18915/2","","28494870406","02-Apr-16","500","","5,71,03,618.95",
"02-Apr-16","CR817818907786/RMCPL14700/2","","28494900462","02-Apr-16","500","","5,71,03,118.95",
"02-Apr-16","CR817812819549/RMCPL09536/2","","28494879663","02-Apr-16","1,000.00","","5,71,02,118.95",
"02-Apr-16","CR817812819572/RMCPL11613/2","","28494889813","02-Apr-16","3,000.00","","5,70,99,118.95",
"02-Apr-16","CR817812819568/RMCPL25428/2","","28494923946","02-Apr-16","1,000.00","","5,70,98,118.95",
"02-Apr-16","CR817812811520/RMCPL21021/2","","28494908088","02-Apr-16","1,800.00","","5,70,96,318.95",
"02-Apr-16","CR817810782993/RMCPL12604/2","","28494862767","02-Apr-16","4,000.00","","5,70,92,318.95",
"02-Apr-16","CR817818904413/RMCPL21965/2","","28494908162","02-Apr-16","2,000.00","","5,70,90,318.95",
"02-Apr-16","CR817812811801/RMCPL13680/2","","28494863623","02-Apr-16","1,000.00","","5,70,89,318.95",
"02-Apr-16","CR817812811795/RMCPL18729/2","","28494900832","02-Apr-16","500","","5,70,88,818.95",
"02-Apr-16","CR817810782975/RMCPL22488/2","","28494941440","02-Apr-16","1,000.00","","5,70,87,818.95",
"02-Apr-16","CR817710518442/RMCPL22799/2","","28494889253","02-Apr-16","500","","5,70,87,318.95",
"02-Apr-16","CR817714579462/RMCPL09726/2","","28494951700","02-Apr-16","1,000.00","","5,70,86,318.95",
"02-Apr-16","CR817710511413/RMCPL16684/2","","28494934838","02-Apr-16","3,600.00","","5,70,82,718.95",
"02-Apr-16","CR817710518871/RMCPL12826/2","","28494951214","02-Apr-16","5,000.00","","5,70,77,718.95",
"02-Apr-16","CR817710518547/RMCPL16908/2","","28494955913","02-Apr-16","500","","5,70,77,218.95",
"02-Apr-16","CR817710520808/RMCPL25095/2","","28494958903","02-Apr-16","4,000.00","","5,70,73,218.95",
"02-Apr-16","CR817710520804/RMCPL23968/2","","28494931253","02-Apr-16","1,000.00","","5,70,72,218.95",
"02-Apr-16","CR817710520779/RMCPL22038/2","","28494933273","02-Apr-16","5,000.00","","5,70,67,218.95",
"02-Apr-16","CR817716609893/RMCPL20143/2","","28494861739","02-Apr-16","1,000.00","","5,70,66,218.95",
"02-Apr-16","CR817716609868/RMCPL11611/2","","28494906657","02-Apr-16","1,000.00","","5,70,65,218.95",
"02-Apr-16","CR817716609869/RMCPL23345/2","","28494914456","02-Apr-16","1,000.00","","5,70,64,218.95",
"02-Apr-16","TRF TO","Indiaforensic SERVICES I","28494874287","02-Apr-16","1,50,00,000.00","","4,20,64,218.95",
"02-Apr-16","TRF TO","Indiaforensic SERVICES I","28494966442","02-Apr-16","18,00,000.00","","4,02,64,218.95",
"02-Apr-16","MAW/502964XXXXXX5347/Karu","","28494941860","02-Apr-16","","1,700.00","4,02,65,918.95",
"02-Apr-16","MAW/502964XXXXXX8487/Karu","","28494861624","02-Apr-16","","1,700.00","4,02,67,618.95",
"02-Apr-16","MAW/502964XXXXXX9291/Karu","","28494970069","02-Apr-16","","1,700.00","4,02,69,318.95",
"02-Apr-16","NFS MICRO ATM SETT DT 090","","28494874511","02-Apr-16","","100","4,02,69,418.95",
"02-Apr-16","MAW/502964XXXXXX7808/Karu","","28494975250","02-Apr-16","","1,700.00","4,02,71,118.95",
"02-Apr-16","MAW/502964XXXXXX7269/Karu","","28494916028","02-Apr-16","","1,700.00","4,02,72,818.95",
"02-Apr-16","MAW/502964XXXXXX4893/Karu","","28494970249","02-Apr-16","","1,700.00","4,02,74,518.95",
"02-Apr-16","MAW/502964XXXXXX3499/Karu","","28494881649","02-Apr-16","","1,700.00","4,02,76,218.95",
"02-Apr-16","MAW/502964XXXXXX4901/Karu","","28494872282","02-Apr-16","","1,700.00","4,02,77,918.95",
"02-Apr-16","AEPS INCOME DT 08-08-2018","","28494962904","02-Apr-16","","43,210.21","4,03,21,129.16",
"02-Apr-16","AEPS GST INC DT 08-08-201","","28494968737","02-Apr-16","","8,642.04","4,03,29,771.20",
"02-Apr-16","AEPS ACQUIRING ADJ FEES 0","","28494926656","02-Apr-16","9","","4,03,29,762.35",
"02-Apr-16","AEPS ACQ CR ADJ FEES 0808","","28494918904","02-Apr-16","254","","4,03,29,508.65",
"02-Apr-16","AEPS ACQ REP ADJ FEES 080","","28494959642","02-Apr-16","","17.7","4,03,29,526.35",
"02-Apr-16","MAW/502964XXXXXX3889/Karu","","28494941447","02-Apr-16","","1,800.00","4,03,31,326.35",
"02-Apr-16","MAW/502964XXXXXX8476/Vals","","28494871510","02-Apr-16","","4,000.00","4,03,35,326.35",
"02-Apr-16","MAW/502964XXXXXX8161/Karu","","28494873275","02-Apr-16","","1,700.00","4,03,37,026.35",
"02-Apr-16","Indiaforensic AEPS NPCI WDL SET","","28494881926","02-Apr-16","","1,58,30,300.00","5,61,67,326.35",
"02-Apr-16","TRF T","Indiaforensic SERVICES IN","28494865584","02-Apr-16","9,00,000.00","","5,52,67,326.35",
"02-Apr-16","","bank settlement","0","02-Apr-16","567","","5,52,66,759.35",
"02-Apr-16","NPCI SETT DIFF_090818_1","","28494966648","02-Apr-16","","100","5,52,66,859.35",
"02-Apr-16","MAW/502964XXXXXX9200/Karu","","28494924720","02-Apr-16","","1,700.00","5,52,68,559.35",
"02-Apr-16","MAW/502964XXXXXX9226/Karu","","28494941023","02-Apr-16","","1,700.00","5,52,70,259.35",
"02-Apr-16","MAW/502964XXXXXX8252/Karu","","28494863468","02-Apr-16","","1,700.00","5,52,71,959.35",
"02-Apr-16","MAW/502964XXXXXX5206/Karu","","28494912042","02-Apr-16","","1,700.00","5,52,73,659.35",
"02-Apr-16","AEPS INCOME DT 09-08-2018","","28494898822","02-Apr-16","","40,219.08","5,53,13,878.43",
"02-Apr-16","AEPS GST INC DT 09-08-201","","28494894299","02-Apr-16","","8,043.82","5,53,21,922.25",
"02-Apr-16","MAW/502964XXXXXX9192/Karu","","28494913095","02-Apr-16","","1,700.00","5,53,23,622.25",
"02-Apr-16","MAW/502964XXXXXX5869/Karu","","28494955430","02-Apr-16","","1,700.00","5,53,25,322.25",
"02-Apr-16","MAW/502964XXXXXX8828/Karu","","28494904055","02-Apr-16","","1,700.00","5,53,27,022.25",
"02-Apr-16","MAW/502964XXXXXX5612/Karu","","28494903122","02-Apr-16","","1,700.00","5,53,28,722.25",
"02-Apr-16","MAW/502964XXXXXX0069/Karu","","28494939328","02-Apr-16","","1,700.00","5,53,30,422.25",
"02-Apr-16","MAW/502964XXXXXX8339/Karu","","28494870081","02-Apr-16","","1,700.00","5,53,32,122.25",
"02-Apr-16","Indfor-MICRO ATM INC DT 0908","","28494870844","02-Apr-16","","0.36","5,53,32,122.61",
"04-Apr-16","Indfor-MICRO ATM WDL GST DT0","","28494918562","04-Apr-16","","0.07","5,53,32,122.68",
"04-Apr-16","Indfor-MICRO ATM INC DT 3107","","28494884207","04-Apr-16","","0.72","5,53,32,123.40",
"04-Apr-16","Indfor-MICRO ATM WDL GST DT3","","28494971385","04-Apr-16","","0.14","5,53,32,123.54",
"04-Apr-16","Indfor-MICRO ATM INC DT 3107","","28494869568","04-Apr-16","","0.36","5,53,32,123.90",
"04-Apr-16","Indfor-MICRO ATM WDL GST DT3","","28494877510","04-Apr-16","","0.07","5,53,32,123.97",
"04-Apr-16","Indfor-MICRO ATM INC DT 3107","","28494917172","04-Apr-16","","0.36","5,53,32,124.33",
"04-Apr-16","Indfor-MICRO ATM WDL GST DT3","","28494865413","04-Apr-16","","0.07","5,53,32,124.40",
"04-Apr-16","Indfor-MICRO ATM INC DT 0108","","28494955557","04-Apr-16","","10.8","5,53,32,135.20",
"04-Apr-16","Indfor-MICRO ATM WDL GST DT0","","28494964310","04-Apr-16","","2.16","5,53,32,137.36",
"04-Apr-16","Indfor-MICRO ATM INC DT 0208","","28494970740","04-Apr-16","","0.36","5,53,32,137.72",
"04-Apr-16","Indfor-MICRO ATM WDL GST DT0","","28494929697","04-Apr-16","","0.07","5,53,32,137.79",
"04-Apr-16","Indfor-MICRO ATM INC DT 0308","","28494943504","04-Apr-16","","0.36","5,53,32,138.15",
"04-Apr-16","Indfor-MICRO ATM WDL GST DT0","","28494923031","04-Apr-16","","0.07","5,53,32,138.22",
"04-Apr-16","Indfor-MICRO ATM INC DT 0308","28494864982","04-Apr-16","","0.36","5,53,32,138.58",
"04-Apr-16","Indfor-MICRO ATM WDL GST DT0","28494895633","04-Apr-16","","0.07","5,53,32,138.65",
"04-Apr-16","Indfor-MICRO ATM INC DT 0308","28494893043","04-Apr-16","","0.36","5,53,32,139.01",
"04-Apr-16","Indfor-MICRO ATM WDL GST DT0","28494862643","04-Apr-16","","0.07","5,53,32,139.08",
"04-Apr-16","Indfor-MICRO ATM INC DT 0908","28494965352","04-Apr-16","","0.36","5,53,32,139.44",
"04-Apr-16","Indfor-MICRO ATM WDL GST DT0","28494935985","04-Apr-16","","0.07","5,53,32,139.51",
"04-Apr-16","MAW/502964XXXXXX9461/Akol","28494967029","04-Apr-16","","900","5,53,33,039.51",
"04-Apr-16","MAW/502964XXXXXX2374/Karu","28494912862","04-Apr-16","","1,700.00","5,53,34,739.51",
"04-Apr-16","MAW/502964XXXXXX5745/Karu","28494886473","04-Apr-16","","1,700.00","5,53,36,439.51",
"04-Apr-16","MAW/502964XXXXXX6499/Karu","28494885978","04-Apr-16","","1,700.00","5,53,38,139.51",
"04-Apr-16","MAW/502964XXXXXX2291/Karu","28494961194","04-Apr-16","","1,700.00","5,53,39,839.51",
"04-Apr-16","MAW/502964XXXXXX5115/Karu","28494947081","04-Apr-16","","1,700.00","5,53,41,539.51",
"04-Apr-16","MAW/502964XXXXXX6531/Karu","28494906059","04-Apr-16","","1,700.00","5,53,43,239.51",
"04-Apr-16","MAW/502964XXXXXX2723/Karu","28494949473","04-Apr-16","","1,700.00","5,53,44,939.51",
"04-Apr-16","MAW/502964XXXXXX7634/Karu","28494915982","04-Apr-16","","1,700.00","5,53,46,639.51",
"04-Apr-16","MAW/502964XXXXXX7973/Karu","28494954623","04-Apr-16","","1,700.00","5,53,48,339.51",
"04-Apr-16","MAW/502964XXXXXX0718/Karu","28494928915","04-Apr-16","","1,600.00","5,53,49,939.51",
"04-Apr-16","MAW/502964XXXXXX0385/Karu","28494907047","04-Apr-16","","1,500.00","5,53,51,439.51",
"04-Apr-16","MAW/502964XXXXXX5466/Karu","28494971279","04-Apr-16","","1,500.00","5,53,52,939.51",
"04-Apr-16","MAW/502964XXXXXX7313/Karu","28494920220","04-Apr-16","","1,700.00","5,53,54,639.51",
"04-Apr-16","Indiaforensic AEPS NPCI WDL SET","28494936073","04-Apr-16","","1,73,41,500.00","7,26,96,139.51",
"04-Apr-16","MAW/502964XXXXXX3929/Karu","28494908041","04-Apr-16","","1,700.00","7,26,97,839.51",
"04-Apr-16","MAW/502964XXXXXX0388/Karu","28494892881","04-Apr-16","","1,700.00","7,26,99,539.51",
"04-Apr-16","MAW/502964XXXXXX6763/Karu","28494944919","04-Apr-16","","1,700.00","7,27,01,239.51",
"04-Apr-16","Indiaforensic AEPS NPCI WDL SET","28494950407","04-Apr-16","","1,45,797.00","7,28,47,036.51",
"04-Apr-16","Indiaforensic AEPS NPCI WDL SET","28494878698","04-Apr-16","","86,260.00","7,29,33,296.51",
"04-Apr-16","CR821310480091/RMCPL19769/0","28494975322","04-Apr-16","1,000.00","","7,29,32,296.51",
"04-Apr-16","CR821310476743/RMCPL23207/0","28494972617","04-Apr-16","3,400.00","","7,29,28,896.51",
"04-Apr-16","CR821310476796/RMCPL25390/0","28494905610","04-Apr-16","1,000.00","","7,29,27,896.51",
"04-Apr-16","CR821310481668/RMCPL11793/0","28494935584","04-Apr-16","5,000.00","","7,29,22,896.51",
"04-Apr-16","CR821310482145/RMCPL25809/0","28494911133","04-Apr-16","1,000.00","","7,29,21,896.51",
"04-Apr-16","CR821310482060/RMCPL15559/0","28494901701","04-Apr-16","900","","7,29,20,996.51",
"04-Apr-16","CR821310481791/RMCPL16659/0","28494914258","04-Apr-16","1,000.00","","7,29,19,996.51",
"04-Apr-16","CR821310481689/RMCPL25729/0","28494870151","04-Apr-16","3,000.00","","7,29,16,996.51",
"04-Apr-16","CR821312511477/RMCPL22235/0","28494866804","04-Apr-16","2,000.00","","7,29,14,996.51",
"04-Apr-16","CR821309456931/RMCPL20620/0","28494974556","04-Apr-16","1,000.00","","7,29,13,996.51",
"04-Apr-16","CR821310474527/RMCPL02810/0","28494895869","04-Apr-16","1,000.00","","7,29,12,996.51",
"04-Apr-16","CR821310474533/RMCPL15438/0","28494910160","04-Apr-16","5,000.00","","7,29,07,996.51",
"04-Apr-16","CR821310474542/RMCPL24866/0","28494912149","04-Apr-16","2,000.00","","7,29,05,996.51",
"04-Apr-16","CR821312516490/RMCPL23268/0","28494932775","04-Apr-16","4,900.00","","7,29,01,096.51",
"04-Apr-16","CR821309463804/RMCPL22867/0","28494918381","04-Apr-16","1,000.00","","7,29,00,096.51",
"04-Apr-16","CR821309463807/RMCPL14382/0","28494938993","04-Apr-16","2,000.00","","7,28,98,096.51",
"04-Apr-16","CR821311494351/RMCPL18547/0","28494908147","04-Apr-16","4,000.00","","7,28,94,096.51",
"04-Apr-16","CR821316573894/RMCPL24425/0","28494891095","04-Apr-16","2,000.00","","7,28,92,096.51",
"04-Apr-16","CR821317593082/RMCPL12121/0","28494862500","04-Apr-16","1,000.00","","7,28,91,096.51",
"04-Apr-16","CR821417863056/RMCPL16622/0","28494936861","04-Apr-16","2,000.00","","7,28,89,096.51",
"04-Apr-16","CR821411780146/RMCPL22397/0","28494961196","04-Apr-16","10,000.00","","7,28,79,096.51",
"04-Apr-16","CR821415832923/RMCPL22499/0","28494935076","04-Apr-16","2,500.00","","7,28,76,596.51",
"04-Apr-16","CR821415832935/RMCPL25229/0","28494898687","04-Apr-16","1,000.00","","7,28,75,596.51",
"04-Apr-16","CR821410760028/RMCPL20987/0","28494916860","04-Apr-16","10,000.00","","7,28,65,596.51",
"04-Apr-16","CR821409738106/RMCPL23810/0","28494918479","04-Apr-16","500","7,28,65,096.51",
"04-Apr-16","CR821418882744/RMCPL19779/0","28494882195","04-Apr-16","4,000.00","7,28,61,096.51",
"04-Apr-16","CR821410760021/RMCPL24710/0","28494887178","04-Apr-16","1,500.00","7,28,59,596.51",
"04-Apr-16","CR821408722985/RMCPL19942/0","28494942237","04-Apr-16","800","7,28,58,796.51",
"04-Apr-16","CR821419909370/RMCPL23880/0","28494889289","04-Apr-16","2,000.00","7,28,56,796.51",
"04-Apr-16","CR821412786895/RMCPL15696/0","28494921277","04-Apr-16","1,000.00","7,28,55,796.51",
"04-Apr-16","CR821410760016/RMCPL15388/0","28494880114","04-Apr-16","1,000.00","7,28,54,796.51",
"04-Apr-16","CR821413805629/RMCPL22628/0","28494905965","04-Apr-16","2,000.00","7,28,52,796.51",
"04-Apr-16","CR821413805632/RMCPL15794/0","28494897742","04-Apr-16","1,000.00","7,28,51,796.51",
"04-Apr-16","CR821412799046/RMCPL17234/0","28494939268","04-Apr-16","500","7,28,51,296.51",
"04-Apr-16","CR821412786891/RMCPL19899/0","28494907227","04-Apr-16","500","7,28,50,796.51",
"04-Apr-16","CR821416845346/RMCPL28105/0","28494925792","04-Apr-16","3,000.00","7,28,47,796.51",
"04-Apr-16","CR821419914338/RMCPL07093/0","28494970717","04-Apr-16","500","7,28,47,296.51",
"04-Apr-16","CR821415838737/RMCPL18312/0","28494894348","04-Apr-16","1,200.00","7,28,46,096.51",
"04-Apr-16","CR821510002626/RMCPL21455/0","28494906974","04-Apr-16","1,000.00","7,28,45,096.51",
"04-Apr-16","CR821515087154/RMCPL22133/0","28494968011","04-Apr-16","8,000.00","7,28,37,096.51",
"04-Apr-16","CR821515087156/RMCPL15326/0","28494908926","04-Apr-16","2,000.00","7,28,35,096.51",
"04-Apr-16","CR821512035153/RMCPL14126/0","28494947330","04-Apr-16","10,000.00","7,28,25,096.51",
"04-Apr-16","CR821514068387/RMCPL24066/0","28494876655","04-Apr-16","10,000.00","7,28,15,096.51",
"04-Apr-16","CR821516096498/RMCPL23378/0","28494943167","04-Apr-16","2,000.00","7,28,13,096.51",
"04-Apr-16","CR821513054924/RMCPL07093/0","28494963432","04-Apr-16","2,000.00","7,28,11,096.51",
"04-Apr-16","CR821513054922/RMCPL11613/0","28494874076","04-Apr-16","1,500.00","7,28,09,596.51",
"04-Apr-16","CR821510001664/RMCPL25366/0","28494907644","04-Apr-16","2,000.00","7,28,07,596.51",
"04-Apr-16","CR821510003474/RMCPL21354/0","28494912501","04-Apr-16","500","7,28,07,096.51",
"04-Apr-16","CR821511016141/RMCPL18859/0","28494883364","04-Apr-16","10,000.00","7,27,97,096.51",
"04-Apr-16","CR821516097248/RMCPL21455/0","28494878085","04-Apr-16","2,000.00","7,27,95,096.51",
"04-Apr-16","CR821517108841/RMCPL15602/0","28494891460","04-Apr-16","500","7,27,94,596.51",
"04-Apr-16","CR821510015182/RMCPL19108/0","28494919947","04-Apr-16","500","7,27,94,096.51",
"04-Apr-16","CR821917029973/RMCPL18303/0","28494936575","04-Apr-16","1,000.00","7,27,93,096.51",
"04-Apr-16","CR821916012845/RMCPL21454/0","28494912117","04-Apr-16","5,000.00","7,27,88,096.51",
"04-Apr-16","CR821917024565/RMCPL08225/0","28494859598","04-Apr-16","4,000.00","7,27,84,096.51",
"04-Apr-16","CR821916009021/RMCPL20404/0","28494927881","04-Apr-16","1,000.00","7,27,83,096.51",
"04-Apr-16","CR821916009025/RMCPL10073/0","28494865209","04-Apr-16","1,800.00","7,27,81,296.51",
"04-Apr-16","CR821916009022/RMCPL22133/0","28494864928","04-Apr-16","2,000.00","7,27,79,296.51",
"04-Apr-16","CR821812714768/RMCPL20871/0","28494879739","04-Apr-16","1,000.00","7,27,78,296.51",
"04-Apr-16","CR821910931765/RMCPL24605/0","28494924864","04-Apr-16","2,500.00","7,27,75,796.51",
"04-Apr-16","CR821911949429/RMCPL18380/0","28494881810","04-Apr-16","500","7,27,75,296.51",
"04-Apr-16","CR821910931807/RMCPL00216/0","28494926169","04-Apr-16","1,000.00","7,27,74,296.51",
"04-Apr-16","CR821518121626/RMCPL16774/0","28494972919","04-Apr-16","2,000.00","7,27,72,296.51",
"04-Apr-16","CR821517108863/RMCPL18538/0","28494894422","04-Apr-16","4,000.00","7,27,68,296.51",
"04-Apr-16","CR821516103298/RMCPL18536/0","28494894137","04-Apr-16","500","7,27,67,796.51",
"04-Apr-16","CR821518121634/RMCPL24066/0","28494906469","04-Apr-16","500","7,27,67,296.51",
"04-Apr-16","CR821710455734/RMCPL05050/0","28494909132","04-Apr-16","1,000.00","7,27,66,296.51",
"04-Apr-16","CR821610252852/RMCPL23688/0","28494892112","04-Apr-16","10,000.00","7,27,56,296.51",
"04-Apr-16","CR821616322349/RMCPL20628/0","28494938408","04-Apr-16","2,000.00","7,27,54,296.51",
"04-Apr-16","CR821610252840/RMCPL10073/0","28494918014","04-Apr-16","1,800.00","7,27,52,496.51",
"04-Apr-16","CR821617327305/RMCPL05050/0","28494890268","04-Apr-16","1,000.00","7,27,51,496.51",
"04-Apr-16","CR821616322353/RMCPL20001/0","28494898958","04-Apr-16","2,300.00","7,27,49,196.51",
"04-Apr-16","CR821611258999/RMCPL25029/0","28494964490","04-Apr-16","3,000.00","7,27,46,196.51",
"04-Apr-16","CR821610239561/RMCPL15535/0","28494872357","04-Apr-16","2,000.00","7,27,44,196.51",
"04-Apr-16","CR821610239559/RMCPL22976/0","28494866674","04-Apr-16","2,000.00","7,27,42,196.51",
"04-Apr-16","CR821611271770/RMCPL23513/0","28494904381","04-Apr-16","1,000.00","7,27,41,196.51",
"04-Apr-16","CR821613298060/RMCPL26557/0","28494949633","04-Apr-16","500","7,27,40,696.51",
"04-Apr-16","CR821818802319/RMCPL15326/0","28494888952","04-Apr-16","1,500.00","7,27,39,196.51",
"04-Apr-16","CR821809666818/RMCPL14884/0","28494966471","04-Apr-16","500","7,27,38,696.51",
"04-Apr-16","CR821813735030/RMCPL07629/0","28494923723","04-Apr-16","500","7,27,38,196.51",
"04-Apr-16","CR821814749289/RMCPL11131/0","28494893438","04-Apr-16","500","7,27,37,696.51",
"04-Apr-16","CR821814749276/RMCPL15879/0","28494886543","04-Apr-16","500","7,27,37,196.51",
"04-Apr-16","CR821811697526/RMCPL20136/0","28494918191","04-Apr-16","800","7,27,36,396.51",
"04-Apr-16","CR821816781041/RMCPL27951/0","28494888836","04-Apr-16","2,000.00","7,27,34,396.51",
"04-Apr-16","CR821816781021/RMCPL08171/0","28494949022","04-Apr-16","700","7,27,33,696.51",
"04-Apr-16","CR821911942153/RMCPL15388/0","28494913740","04-Apr-16","1,000.00","7,27,32,696.51",
"04-Apr-16","CR821910933655/RMCPL22284/0","28494927102","04-Apr-16","1,000.00","7,27,31,696.51",
"04-Apr-16","CR821914988746/RMCPL12343/0","28494913583","04-Apr-16","6,000.00","7,27,25,696.51",
"04-Apr-16","CR821910927437/RMCPL19418/0","28494929749","04-Apr-16","1,500.00","7,27,24,196.51",
"04-Apr-16","CR821913977913/RMCPL12796/0","28494934591","04-Apr-16","1,000.00","7,27,23,196.51",
"04-Apr-16","CR821913977915/RMCPL27447/0","28494868502","04-Apr-16","500","7,27,22,696.51",
"04-Apr-16","CR821912957636/RMCPL02151/0","28494882284","04-Apr-16","500","7,27,22,196.51",
"04-Apr-16","CR821914988764/RMCPL20182/0","28494914781","04-Apr-16","2,000.00","7,27,20,196.51",
"04-Apr-16","CR821618340924/RMCPL01394/0","28494871526","04-Apr-16","500","7,27,19,696.51",
"04-Apr-16","CR821814752787/RMCPL00791/0","28494973433","04-Apr-16","700","7,27,18,996.51",
"04-Apr-16","CR821814749247/RMCPL26549/0","28494877791","04-Apr-16","500","7,27,18,496.51",
"04-Apr-16","CR821913968354/RMCPL16879/0","28494945733","04-Apr-16","2,000.00","7,27,16,496.51",
"04-Apr-16","CR821911937853/RMCPL19554/0","28494919690","04-Apr-16","1,000.00","7,27,15,496.51",
"04-Apr-16","CR821913969426/RMCPL24053/0","28494924799","04-Apr-16","2,500.00","7,27,12,996.51",
"05-Apr-16","CR822018290487/RMCPL15429/0","28494919548","05-Apr-16","800","7,27,12,196.51",
"05-Apr-16","CR822015252635/RMCPL17788/0","28494964839","05-Apr-16","500","7,27,11,696.51",
"05-Apr-16","CR822009144722/RMCPL27311/0","28494972671","05-Apr-16","1,000.00","7,27,10,696.51",
"05-Apr-16","CR822011196797/RMCPL23084/0","28494926080","05-Apr-16","10,000.00","7,27,00,696.51",
"05-Apr-16","CR822014243835/RMCPL24591/0","28494915054","05-Apr-16","3,500.00","7,26,97,196.51",
"05-Apr-16","CR822016260521/RMCPL15717/0","28494860182","05-Apr-16","5,000.00","7,26,92,196.51",
"05-Apr-16","CR822009144741/RMCPL16439/0","28494900974","05-Apr-16","2,000.00","7,26,90,196.51",
"05-Apr-16","CR822011184660/RMCPL12864/0","28494952364","05-Apr-16","1,100.00","7,26,89,096.51",
"05-Apr-16","CR822012211927/RMCPL16282/0","28494961971","05-Apr-16","1,000.00","7,26,88,096.51",
"05-Apr-16","CR822012222780/RMCPL23472/0","28494957849","05-Apr-16","10,000.00","7,26,78,096.51",
"05-Apr-16","CR822011180750/RMCPL19869/0","28494908852","05-Apr-16","600","7,26,77,496.51",
"05-Apr-16","CR822011192709/RMCPL26747/0","28494868818","05-Apr-16","600","7,26,76,896.51",
"05-Apr-16","CR822012217426/RMCPL18017/0","28494971299","05-Apr-16","1,000.00","7,26,75,896.51",
"05-Apr-16","CR822012217407/RMCPL22967/0","28494933306","05-Apr-16","4,000.00","7,26,71,896.51",
"05-Apr-16","CR822010166166/RMCPL14380/0","28494950758","05-Apr-16","1,000.00","7,26,70,896.51",
"05-Apr-16","CR822011197625/RMCPL23207/0","28494932625","05-Apr-16","600","7,26,70,296.51",
"05-Apr-16","CR822013233320/RMCPL22628/0","28494948426","05-Apr-16","2,000.00","7,26,68,296.51",
"05-Apr-16","CR822011194168/RMCPL21556/0","28494893953","05-Apr-16","1,000.00","7,26,67,296.51",
"05-Apr-16","CR822011194066/RMCPL25136/0","28494864423","05-Apr-16","1,000.00","7,26,66,296.51",
"05-Apr-16","CR822011184573/RMCPL00857/0","28494962515","05-Apr-16","10,000.00","7,26,56,296.51",
"05-Apr-16","CR822011194124/RMCPL10943/0","28494883958","05-Apr-16","1,600.00","7,26,54,696.51",
"05-Apr-16","CR822017275969/RMCPL24294/0","28494949511","05-Apr-16","2,000.00","7,26,52,696.51",
"05-Apr-16","CR822011196135/RMCPL16221/0","28494937956","05-Apr-16","8,000.00","7,26,44,696.51",
"05-Apr-16","CR822014239139/RMCPL15998/0","28494864076","05-Apr-16","500","7,26,44,196.51",
"05-Apr-16","CR822012207266/RMCPL17436/0","28494972884","05-Apr-16","3,000.00","7,26,41,196.51",
"05-Apr-16","CR822012211917/RMCPL27399/0","","28494935079","05-Apr-16","500","","7,26,40,696.51",
"05-Apr-16","TRF TO","Indiaforensic SERVICES I","28494954485","05-Apr-16","1,00,00,000.00","","6,26,40,696.51",
"05-Apr-16","TRF TO","Indiaforensic SERVICES I","28494950338","05-Apr-16","1,00,00,000.00","","5,26,40,696.51",
"05-Apr-16","TRF TO","Indiaforensic SERVICES I","28494905875","05-Apr-16","50,00,000.00","","4,76,40,696.51",
"05-Apr-16","TRF TO","Indiaforensic SERVICES I","28494873699","05-Apr-16","1,50,00,000.00","","3,26,40,696.51",
"05-Apr-16","MAW/502964XXXXXX2205/Karu","","28494895137","05-Apr-16","","1,700.00","3,26,42,396.51",
"05-Apr-16","MAW/502964XXXXXX8671/Karu","","28494945082","05-Apr-16","","800","3,26,43,196.51",
"05-Apr-16","CB821411780133/RMCPL24646/0","","28494958920","05-Apr-16","1,000.00","","3,26,42,196.51",
"05-Apr-16","CB821712484614/RMCPL15602/0","","28494970624","05-Apr-16","500","","3,26,41,696.51",
"05-Apr-16","AEPS INCOME DT 10-08-2018","","28494865150","05-Apr-16","","43,897.82","3,26,85,594.33",
"05-Apr-16","AEPS GST INC DT 10-08-201","","28494938396","05-Apr-16","","8,779.56","3,26,94,373.89",
"05-Apr-16","AEPS INCOME DT 11-08-2018","","28494946301","05-Apr-16","","37,338.60","3,27,31,712.49",
"05-Apr-16","AEPS GST INC DT 11-08-201","","28494953739","05-Apr-16","","7,467.72","3,27,39,180.21",
"05-Apr-16","AEPS INCOME DT 12-08-2018","","28494937154","05-Apr-16","","22,804.51","3,27,61,984.72",
"05-Apr-16","AEPS GST INC DT 12-08-201","","28494890798","05-Apr-16","","4,560.90","3,27,66,545.62",
"05-Apr-16","AEPS ACQUIRING ADJ FEES 1","","28494866295","05-Apr-16","18","","3,27,66,527.92",
"05-Apr-16","AEPS ACQ CR ADJ FEES 1008","","28494898478","05-Apr-16","1,184.66","","3,27,65,343.26",
"05-Apr-16","MAW/502964XXXXXX6046/Karu","","28494904474","05-Apr-16","","1,800.00","3,27,67,143.26",
"05-Apr-16","MAW/502964XXXXXX5059/Karu","","28494958695","05-Apr-16","","1,800.00","3,27,68,943.26",
"05-Apr-16","MAW/502964XXXXXX8295/Karu","","28494893441","05-Apr-16","","1,700.00","3,27,70,643.26",
"05-Apr-16","MAW/502964XXXXXX4672/Karu","","28494923776","05-Apr-16","","1,800.00","3,27,72,443.26",
"05-Apr-16","MAW/502964XXXXXX4046/Karu","","28494907294","05-Apr-16","","1,800.00","3,27,74,243.26",
"05-Apr-16","MAW/502964XXXXXX7166/Karu","","28494960295","05-Apr-16","","1,700.00","3,27,75,943.26",
"05-Apr-16","Indiaforensic AEPS NPCI WDL SET","","28494970471","05-Apr-16","","1,58,37,200.00","4,86,13,143.26",
"05-Apr-16","MAW/502964XXXXXX7567/Karu","","28494965639","05-Apr-16","","3,500.00","4,86,16,643.26",
"05-Apr-16","MAW/502964XXXXXX7641/Karu","","28494895844","05-Apr-16","","4,000.00","4,86,20,643.26",
"05-Apr-16","MAW/502964XXXXXX9119/Karu","","28494902868","05-Apr-16","","1,700.00","4,86,22,343.26",
"05-Apr-16","TRF TO","Indiaforensic SERVICES I","28494883897","05-Apr-16","1,50,00,000.00","","3,36,22,343.26",
"05-Apr-16","TRF TO","Indiaforensic SERVICES I","28494938516","05-Apr-16","13,00,000.00","","3,23,22,343.26",
"05-Apr-16","AEPS INCOME DT 13-08-2018","","28494928347","05-Apr-16","","40,268.85","3,23,62,612.11",
"05-Apr-16","AEPS GST INC DT 13-08-201","","28494928419","05-Apr-16","","8,053.77","3,23,70,665.88",
"05-Apr-16","","atm settlement","0","05-Apr-16","30","","3,23,70,636.38",
"05-Apr-16","MAW/502964XXXXXX3725/Karu","","28494883377","05-Apr-16","","1,500.00","3,23,72,136.38",
"05-Apr-16","MAW/502964XXXXXX0369/Karu","","28494948368","05-Apr-16","","1,500.00","3,23,73,636.38",
"05-Apr-16","MAW/502964XXXXXX9647/Karu","","28494948042","05-Apr-16","","1,500.00","3,23,75,136.38",
"05-Apr-16","MAW/502964XXXXXX2333/Karu","","28494931772","05-Apr-16","","1,700.00","3,23,76,836.38",
"05-Apr-16","Indiaforensic AEPS NPCI WDL SET","","28494970259","05-Apr-16","","15,45,490.00","3,39,22,326.38",
"05-Apr-16","Indiaforensic AEPS NPCI WDL SET","","28494907977","05-Apr-16","","85,43,600.00","4,24,65,926.38",
"05-Apr-16","CR822113472358/RMCPL25339/0","","28494938826","05-Apr-16","1,000.00","","4,24,64,926.38",
"05-Apr-16","CR822113472368/RMCPL10452/0","","28494893151","05-Apr-16","500","","4,24,64,426.38",
"05-Apr-16","CR822108389493/RMCPL14522/0","","28494866475","05-Apr-16","2,000.00","","4,24,62,426.38",
"05-Apr-16","CR822108396086/RMCPL15763/0","","28494875370","05-Apr-16","3,000.00","","4,24,59,426.38",
"05-Apr-16","CR822113478231/RMCPL25450/0","","28494900910","05-Apr-16","600","","4,24,58,826.38",
"05-Apr-16","CR822111439561/RMCPL14522/0","","28494890364","05-Apr-16","2,000.00","","4,24,56,826.38",
"05-Apr-16","CR822116508396/RMCPL20589/0","","28494922274","05-Apr-16","600","","4,24,56,226.38",
"05-Apr-16","CR822117523315/RMCPL26038/0","","28494930139","05-Apr-16","800","","4,24,55,426.38",
"05-Apr-16","CR822111445057/RMCPL11764/0","","28494947326","05-Apr-16","4,000.00","","4,24,51,426.38",
"05-Apr-16","CR822108396076/RMCPL25520/0","","28494880972","05-Apr-16","5,000.00","","4,24,46,426.38",
"05-Apr-16","CR822115494737/RMCPL22148/0","","28494972016","05-Apr-16","500","","4,24,45,926.38",
"05-Apr-16","CR822113478232/RMCPL26217/0","","28494913805","05-Apr-16","10,000.00","","4,24,35,926.38",
"05-Apr-16","CR822115494743/RMCPL19766/0","","28494938572","05-Apr-16","800","","4,24,35,126.38",
"05-Apr-16","CR822115494758/RMCPL16622/0","","28494912330","05-Apr-16","3,100.00","","4,24,32,026.38",
"05-Apr-16","CR822115499210/RMCPL09583/0","","28494966736","05-Apr-16","4,000.00","","4,24,28,026.38",
"05-Apr-16","CR822116508442/RMCPL24977/0","","28494873068","05-Apr-16","5,000.00","","4,24,23,026.38",
"05-Apr-16","TRF TO","Indiaforensic SERVICES I","28494953455","05-Apr-16","20,00,000.00","","4,04,23,026.38",
"05-Apr-16","TRF TO","Indiaforensic SERVICES I","28494973684","05-Apr-16","1,00,00,000.00","","3,04,23,026.38",
"05-Apr-16","TRF TO","Indiaforensic SERVICES I","28494917204","05-Apr-16","1,00,00,000.00","","2,04,23,026.38",
"05-Apr-16","MAW/502964XXXXXX8802/Karu","","28494922842","05-Apr-16","","1,700.00","2,04,24,726.38",
"05-Apr-16","MAW/502964XXXXXX8279/Karu","","28494926023","05-Apr-16","","1,700.00","2,04,26,426.38",
"05-Apr-16","MAW/502964XXXXXX8329/Karu","","28494966406","05-Apr-16","","1,700.00","2,04,28,126.38",
"05-Apr-16","MAW/502964XXXXXX6141/Karu","","28494935706","05-Apr-16","","1,700.00","2,04,29,826.38",
"05-Apr-16","MAW/502964XXXXXX1592/Cudd","","28494931400","05-Apr-16","","500","2,04,30,326.38",
"05-Apr-16","MAW/502964XXXXXX6701/Karu","","28494898249","05-Apr-16","","1,800.00","2,04,32,126.38",
"05-Apr-16","AEPS INCOME DT 14-08-2018","","28494872590","05-Apr-16","","39,041.03","2,04,71,167.41",
"05-Apr-16","AEPS GST INC DT 14-08-201","","28494878073","05-Apr-16","","7,808.21","2,04,78,975.62",
"05-Apr-16","AEPS INCOME DT 15-08-2018","","28494921554","05-Apr-16","","21,938.81","2,05,00,914.43",
"05-Apr-16","AEPS GST INC DT 15-08-201","","28494908205","05-Apr-16","","4,387.76","2,05,05,302.19",
"05-Apr-16","AEPS ACQUIRING ADJ FEES 1","","28494868245","05-Apr-16","21","","2,05,05,281.54",
"05-Apr-16","AEPS ACQ CR ADJ FEES 1408","","28494925473","05-Apr-16","176","","2,05,05,105.72",
"05-Apr-16","AEPS ACQ REP ADJ FEES 140","","28494941038","05-Apr-16","","17.7","2,05,05,123.42",
"05-Apr-16","MAW/502964XXXXXX2088/NAGA","","28494901835","05-Apr-16","","700","2,05,05,823.42",
"05-Apr-16","TRF TO","Indiaforensic SERVICES I","28494937027","05-Apr-16","10,00,000.00","","1,95,05,823.42",
"05-Apr-16","TRF TO","Indiaforensic SERVICES I","28494879152","05-Apr-16","10,00,000.00","","1,85,05,823.42",
"05-Apr-16","MICRO ATM WDL FEE DATED 1","","28494959870","05-Apr-16","","100","1,85,05,923.42",
"05-Apr-16","MICRO ATM WDL FEE DATED 1","","28494968058","05-Apr-16","","500","1,85,06,423.42",
"05-Apr-16","NFS MICRO ATM GST DATED 1","","28494925881","05-Apr-16","","0.36","1,85,06,423.78",
"05-Apr-16","NFS MICRO ATM INC DATED 1","","28494867738","05-Apr-16","","0.07","1,85,06,423.85",
"05-Apr-16","NFS MICRO ATM GST DATED 1","","28494885521","05-Apr-16","","1.8","1,85,06,425.65",
"05-Apr-16","NFS MICRO ATM INC DATED 1","","28494872663","05-Apr-16","","0.36","1,85,06,426.01",
"05-Apr-16","MAW/502964XXXXXX8203/Karu","","28494891232","05-Apr-16","","1,700.00","1,85,08,126.01",
"05-Apr-16","MAW/502964XXXXXX1765/NAGA","","28494938264","05-Apr-16","","400","1,85,08,526.01",
"05-Apr-16","MAW/502964XXXXXX7160/Karu","","28494899495","05-Apr-16","","1,700.00","1,85,10,226.01",
"05-Apr-16","MAW/502964XXXXXX3507/Karu","","28494875627","05-Apr-16","","1,700.00","1,85,11,926.01",
"05-Apr-16","MAW/502964XXXXXX7286/Karu","","28494888630","05-Apr-16","","1,700.00","1,85,13,626.01",
"05-Apr-16","Indiaforensic AEPS NPCI WDL SET","","28494964849","05-Apr-16","","1,46,22,300.00","3,31,35,926.01",
"05-Apr-16","CB822510350607/RMCPL22469/1","","28494974206","05-Apr-16","1,000.00","","3,31,34,926.01",
"05-Apr-16","CB822513412053/RMCPL22133/1","","28494892643","05-Apr-16","3,400.00","","3,31,31,526.01",
"05-Apr-16","CB822516456061/RMCPL22038/1","","28494969161","05-Apr-16","600","","3,31,30,926.01",
"05-Apr-16","CB822511383884/RMCPL20827/1","","28494872827","05-Apr-16","2,000.00","","3,31,28,926.01",
"05-Apr-16","CB822515443583/RMCPL20628/1","","28494924078","05-Apr-16","4,000.00","","3,31,24,926.01",
"06-Apr-16","CB822515446244/RMCPL26809/1","","28494929156","06-Apr-16","500","","3,31,24,426.01",
"06-Apr-16","CB822509342226/RMCPL21549/1","","28494925921","06-Apr-16","700","","3,31,23,726.01",
"06-Apr-16","CB822512405900/RMCPL27013/1","","28494942302","06-Apr-16","10,000.00","","3,31,13,726.01",
"06-Apr-16","CB822512391894/RMCPL19782/1","","28494961967","06-Apr-16","3,000.00","","3,31,10,726.01",
"06-Apr-16","CB822511383950/RMCPL26747/1","","28494862419","06-Apr-16","1,000.00","","3,31,09,726.01",
"06-Apr-16","CB822512391786/RMCPL22469/1","","28494938044","06-Apr-16","500","","3,31,09,226.01",
"06-Apr-16","CB822513418056/RMCPL10677/1","","28494923205","06-Apr-16","500","","3,31,08,726.01",
"06-Apr-16","CB822515447805/RMCPL19298/1","","28494955177","06-Apr-16","2,000.00","","3,31,06,726.01",
"06-Apr-16","CB822511371870/RMCPL15382/1","","28494894223","06-Apr-16","1,000.00","","3,31,05,726.01",
"06-Apr-16","CB822516467483/RMCPL23184/1","","28494919377","06-Apr-16","500","","3,31,05,226.01",
"06-Apr-16","CB822512394146/RMCPL24427/1","","28494936528","06-Apr-16","","1,000.00","","3,31,04,226.01",
"06-Apr-16","CB822512405848/RMCPL18216/1","","28494971505","06-Apr-16","","1,200.00","","3,31,03,026.01",
"06-Apr-16","CB822512399903/RMCPL11814/1","","28494932589","06-Apr-16","","1,500.00","","3,31,01,526.01",
"06-Apr-16","CB822510359049/RMCPL16119/1","","28494872796","06-Apr-16","","3,000.00","","3,30,98,526.01",
"06-Apr-16","CB822512394080/RMCPL20722/1","","28494940398","06-Apr-16","","5,000.00","","3,30,93,526.01",
"06-Apr-16","CB822512394141/RMCPL19441/1","","28494893686","06-Apr-16","","1,500.00","","3,30,92,026.01",
"06-Apr-16","CB822512394147/RMCPL14558/1","","28494934573","06-Apr-16","","500","","3,30,91,526.01",
"06-Apr-16","CB822515447523/RMCPL21533/1","","28494908868","06-Apr-16","","6,000.00","","3,30,85,526.01",
"06-Apr-16","CB822510365473/RMCPL20874/1","","28494965505","06-Apr-16","","4,000.00","","3,30,81,526.01",
"06-Apr-16","CB822515444448/RMCPL24591/1","","28494922606","06-Apr-16","","3,000.00","","3,30,78,526.01",
"06-Apr-16","CB822517472729/RMCPL20482/1","","28494872487","06-Apr-16","","2,500.00","","3,30,76,026.01",
"06-Apr-16","CB822312942465/RMCPL20088/1","","28494875532","06-Apr-16","","1,000.00","","3,30,75,026.01",
"06-Apr-16","CB822309894665/RMCPL18974/1","","28494961731","06-Apr-16","","10,000.00","","3,30,65,026.01",
"06-Apr-16","CB822312942476/RMCPL11794/1","","28494941193","06-Apr-16","","1,000.00","","3,30,64,026.01",
"06-Apr-16","CB822309894013/RMCPL11405/1","","28494970202","06-Apr-16","","700","","3,30,63,326.01",
"06-Apr-16","CB822311918510/RMCPL20937/1","","28494870637","06-Apr-16","","500","","3,30,62,826.01",
"06-Apr-16","CB822310908796/RMCPL25186/1","","28494945216","06-Apr-16","","1,700.00","","3,30,61,126.01",
"06-Apr-16","CB822313954638/RMCPL26215/1","","28494972483","06-Apr-16","","1,000.00","","3,30,60,126.01",
"06-Apr-16","CB822317009929/RMCPL13501/1","","28494917348","06-Apr-16","","10,000.00","","3,30,50,126.01",
"06-Apr-16","CB822212702779/RMCPL23821/1","","28494871772","06-Apr-16","","1,000.00","","3,30,49,126.01",
"06-Apr-16","CB822215750398/RMCPL18216/1","","28494950031","06-Apr-16","","2,000.00","","3,30,47,126.01",
"06-Apr-16","CB822213722595/RMCPL20827/1","","28494866196","06-Apr-16","","7,000.00","","3,30,40,126.01",
"06-Apr-16","CB822213722612/RMCPL21336/1","","28494881843","06-Apr-16","","1,500.00","","3,30,38,626.01",
"06-Apr-16","CB822217774856/RMCPL22130/1","","28494884192","06-Apr-16","","4,500.00","","3,30,34,126.01",
"06-Apr-16","CB822218797405/RMCPL19474/1","","28494863371","06-Apr-16","","1,000.00","","3,30,33,126.01",
"06-Apr-16","CB822208642955/RMCPL17405/1","","28494920129","06-Apr-16","","10,000.00","","3,30,23,126.01",
"06-Apr-16","CB822212701654/RMCPL26560/1","","28494894658","06-Apr-16","","2,000.00","","3,30,21,126.01",
"06-Apr-16","CB822212701720/RMCPL09588/1","","28494876774","06-Apr-16","","8,000.00","","3,30,13,126.01",
"06-Apr-16","CB822217769366/RMCPL18216/1","","28494900252","06-Apr-16","","700","","3,30,12,426.01",
"06-Apr-16","CB822217769348/RMCPL17454/1","","28494956886","06-Apr-16","","500","","3,30,11,926.01",
"06-Apr-16","CB822213716841/RMCPL25243/1","","28494872140","06-Apr-16","","4,000.00","","3,30,07,926.01",
"06-Apr-16","MAW/502964XXXXXX5674/Karu","","28494859697","06-Apr-16","","","1,700.00","3,30,09,626.01",
"06-Apr-16","AEPS INCOME DT 16-08-2018","","28494884630","06-Apr-16","","","37,085.29","3,30,46,711.30",
"06-Apr-16","AEPS GST INC DT 16-08-201","","28494969296","06-Apr-16","","","7,417.06","3,30,54,128.36",
"06-Apr-16","AEPS ACQUIRING ADJ FEES 1","","28494887367","06-Apr-16","","6","","3,30,54,122.46",
"06-Apr-16","AEPS ACQ CR ADJ FEES 1608","","28494885831","06-Apr-16","","478","","3,30,53,643.97",
"06-Apr-16","AEPS ACQ REP ADJ FEES 160","","28494929533","06-Apr-16","","","11.8","3,30,53,655.77",
"06-Apr-16","TRF TO","Indiaforensic SERVICES I","28494945323","06-Apr-16","1,46,00,000.00","","","1,84,53,655.77",
"06-Apr-16","MAW/502964XXXXXX6125/Karu","","28494914060","06-Apr-16","","","1,700.00","1,84,55,355.77",
"06-Apr-16","Indiaforensic AEPS NPCI WDL SET","","28494957344","06-Apr-16","","","1,30,22,400.00","3,14,77,755.77",
"06-Apr-16","MAW/502964XXXXXX8595/NAGA","","28494893007","06-Apr-16","","","200","3,14,77,955.77",
"06-Apr-16","TRF TO","Indiaforensic SERVICES I","28494912638","06-Apr-16","30,00,000.00","","","2,84,77,955.77",
"06-Apr-16","TRF TO","Indiaforensic SERVICES I","28494888859","06-Apr-16","1,00,00,000.00","","","1,84,77,955.77",
"06-Apr-16","MAW/502964XXXXXX7770/Karu","","28494974515","06-Apr-16","","","1,700.00","1,84,79,655.77",
"06-Apr-16","MAW/502964XXXXXX8073/Pand","","28494873246","06-Apr-16","","","2,000.00","1,84,81,655.77",
"06-Apr-16","MAW/502964XXXXXX8303/Karu","","28494904653","06-Apr-16","","","1,700.00","1,84,83,355.77",
"06-Apr-16","MAW/502964XXXXXX4638/Karu","","28494931702","06-Apr-16","","","1,700.00","1,84,85,055.77",
"06-Apr-16","MAW/502964XXXXXX9077/Karu","","28494961960","06-Apr-16","","","1,700.00","1,84,86,755.77",
"06-Apr-16","MAW/502964XXXXXX6224/Karu","","28494916497","06-Apr-16","","","1,700.00","1,84,88,455.77",
"06-Apr-16","MAW/502964XXXXXX7020/Karu","","28494939186","06-Apr-16","","","1,700.00","1,84,90,155.77",
"06-Apr-16","MAW/502964XXXXXX9036/Karu","28494919612","06-Apr-16","","1,700.00","1,84,91,855.77",
"06-Apr-16","MAW/502964XXXXXX7358/Karu","28494863692","06-Apr-16","","1,700.00","1,84,93,555.77",
"06-Apr-16","AEPS INCOME DT 17-08-2018","28494912653","06-Apr-16","","32,685.84","1,85,26,241.61",
"06-Apr-16","AEPS GST INC DT 17-08-201","28494918224","06-Apr-16","","6,537.17","1,85,32,778.78",
"06-Apr-16","MAW/502964XXXXXX0568/Karu","28494920798","06-Apr-16","","1,800.00","1,85,34,578.78",
"06-Apr-16","MAW/502964XXXXXX1930/NAGA","28494864208","06-Apr-16","","500","1,85,35,078.78",
"06-Apr-16","MAW/502964XXXXXX3590/Karu","28494939590","06-Apr-16","","1,700.00","1,85,36,778.78",
"06-Apr-16","MAW/502964XXXXXX7117/Karu","28494901665","06-Apr-16","","1,600.00","1,85,38,378.78",
"06-Apr-16","Indiaforensic AEPS NPCI WDL SET","28494922299","06-Apr-16","","1,15,43,300.00","3,00,81,678.78",
"06-Apr-16","Indiaforensic AEPS NPCI WDL SET","28494970707","06-Apr-16","","90,93,300.00","3,91,74,978.78",
"06-Apr-16","MAW/502964XXXXXX6016/Akol","28494913899","06-Apr-16","","1,200.00","3,91,76,178.78",
"06-Apr-16","CR822717990279/RMCPL15035/1","28494966653","06-Apr-16","500","","3,91,75,678.78",
"06-Apr-16","CR822611659234/RMCPL19298/1","28494890999","06-Apr-16","1,000.00","","3,91,74,678.78",
"06-Apr-16","CR822611659240/RMCPL09617/1","28494876083","06-Apr-16","3,000.00","","3,91,71,678.78",
"06-Apr-16","CR822616737151/RMCPL19298/1","28494926642","06-Apr-16","500","","3,91,71,178.78",
"06-Apr-16","CR822608596182/RMCPL25186/1","28494921892","06-Apr-16","3,600.00","","3,91,67,578.78",
"06-Apr-16","CR822610623049/RMCPL09735/1","28494885403","06-Apr-16","500","","3,91,67,078.78",
"06-Apr-16","CR822612669139/RMCPL22607/1","28494914964","06-Apr-16","1,100.00","","3,91,65,978.78",
"06-Apr-16","CR822612669129/RMCPL22310/1","28494868735","06-Apr-16","700","","3,91,65,278.78",
"06-Apr-16","CR822618768834/RMCPL14511/1","28494896281","06-Apr-16","4,000.00","","3,91,61,278.78",
"06-Apr-16","CR822618775048/RMCPL10943/1","28494929797","06-Apr-16","500","","3,91,60,778.78",
"06-Apr-16","CR822611647486/RMCPL26747/1","28494871249","06-Apr-16","10,000.00","","3,91,50,778.78",
"06-Apr-16","CR822611647423/RMCPL12164/1","28494901861","06-Apr-16","2,500.00","","3,91,48,278.78",
"06-Apr-16","CR822610635451/RMCPL15559/1","28494900133","06-Apr-16","10,000.00","","3,91,38,278.78",
"06-Apr-16","CR822616737139/RMCPL25071/1","28494940151","06-Apr-16","500","","3,91,37,778.78",
"06-Apr-16","CR822617752478/RMCPL24821/1","28494955562","06-Apr-16","500","","3,91,37,278.78",
"06-Apr-16","CR822617752469/RMCPL11793/1","28494946830","06-Apr-16","4,000.00","","3,91,33,278.78",
"06-Apr-16","CR822617752464/RMCPL14724/1","28494950330","06-Apr-16","7,000.00","","3,91,26,278.78",
"06-Apr-16","CR822617757589/RMCPL11949/1","28494894530","06-Apr-16","6,500.00","","3,91,19,778.78",
"06-Apr-16","CR822614709871/RMCPL11019/1","28494890669","06-Apr-16","500","","3,91,19,278.78",
"06-Apr-16","CR822614709846/RMCPL23810/1","28494946714","06-Apr-16","2,000.00","","3,91,17,278.78",
"06-Apr-16","CR822616737134/RMCPL09409/1","28494923666","06-Apr-16","3,500.00","","3,91,13,778.78",
"06-Apr-16","CR822616737152/RMCPL12393/1","28494912318","06-Apr-16","5,000.00","","3,91,08,778.78",
"06-Apr-16","CR822611659248/RMCPL22022/1","28494889459","06-Apr-16","1,500.00","","3,91,07,278.78",
"06-Apr-16","CR822717990279/RMCPL15035/1","28494957247","06-Apr-16","500","","3,91,06,778.78",
"06-Apr-16","CR822611659234/RMCPL19298/1","28494939687","06-Apr-16","1,000.00","","3,91,05,778.78",
"06-Apr-16","CR822611659240/RMCPL09617/1","28494868943","06-Apr-16","3,000.00","","3,91,02,778.78",
"06-Apr-16","CR822616737151/RMCPL19298/1","28494897659","06-Apr-16","500","","3,91,02,278.78",
"06-Apr-16","CR822608596182/RMCPL25186/1","28494954976","06-Apr-16","3,600.00","","3,90,98,678.78",
"06-Apr-16","CR822610623049/RMCPL09735/1","28494916784","06-Apr-16","500","","3,90,98,178.78",
"06-Apr-16","CR822612669139/RMCPL22607/1","28494908347","06-Apr-16","1,100.00","","3,90,97,078.78",
"06-Apr-16","CR822612669129/RMCPL22310/1","28494935293","06-Apr-16","700","","3,90,96,378.78",
"06-Apr-16","CR822618768834/RMCPL14511/1","28494961604","06-Apr-16","4,000.00","","3,90,92,378.78",
"06-Apr-16","CR822618775048/RMCPL10943/1","28494895971","06-Apr-16","500","","3,90,91,878.78",
"06-Apr-16","CR822611647486/RMCPL26747/1","28494969883","06-Apr-16","10,000.00","","3,90,81,878.78",
"06-Apr-16","CR822611647423/RMCPL12164/1","28494941570","06-Apr-16","2,500.00","","3,90,79,378.78",
"06-Apr-16","CR822610635451/RMCPL15559/1","28494947329","06-Apr-16","10,000.00","","3,90,69,378.78",
"06-Apr-16","CR822616737139/RMCPL25071/1","28494881137","06-Apr-16","500","","3,90,68,878.78",
"06-Apr-16","CR822617752478/RMCPL24821/1","28494887904","06-Apr-16","500","","3,90,68,378.78",
"06-Apr-16","CR822617752469/RMCPL11793/1","28494966268","06-Apr-16","4,000.00","","3,90,64,378.78",
"06-Apr-16","CR822617752464/RMCPL14724/1","","28494875448","06-Apr-16","7,000.00","","3,90,57,378.78",
"06-Apr-16","CR822617757589/RMCPL11949/1","","28494945005","06-Apr-16","6,500.00","","3,90,50,878.78",
"06-Apr-16","CR822614709871/RMCPL11019/1","","28494910999","06-Apr-16","500","","3,90,50,378.78",
"06-Apr-16","CR822614709846/RMCPL23810/1","","28494960567","06-Apr-16","2,000.00","","3,90,48,378.78",
"07-Apr-16","CR822616737134/RMCPL09409/1","","28494895458","07-Apr-16","3,500.00","","3,90,44,878.78",
"07-Apr-16","CR822616737152/RMCPL12393/1","","28494904657","07-Apr-16","5,000.00","","3,90,39,878.78",
"07-Apr-16","CR822611659248/RMCPL22022/1","","28494861358","07-Apr-16","1,500.00","","3,90,38,378.78",
"07-Apr-16","TRF TO","Indiaforensic SERVICES I","28494962457","07-Apr-16","1,48,00,000.00","","2,42,38,378.78",
"07-Apr-16","TRF TO","Indiaforensic SERVICES I","28494922593","07-Apr-16","58,00,000.00","","1,84,38,378.78",
"07-Apr-16","CR822717990279/RMCPL15035/1","","28494923715","07-Apr-16","","500","1,84,38,878.78",
"07-Apr-16","CR822611659234/RMCPL19298/1","","28494938138","07-Apr-16","","1,000.00","1,84,39,878.78",
"07-Apr-16","CR822611659240/RMCPL09617/1","","28494946642","07-Apr-16","","3,000.00","1,84,42,878.78",
"07-Apr-16","CR822616737151/RMCPL19298/1","","28494946391","07-Apr-16","","500","1,84,43,378.78",
"07-Apr-16","CR822608596182/RMCPL25186/1","","28494926905","07-Apr-16","","3,600.00","1,84,46,978.78",
"07-Apr-16","CR822610623049/RMCPL09735/1","","28494868855","07-Apr-16","","500","1,84,47,478.78",
"07-Apr-16","CR822612669139/RMCPL22607/1","","28494863902","07-Apr-16","","1,100.00","1,84,48,578.78",
"07-Apr-16","CR822612669129/RMCPL22310/1","","28494911525","07-Apr-16","","700","1,84,49,278.78",
"07-Apr-16","CR822618768834/RMCPL14511/1","","28494862925","07-Apr-16","","4,000.00","1,84,53,278.78",
"07-Apr-16","CR822618775048/RMCPL10943/1","","28494958317","07-Apr-16","","500","1,84,53,778.78",
"07-Apr-16","CR822611647486/RMCPL26747/1","","28494879376","07-Apr-16","","10,000.00","1,84,63,778.78",
"07-Apr-16","CR822611647423/RMCPL12164/1","","28494914742","07-Apr-16","","2,500.00","1,84,66,278.78",
"07-Apr-16","CR822610635451/RMCPL15559/1","","28494953300","07-Apr-16","","10,000.00","1,84,76,278.78",
"07-Apr-16","CR822616737139/RMCPL25071/1","","28494931026","07-Apr-16","","500","1,84,76,778.78",
"07-Apr-16","CR822617752478/RMCPL24821/1","","28494926959","07-Apr-16","","500","1,84,77,278.78",
"07-Apr-16","CR822617752469/RMCPL11793/1","","28494970259","07-Apr-16","","4,000.00","1,84,81,278.78",
"07-Apr-16","CR822617752464/RMCPL14724/1","","28494864825","07-Apr-16","","7,000.00","1,84,88,278.78",
"07-Apr-16","CR822617757589/RMCPL11949/1","","28494914440","07-Apr-16","","6,500.00","1,84,94,778.78",
"07-Apr-16","CR822614709871/RMCPL11019/1","","28494860113","07-Apr-16","","500","1,84,95,278.78",
"07-Apr-16","CR822614709846/RMCPL23810/1","","28494866992","07-Apr-16","","2,000.00","1,84,97,278.78",
"07-Apr-16","CR822616737134/RMCPL09409/1","","28494924372","07-Apr-16","","3,500.00","1,85,00,778.78",
"07-Apr-16","CR822616737152/RMCPL12393/1","","28494898875","07-Apr-16","","5,000.00","1,85,05,778.78",
"07-Apr-16","CR822611659248/RMCPL22022/1","","28494866851","07-Apr-16","","1,500.00","1,85,07,278.78",
"07-Apr-16","AEPS INCOME DT 18-08-2018","","28494887502","07-Apr-16","","29,995.10","1,85,37,273.88",
"07-Apr-16","AEPS GST INC DT 18-08-201","","28494949288","07-Apr-16","","5,999.02","1,85,43,272.90",
"07-Apr-16","AEPS INCOME DT 19-18-2018","","28494865463","07-Apr-16","","24,515.78","1,85,67,788.68",
"07-Apr-16","AEPS GST INC DT 19-18-201","","28494863886","07-Apr-16","","4,903.16","1,85,72,691.84",
"07-Apr-16","AEPS ACQ CR ADJ FEES 1808","","28494956246","07-Apr-16","250","","1,85,72,442.27",
"07-Apr-16","AEPS ACQ REP ADJ FEES 180","","28494930317","07-Apr-16","","26.55","1,85,72,468.82",
"07-Apr-16","AEPS PAY SPICE DIGITAL 18","","28494965932","07-Apr-16","","298.93","1,85,72,767.75",
"07-Apr-16","AEPS PAY SPICE DIGITAL 19","","28494924123","07-Apr-16","","848.31","1,85,73,616.06",
"07-Apr-16","MAW/502964XXXXXX3522/NAGA","","28494859568","07-Apr-16","","900","1,85,74,516.06",
"07-Apr-16","MAW/502964XXXXXX0634/Karu","","28494863217","07-Apr-16","","1,700.00","1,85,76,216.06",
"07-Apr-16","MAW/502964XXXXXX3506/NAGA","","28494924354","07-Apr-16","","800","1,85,77,016.06",
"07-Apr-16","MAW/502964XXXXXX7840/Karu","","28494946946","07-Apr-16","","1,700.00","1,85,78,716.06",
"07-Apr-16","MAW/502964XXXXXX2000/Karu","","28494893233","07-Apr-16","","1,700.00","1,85,80,416.06",
"07-Apr-16","MAW/502964XXXXXX6125/Karu","","28494917813","07-Apr-16","","1,700.00","1,85,82,116.06",
"07-Apr-16","CB822218790836/RMCPL21107/1","","28494916918","07-Apr-16","9,400.00","","1,85,72,716.06",
"07-Apr-16","Indiaforensic AEPS NPCI WDL SET","","28494903162","07-Apr-16","","99,62,200.00","2,85,34,916.06",
"07-Apr-16","CR822909383503/RMCPL02155/1","","28494916181","07-Apr-16","3,000.00","","2,85,31,916.06",
"07-Apr-16","CR822912440795/RMCPL19348/1","","28494878158","07-Apr-16","2,500.00","","2,85,29,416.06",
"07-Apr-16","CR822917495069/RMCPL22133/1","","28494967053","07-Apr-16","1,500.00","","2,85,27,916.06",
"07-Apr-16","CR822914468844/RMCPL13026/1","","28494870351","07-Apr-16","4,000.00","","2,85,23,916.06",
"07-Apr-16","CR822909375712/RMCPL17229/1","","28494936741","07-Apr-16","500","","2,85,23,416.06",
"07-Apr-16","CR822910390579/RMCPL21549/1","","28494881147","07-Apr-16","4,000.00","","2,85,19,416.06",
"07-Apr-16","TRF TO","Indiaforensic SERVICES I","28494923705","07-Apr-16","1,00,00,000.00","","1,85,19,416.06",
"07-Apr-16","MAW/502964XXXXXX0234/Karu","","28494973082","07-Apr-16","","1,700.00","1,85,21,116.06",
"07-Apr-16","MAW/502964XXXXXX5164/Karu","","28494892130","07-Apr-16","","1,700.00","1,85,22,816.06",
"07-Apr-16","MAW/502964XXXXXX6255/Karu","","28494863454","07-Apr-16","","1,900.00","1,85,24,716.06",
"07-Apr-16","AEPS PAY Indiaforensic 2008","","28494884657","07-Apr-16","","408.57","1,85,25,124.63",
"07-Apr-16","AEPS INCOME DT 20-08-2018","","28494873662","07-Apr-16","","25,884.34","1,85,51,008.97",
"07-Apr-16","AEPS GST INC DT 20-08-201","","28494892907","07-Apr-16","","5,176.87","1,85,56,185.84",
"07-Apr-16","AEPS ACQUIRING ADJ FEES 2","","28494877171","07-Apr-16","18","","1,85,56,168.14",
"07-Apr-16","AEPS ACQ CR ADJ FEES 2008","","28494967866","07-Apr-16","80","","1,85,56,088.49",
"07-Apr-16","TRF TO","Indiaforensic SERVICES I","28494940069","07-Apr-16","2,00,000.00","","1,83,56,088.49",
"07-Apr-16","Indiaforensic AEPS NPCI WDL SET","","28494936564","07-Apr-16","","1,49,82,100.00","3,33,38,188.49",
"07-Apr-16","TRF TO","Indiaforensic SERVICES I","28494863296","07-Apr-16","1,50,00,000.00","","1,83,38,188.49",
"07-Apr-16","Indiaforensic AEPS NPCI WDL SET","","28494887848","07-Apr-16","","86,78,400.00","2,70,16,588.49",
"07-Apr-16","MAW/502964XXXXXX1906/NAGA","","28494968705","07-Apr-16","","600","2,70,17,188.49",
"07-Apr-16","NPCI SETELEMENT DIFF_2208","","28494971642","07-Apr-16","","500","2,70,17,688.49",
"07-Apr-16","NPCI SETELEMENT DIFF_2108","","28494932720","07-Apr-16","","500","2,70,18,188.49",
"07-Apr-16","TRF TO","Indiaforensic SERVICES I","28494916951","07-Apr-16","87,00,000.00","","1,83,18,188.49",
"07-Apr-16","AEPS PAY Indiaforensic 2108","","28494926816","07-Apr-16","","897.99","1,83,19,086.48",
"07-Apr-16","AEPS PAY Indiaforensic 2208","","28494934748","07-Apr-16","","697.82","1,83,19,784.30",
"07-Apr-16","MICRO ATM WDL FEE DATED 2","","28494869450","07-Apr-16","","5,600.00","1,83,25,384.30",
"07-Apr-16","AEPS ACQUIRING ADJ FEES 2","","28494958226","07-Apr-16","23","","1,83,25,361.29",
"07-Apr-16","AEPS INCOME DT 21-08-2018","","28494905168","07-Apr-16","","39,138.53","1,83,64,499.82",
"07-Apr-16","AEPS GST INC DT 21-08-201","","28494894944","07-Apr-16","","7,827.71","1,83,72,327.53",
"07-Apr-16","AEPS INCOME DT 22-08-2018","","28494947876","07-Apr-16","","22,739.00","1,83,95,066.53",
"07-Apr-16","AEPS GST INC DT 22-08-201","","28494937345","07-Apr-16","","4,547.80","1,83,99,614.33",
"07-Apr-16","MICRO ATM WDL FEE DATED 2","","28494924593","07-Apr-16","","39,300.00","1,84,38,914.33",
"07-Apr-16","MICRO ATM WDL FEE DATED 2","","28494938453","07-Apr-16","","8,500.00","1,84,47,414.33",
"07-Apr-16","NFS MICRO ATM INC DATED 2","","28494888426","07-Apr-16","","20.16","1,84,47,434.49",
"07-Apr-16","NFS MICRO ATM GST DATED 2","","28494964160","07-Apr-16","","4.03","1,84,47,438.52",
"07-Apr-16","NFS MICRO ATM INC DATED 2","","28494880982","07-Apr-16","","30.6","1,84,47,469.12",
"07-Apr-16","NFS MICRO ATM GST DATED 2","","28494920454","07-Apr-16","","6.12","1,84,47,475.24",
"07-Apr-16","Indiaforensic AEPS NPCI WDL SET","","28494874954","07-Apr-16","","1,14,50,800.00","2,98,98,275.24",
"07-Apr-16","MAW/502964XXXXXX9780/Karu","","28494870713","07-Apr-16","","1,700.00","2,98,99,975.24",
"07-Apr-16","TRF TO","Indiaforensic SERVICES I","28494861909","07-Apr-16","1,15,00,000.00","","1,83,99,975.24",
"07-Apr-16","MICRO ATM WDL FEE DATED 2","","28494916180","07-Apr-16","","35,200.00","1,84,35,175.24",
"07-Apr-16","AEPS PAY Indiaforensic 2308","","28494953628","07-Apr-16","","199.29","1,84,35,374.53",
"07-Apr-16","MICRO ATM WDL FEE DATED 2","","28494890729","07-Apr-16","","42,200.00","1,84,77,574.53",
"07-Apr-16","AEPS INCOME DT 23-08-2018","","28494904026","07-Apr-16","","29,882.63","1,85,07,457.16",
"07-Apr-16","AEPS GST INC DT 23-08-201","","28494918563","07-Apr-16","","5,976.53","1,85,13,433.69",
"07-Apr-16","AEPS ACQ REP ADJ FEES 230","","28494881064","07-Apr-16","","17.7","1,85,13,451.39",
"07-Apr-16","NFS MICRO ATM INC DT 2308","","28494966675","07-Apr-16","","123.48","1,85,13,574.87",
"07-Apr-16","NFS MICRO ATM GST DT 2308","","28494951448","07-Apr-16","","24.7","1,85,13,599.57",
"07-Apr-16","NFS MICRO ATM INC DT 2308","","28494867836","07-Apr-16","","72","1,85,13,671.57",
"07-Apr-16","NFS MICRO ATM GST DT 2308","","28494877879","07-Apr-16","","14.4","1,85,13,685.97",
"07-Apr-16","NFS MICRO ATM INC DT 2408","","28494971861","07-Apr-16","","94.32","1,85,13,780.29",
"07-Apr-16","NFS MICRO ATM GST DT 2408","","28494884232","07-Apr-16","","18.87","1,85,13,799.16",
"07-Apr-16","MAW/502964XXXXXX0102/Vals","28494882902","07-Apr-16","","500","1,85,14,299.16",
"07-Apr-16","MAW/502964XXXXXX2319/Karu","28494974745","07-Apr-16","","1,600.00","1,85,15,899.16",
"07-Apr-16","MAW/502964XXXXXX7609/Karu","28494936355","07-Apr-16","","1,600.00","1,85,17,499.16",
"07-Apr-16","MAW/502964XXXXXX2685/Karu","28494948287","07-Apr-16","","1,600.00","1,85,19,099.16",
"07-Apr-16","MAW/502964XXXXXX1369/Karu","28494875532","07-Apr-16","","1,700.00","1,85,20,799.16",
"07-Apr-16","Indiaforensic AEPS NPCI WDL SET","28494967617","07-Apr-16","","1,20,78,100.00","3,05,98,899.16",
"07-Apr-16","CR823409642388/RMCPL25604/2","28494883067","07-Apr-16","1,200.00","","3,05,97,699.16",
"07-Apr-16","CR823409642385/RMCPL24364/2","28494968627","07-Apr-16","1,100.00","","3,05,96,599.16",
"07-Apr-16","CR823410651153/RMCPL21169/2","28494960480","07-Apr-16","2,100.00","","3,05,94,499.16",
"07-Apr-16","CR823410651170/RMCPL12251/2","28494934474","07-Apr-16","1,000.00","","3,05,93,499.16",
"07-Apr-16","CR823412689161/RMCPL19555/2","28494941863","07-Apr-16","1,000.00","","3,05,92,499.16",
"07-Apr-16","CR823311376480/RMCPL11592/2","28494920543","07-Apr-16","2,000.00","","3,05,90,499.16",
"07-Apr-16","CR823309325597/RMCPL19474/2","28494859922","07-Apr-16","1,100.00","","3,05,89,399.16",
"07-Apr-16","CR823309325596/RMCPL25038/2","28494927099","07-Apr-16","1,800.00","","3,05,87,599.16",
"07-Apr-16","CR823309325690/RMCPL19515/2","28494963951","07-Apr-16","3,000.00","","3,05,84,599.16",
"07-Apr-16","CR823310359043/RMCPL09585/2","28494902797","07-Apr-16","1,500.00","","3,05,83,099.16",
"07-Apr-16","CR823308318429/RMCPL12739/2","28494941207","07-Apr-16","2,500.00","","3,05,80,599.16",
"07-Apr-16","CR823308323007/RMCPL26809/2","28494876648","07-Apr-16","10,000.00","","3,05,70,599.16",
"07-Apr-16","CR823308318968/RMCPL19369/2","28494899313","07-Apr-16","1,000.00","","3,05,69,599.16",
"07-Apr-16","CR823308318958/RMCPL13536/2","28494865735","07-Apr-16","2,000.00","","3,05,67,599.16",
"07-Apr-16","bank settlement","0","07-Apr-16","2,000.00","","3,05,65,599.16",
"07-Apr-16","CR823308319008/RMCPL23562/2","28494907170","07-Apr-16","3,000.00","","3,05,62,599.16",
"07-Apr-16","CR823308319794/RMCPL24786/2","28494899267","07-Apr-16","3,700.00","","3,05,58,899.16",
"07-Apr-16","CR823314437810/RMCPL13369/2","28494906973","07-Apr-16","4,000.00","","3,05,54,899.16",
"07-Apr-16","CR823315447904/RMCPL20307/2","28494962176","07-Apr-16","1,000.00","","3,05,53,899.16",
"07-Apr-16","CR823316461664/RMCPL19369/2","28494899886","07-Apr-16","2,000.00","","3,05,51,899.16",
"07-Apr-16","CR823316461689/RMCPL19701/2","28494866764","07-Apr-16","2,000.00","","3,05,49,899.16",
"07-Apr-16","CR823316461684/RMCPL19173/2","28494952422","07-Apr-16","1,000.00","","3,05,48,899.16",
"07-Apr-16","CR823316457185/RMCPL11793/2","28494938218","07-Apr-16","2,000.00","","3,05,46,899.16",
"07-Apr-16","CR823311381415/RMCPL25987/2","28494971304","07-Apr-16","4,000.00","","3,05,42,899.16",
"07-Apr-16","CR823312385910/RMCPL16968/2","28494912404","07-Apr-16","1,000.00","","3,05,41,899.16",
"07-Apr-16","CR823309334001/RMCPL14751/2","28494886636","07-Apr-16","2,600.00","","3,05,39,299.16",
"07-Apr-16","CR823309334004/RMCPL11996/2","28494965198","07-Apr-16","4,500.00","","3,05,34,799.16",
"07-Apr-16","CR823309333984/RMCPL25311/2","28494864804","07-Apr-16","1,000.00","","3,05,33,799.16",
"07-Apr-16","CR823311381404/RMCPL25390/2","28494962703","07-Apr-16","1,000.00","","3,05,32,799.16",
"08-Apr-16","CR823308318191/RMCPL19793/2","28494953145","08-Apr-16","1,300.00","","3,05,31,499.16",
"08-Apr-16","CR823308322948/RMCPL19369/2","28494865115","08-Apr-16","500","","3,05,30,999.16",
"08-Apr-16","CR823308323045/RMCPL20893/2","28494910399","08-Apr-16","500","","3,05,30,499.16",
"08-Apr-16","CR823308322995/RMCPL23967/2","28494947063","08-Apr-16","5,000.00","","3,05,25,499.16",
"08-Apr-16","CR823309333995/RMCPL03220/2","28494891844","08-Apr-16","500","","3,05,24,999.16",
"08-Apr-16","CR823312385923/RMCPL19782/2","28494916194","08-Apr-16","4,000.00","","3,05,20,999.16",
"08-Apr-16","CR823309326745/RMCPL19181/2","28494947086","08-Apr-16","3,500.00","","3,05,17,499.16",
"08-Apr-16","CR823310352252/RMCPL20736/2","28494908233","08-Apr-16","500","","3,05,16,999.16",
"08-Apr-16","CR823309325692/RMCPL25397/2","28494874656","08-Apr-16","1,200.00","","3,05,15,799.16",
"08-Apr-16","CR823309326134/RMCPL13888/2","28494951601","08-Apr-16","500","","3,05,15,299.16",
"08-Apr-16","CR823309326281/RMCPL25346/2","28494924412","08-Apr-16","1,400.00","","3,05,13,899.16",
"08-Apr-16","CR823309326275/RMCPL15524/2","28494951299","08-Apr-16","1,000.00","","3,05,12,899.16",
"08-Apr-16","CR823309326266/RMCPL22856/2","28494973203","08-Apr-16","1,000.00","","3,05,11,899.16",
"08-Apr-16","CR823309326576/RMCPL26695/2","28494953741","08-Apr-16","2,000.00","","3,05,09,899.16",
"08-Apr-16","CR823309326378/RMCPL22264/2","28494883184","08-Apr-16","7,200.00","","3,05,02,699.16",
"08-Apr-16","CR823309326747/RMCPL15326/2","28494949234","08-Apr-16","2,000.00","","3,05,00,699.16",
"08-Apr-16","CR823308316722/RMCPL12739/2","28494898641","08-Apr-16","2,000.00","","3,04,98,699.16",
"08-Apr-16","CR823308316700/RMCPL12805/2","28494895459","08-Apr-16","700","","3,04,97,999.16",
"08-Apr-16","CR823308316658/RMCPL21855/2","28494899484","08-Apr-16","1,500.00","","3,04,96,499.16",
"08-Apr-16","CR823315447901/RMCPL09617/2","28494898200","08-Apr-16","1,000.00","","3,04,95,499.16",
"08-Apr-16","Indiaforensic AEPS NPCI WDL SET","28494901698","08-Apr-16","","1,24,73,800.00","4,29,69,299.16",
"08-Apr-16","Indiaforensic AEPS NPCI WDL SET","28494872467","08-Apr-16","","49,43,400.00","4,79,12,699.16",
"08-Apr-16","MAW/502964XXXXXX7609/Karu","28494900505","08-Apr-16","","1,400.00","4,79,14,099.16",
"08-Apr-16","CR822815216318/RMCPL25821/1","28494951531","08-Apr-16","7,000.00","","4,79,07,099.16",
"08-Apr-16","CR822815216308/RMCPL23584/1","28494885151","08-Apr-16","3,300.00","","4,79,03,799.16",
"08-Apr-16","CR822811159473/RMCPL16917/1","28494907929","08-Apr-16","1,500.00","","4,79,02,299.16",
"08-Apr-16","CR822816227899/RMCPL24804/1","28494971814","08-Apr-16","1,000.00","","4,79,01,299.16",
"08-Apr-16","CR822814203586/RMCPL11949/1","28494877439","08-Apr-16","500","","4,79,00,799.16",
"08-Apr-16","CR822814203599/RMCPL25729/1","28494967946","08-Apr-16","4,000.00","","4,78,96,799.16",
"08-Apr-16","CR822816238878/RMCPL09506/1","28494969073","08-Apr-16","2,000.00","","4,78,94,799.16",
"08-Apr-16","CR822812165398/RMCPL16204/1","28494878320","08-Apr-16","1,500.00","","4,78,93,299.16",
"08-Apr-16","CR822811146697/RMCPL24578/1","28494935559","08-Apr-16","5,000.00","","4,78,88,299.16",
"08-Apr-16","CR822811157886/RMCPL24427/1","28494903296","08-Apr-16","3,000.00","","4,78,85,299.16",
"08-Apr-16","CR822809111076/RMCPL18789/1","28494891551","08-Apr-16","3,000.00","","4,78,82,299.16",
"08-Apr-16","CR822811156558/RMCPL11794/1","28494903500","08-Apr-16","500","","4,78,81,799.16",
"08-Apr-16","CR822809111058/RMCPL17831/1","28494903009","08-Apr-16","2,100.00","","4,78,79,699.16",
"08-Apr-16","CR822814196766/RMCPL26141/1","28494974847","08-Apr-16","3,500.00","","4,78,76,199.16",
"08-Apr-16","CR822811153304/RMCPL24790/1","28494884739","08-Apr-16","500","","4,78,75,699.16",
"08-Apr-16","CR822818263327/RMCPL13776/1","28494896091","08-Apr-16","4,000.00","","4,78,71,699.16",
"08-Apr-16","CR822817256526/RMCPL17244/1","28494910385","08-Apr-16","1,000.00","","4,78,70,699.16",
"08-Apr-16","CR822817256593/RMCPL19721/1","28494949548","08-Apr-16","500","","4,78,70,199.16",
"08-Apr-16","CR822816233178/RMCPL21524/1","28494886518","08-Apr-16","1,000.00","","4,78,69,199.16",
"08-Apr-16","CR822816233200/RMCPL20772/1","28494936713","08-Apr-16","1,300.00","","4,78,67,899.16",
"08-Apr-16","CR823117951432/RMCPL20463/1","28494891222","08-Apr-16","4,000.00","","4,78,63,899.16",
"08-Apr-16","CR823116945787/RMCPL12343/1","28494877740","08-Apr-16","700","","4,78,63,199.16",
"08-Apr-16","CR823012674488/RMCPL11486/1","28494877017","08-Apr-16","500","","4,78,62,699.16",
"08-Apr-16","CR823017747230/RMCPL11131/1","28494928777","08-Apr-16","4,000.00","","4,78,58,699.16",
"08-Apr-16","CR823017747237/RMCPL26650/1","28494964346","08-Apr-16","2,000.00","","4,78,56,699.16",
"08-Apr-16","CR823010630488/RMCPL24692/1","28494941197","08-Apr-16","2,000.00","","4,78,54,699.16",
"08-Apr-16","CR823010638304/RMCPL23164/1","28494881332","08-Apr-16","3,000.00","","4,78,51,699.16",
"08-Apr-16","CR823010638281/RMCPL18267/1","28494919964","08-Apr-16","2,000.00","","4,78,49,699.16",
"08-Apr-16","CR823011648086/RMCPL18789/1","28494867977","08-Apr-16","2,000.00","","4,78,47,699.16",
"08-Apr-16","CR823010638227/RMCPL22367/1","28494965721","08-Apr-16","10,000.00","","4,78,37,699.16",
"08-Apr-16","CR823010637801/RMCPL22700/1","28494960013","08-Apr-16","500","","4,78,37,199.16",
"08-Apr-16","CR823010638344/RMCPL23721/1","28494958017","08-Apr-16","1,000.00","","4,78,36,199.16",
"08-Apr-16","CR823013685701/RMCPL23228/1","28494903224","08-Apr-16","1,000.00","","4,78,35,199.16",
"08-Apr-16","CR823011652425/RMCPL23888/1","28494892156","08-Apr-16","3,000.00","","4,78,32,199.16",
"08-Apr-16","CR823016727908/RMCPL18519/1","28494935552","08-Apr-16","500","","4,78,31,699.16",
"08-Apr-16","CR823017742300/RMCPL21990/1","28494920890","08-Apr-16","1,800.00","","4,78,29,899.16",
"08-Apr-16","CR823010638095/RMCPL26384/1","28494923047","08-Apr-16","1,000.00","","4,78,28,899.16",
"08-Apr-16","CR823010630973/RMCPL19631/1","28494870988","08-Apr-16","2,000.00","","4,78,26,899.16",
"08-Apr-16","CR823010630974/RMCPL21463/1","28494939305","08-Apr-16","10,000.00","","4,78,16,899.16",
"08-Apr-16","CR823017742304/RMCPL21565/1","28494951438","08-Apr-16","500","","4,78,16,399.16",
"08-Apr-16","CR823017742293/RMCPL16407/1","28494876383","08-Apr-16","700","","4,78,15,699.16",
"08-Apr-16","CR823012680055/RMCPL15580/1","28494865284","08-Apr-16","500","","4,78,15,199.16",
"08-Apr-16","CR823010638065/RMCPL11699/1","","28494901370","08-Apr-16","","2,000.00","","4,78,13,199.16",
"08-Apr-16","CR823010638049/RMCPL18488/1","","28494903669","08-Apr-16","","1,000.00","","4,78,12,199.16",
"08-Apr-16","CR823010642191/RMCPL11019/1","","28494938341","08-Apr-16","","6,000.00","","4,78,06,199.16",
"08-Apr-16","CR823011652432/RMCPL11945/1","","28494973979","08-Apr-16","","5,000.00","","4,78,01,199.16",
"08-Apr-16","CR823010637808/RMCPL20773/1","","28494897642","08-Apr-16","","1,800.00","","4,77,99,399.16",
"08-Apr-16","CR823010638345/RMCPL21282/1","","28494919830","08-Apr-16","","7,500.00","","4,77,91,899.16",
"08-Apr-16","CR823010638030/RMCPL16917/1","","28494972462","08-Apr-16","","500","","4,77,91,399.16",
"08-Apr-16","CR823012674482/RMCPL14483/1","","28494894881","08-Apr-16","","1,000.00","","4,77,90,399.16",
"08-Apr-16","CR823010642217/RMCPL24648/1","","28494966064","08-Apr-16","","1,000.00","","4,77,89,399.16",
"08-Apr-16","CR823010638186/RMCPL14751/1","","28494945920","08-Apr-16","","10,000.00","","4,77,79,399.16",
"08-Apr-16","CR823010638026/RMCPL21990/1","","28494899250","08-Apr-16","","1,800.00","","4,77,77,599.16",
"08-Apr-16","CR823010637709/RMCPL13166/1","","28494974502","08-Apr-16","","2,000.00","","4,77,75,599.16",
"08-Apr-16","CR823010638308/RMCPL13166/1","","28494882805","08-Apr-16","","2,000.00","","4,77,73,599.16",
"08-Apr-16","CR823011652455/RMCPL24195/1","","28494920126","08-Apr-16","","3,500.00","","4,77,70,099.16",
"08-Apr-16","CR823010642203/RMCPL18519/1","","28494930215","08-Apr-16","","1,900.00","","4,77,68,199.16",
"08-Apr-16","CR823010642261/RMCPL25247/1","","28494949006","08-Apr-16","","5,000.00","","4,77,63,199.16",
"08-Apr-16","CR823011652418/RMCPL24066/1","","28494884443","08-Apr-16","","10,000.00","","4,77,53,199.16",
"08-Apr-16","CR823010637948/RMCPL09590/1","","28494955211","08-Apr-16","","10,000.00","","4,77,43,199.16",
"08-Apr-16","CR823210073323/RMCPL22022/2","","28494874017","08-Apr-16","","1,500.00","","4,77,41,699.16",
"08-Apr-16","CR823209066681/RMCPL13619/2","","28494910896","08-Apr-16","","4,000.00","","4,77,37,699.16",
"08-Apr-16","CR823214141177/RMCPL11523/2","","28494924549","08-Apr-16","","3,000.00","","4,77,34,699.16",
"08-Apr-16","CR823214152456/RMCPL18519/2","","28494888824","08-Apr-16","","3,000.00","","4,77,31,699.16",
"08-Apr-16","CR823214146448/RMCPL20628/2","","28494964443","08-Apr-16","","1,000.00","","4,77,30,699.16",
"08-Apr-16","CR823210068009/RMCPL24151/2","","28494878651","08-Apr-16","","2,000.00","","4,77,28,699.16",
"08-Apr-16","CR823214141190/RMCPL27346/2","","28494916009","08-Apr-16","","5,000.00","","4,77,23,699.16",
"08-Apr-16","CR823211101146/RMCPL22022/2","","28494883235","08-Apr-16","","1,500.00","","4,77,22,199.16",
"08-Apr-16","CR823211105901/RMCPL15391/2","","28494879233","08-Apr-16","","500","","4,77,21,699.16",
"08-Apr-16","CR823209060071/RMCPL23895/2","","28494868266","08-Apr-16","","1,000.00","","4,77,20,699.16",
"08-Apr-16","CR823209066686/RMCPL22581/2","","28494971245","08-Apr-16","","1,200.00","","4,77,19,499.16",
"08-Apr-16","CR823212120375/RMCPL14786/2","","28494884943","08-Apr-16","","500","","4,77,18,999.16",
"08-Apr-16","CR823211105889/RMCPL18108/2","","28494877389","08-Apr-16","","1,200.00","","4,77,17,799.16",
"08-Apr-16","CR823213136217/RMCPL09511/2","","28494888001","08-Apr-16","","1,000.00","","4,77,16,799.16",
"08-Apr-16","CR823211096191/RMCPL17567/2","","28494968865","08-Apr-16","","10,000.00","","4,77,06,799.16",
"08-Apr-16","CR823211096198/RMCPL12794/2","","28494945036","08-Apr-16","","5,000.00","","4,77,01,799.16",
"08-Apr-16","CR823212106797/RMCPL15391/2","","28494956145","08-Apr-16","","500","","4,77,01,299.16",
"08-Apr-16","CR823211105886/RMCPL25366/2","","28494912645","08-Apr-16","","700","","4,77,00,599.16",
"08-Apr-16","CR822821324572/RMCPL27560/1","","28494884582","08-Apr-16","","100","","4,77,00,499.16",
"08-Apr-16","CR822821322998/RMCPL27560/1","","28494929918","08-Apr-16","","100","","4,77,00,399.16",
"08-Apr-16","CR823209060026/RMCPL19744/2","","28494966312","08-Apr-16","","7,500.00","","4,76,92,899.16",
"08-Apr-16","MAW/502964XXXXXX9772/Cudd","","28494939116","08-Apr-16","","","1,000.00","4,76,93,899.16",
"08-Apr-16","TRF TO","Indiaforensic SERVICES I","28494894822","08-Apr-16","1,50,00,000.00","","","3,26,93,899.16",
"08-Apr-16","TRF TO","Indiaforensic SERVICES I","28494966953","08-Apr-16","1,43,00,000.00","","","1,83,93,899.16",
"08-Apr-16","MAW/502964XXXXXX7575/Karu","","28494966159","08-Apr-16","","","1,700.00","1,83,95,599.16",
"08-Apr-16","MICRO ATM WDL FEE DATED 2","","28494876796","08-Apr-16","","","20,700.00","1,84,16,299.16",
"08-Apr-16","MICRO ATM WDL FEE DATED 2","","28494974491","08-Apr-16","","","56,700.00","1,84,72,999.16",
"08-Apr-16","MICRO ATM WDL FEE DATED 2","","28494937137","08-Apr-16","","","7,000.00","1,84,79,999.16",
"08-Apr-16","NFS MICRO ATM INC DT 2408","","28494947092","08-Apr-16","","","49.32","1,84,80,048.48",
"08-Apr-16","NFS MICRO ATM GST DT 2408","","28494879706","08-Apr-16","","","9.86","1,84,80,058.34",
"08-Apr-16","NFS MICRO ATM INC DT 2508","","28494925591","08-Apr-16","","","109.8","1,84,80,168.14",
"08-Apr-16","NFS MICRO ATM GST DT 2508","","28494911392","08-Apr-16","","","21.96","1,84,80,190.10",
"08-Apr-16","AEPS PAY Indiaforensic 2408","","28494862185","08-Apr-16","","449","1,84,80,639.10",
"08-Apr-16","AEPS PAY Indiaforensic 2508","","28494869149","08-Apr-16","","298.21","1,84,80,937.31",
"08-Apr-16","AEPS PAY Indiaforensic 2608","","28494928233","08-Apr-16","","598.73","1,84,81,536.04",
"08-Apr-16","AEPS INCOME DT 24-08-2018","","28494872211","08-Apr-16","","32,338.88","1,85,13,874.92",
"08-Apr-16","AEPS GST INC DT 24-08-201","","28494963327","08-Apr-16","","6,467.78","1,85,20,342.70",
"08-Apr-16","AEPS INCOME DT 25-08-2018","","28494907266","08-Apr-16","","33,287.46","1,85,53,630.16",
"08-Apr-16","AEPS GST INC DT 25-08-201","","28494879881","08-Apr-16","","6,657.49","1,85,60,287.65",
"08-Apr-16","AEPS INCOME DT 26-08-2018","","28494942015","08-Apr-16","","13,780.60","1,85,74,068.25",
"08-Apr-16","AEPS GST INC DT 26-08-201","","28494913254","08-Apr-16","","2,756.12","1,85,76,824.37",
"08-Apr-16","AEPS ACQ CR ADJ FEES 2408","","28494914577","08-Apr-16","1,365.22","","1,85,75,459.15",
"08-Apr-16","AEPS ACQ REP ADJ FEES 240","","28494876433","08-Apr-16","","5.31","1,85,75,464.46",
"08-Apr-16","NEFT/000048051021/SUBSID","","28494866024","08-Apr-16","4,500.00","","1,85,70,964.46",
"08-Apr-16","MICRO ATM INC DATED 27081","","28494953700","08-Apr-16","","18","1,85,70,982.46",
"08-Apr-16","MICRO ATM GST DATED 27081","","28494958999","08-Apr-16","","3.6","1,85,70,986.06",
"08-Apr-16","Indiaforensic AEPS NPCI WDL SET","","28494927540","08-Apr-16","","98,53,700.00","2,84,24,686.06",
"08-Apr-16","CR823518045615/RMCPL23994/2","","28494963283","08-Apr-16","500","","2,84,24,186.06",
"08-Apr-16","TRF TO","Indiaforensic SERVICES I","28494862260","08-Apr-16","50,00,000.00","","2,34,24,186.06",
"08-Apr-16","TRF TO","Indiaforensic SERVICES I","28494932022","08-Apr-16","50,00,000.00","","1,84,24,186.06",
"08-Apr-16","MICRO ATM WDL FEE DATED 2","","28494884940","08-Apr-16","","6,100.00","1,84,30,286.06",
"08-Apr-16","AEPS PAY Indiaforensic 2408","","28494875915","08-Apr-16","449","","1,84,29,837.06",
"08-Apr-16","AEPS PAY Indiaforensic 2408","","28494903648","08-Apr-16","","539.09","1,84,30,376.15",
"08-Apr-16","AEPS INCOME DT 27-08-2018","","28494952319","08-Apr-16","","25,472.78","1,84,55,848.93",
"08-Apr-16","AEPS GST INC DT 27-08-201","","28494936058","08-Apr-16","","5,094.56","1,84,60,943.49",
"08-Apr-16","AEPS ACQUIRING ADJ FEES 2","","28494954522","08-Apr-16","40","","1,84,60,903.96",
"08-Apr-16","AEPS ACQ CR ADJ FEES 2708","","28494910263","08-Apr-16","3","","1,84,60,901.01",
"08-Apr-16","MICRO ATM INC DATED 27081","","28494895830","08-Apr-16","","21.96","1,84,60,922.97",
"08-Apr-16","MICRO ATM GST DATED 27081","","28494895365","08-Apr-16","","4.39","1,84,60,927.36",
"08-Apr-16","Indiaforensic AEPS NPCI WDL SET","","28494872582","08-Apr-16","","1,08,93,600.00","2,93,54,527.36",
"08-Apr-16","CB823015717554/RMCPL10943/1","","28494961683","08-Apr-16","10,000.00","","2,93,44,527.36",
"08-Apr-16","TRF TO","Indiaforensic SERVICES I","28494950414","08-Apr-16","50,00,000.00","","2,43,44,527.36",
"08-Apr-16","TRF TO","Indiaforensic SERVICES I","28494972824","08-Apr-16","50,00,000.00","","1,93,44,527.36",
"08-Apr-16","TRF TO","Indiaforensic SERVICES I","28494909968","08-Apr-16","10,00,000.00","","1,83,44,527.36",
"08-Apr-16","AEPS INCOME DT 28-08-2018","","28494864026","08-Apr-16","","28,044.41","1,83,72,571.77",
"08-Apr-16","AEPS GST INC DT 28-08-201","","28494949456","08-Apr-16","","5,608.88","1,83,78,180.65",
"08-Apr-16","MAW/502964XXXXXX5863/Karu","","28494944556","08-Apr-16","","1,700.00","1,83,79,880.65",
"08-Apr-16","Indiaforensic AEPS NPCI WDL SET","","28494903617","08-Apr-16","","1,05,87,800.00","2,89,67,680.65",
"08-Apr-16","MAW/502964XXXXXX1833/NAGA","","28494862213","08-Apr-16","","800","2,89,68,480.65",
"08-Apr-16","MICRO ATM WDL FEE DATED 2","","28494947028","08-Apr-16","","47,800.00","2,90,16,280.65",
"08-Apr-16","TRF TO","Indiaforensic SERVICES I","28494954818","08-Apr-16","1,06,00,000.00","","1,84,16,280.65",
"08-Apr-16","MICRO ATM WDL FEE DT30081","","28494969367","08-Apr-16","","17,500.00","1,84,33,780.65",
"08-Apr-16","AEPS INCOME DT 29-08-2018","","28494925972","08-Apr-16","","27,995.03","1,84,61,775.68",
"08-Apr-16","AEPS GST INC DT 29-08-201","","28494884554","08-Apr-16","","5,599.01","1,84,67,374.69",
"08-Apr-16","AEPS ACQUIRING ADJ FEES 2","","28494891711","08-Apr-16","47","","1,84,67,328.08",
"08-Apr-16","AEPS ACQ REP ADJ FEES 290","","28494962418","08-Apr-16","","35.4","1,84,67,363.48",
"08-Apr-16","NFS MICRO ATM INC DATED 2","","28494863154","08-Apr-16","","116.28","1,84,67,479.76",
"08-Apr-16","NFS MICRO ATM GST DATED 2","","28494860199","08-Apr-16","","23.26","1,84,67,503.02",
"11-Apr-16","NFS MICRO ATM INC DATED 3","","28494975465","11-Apr-16","","37.8","1,84,67,540.82",
"11-Apr-16","NFS MICRO ATM GST DATED 3","","28494975387","11-Apr-16","","7.56","1,84,67,548.38",
"11-Apr-16","MAW/502964XXXXXX9692/Karu","","28494966258","11-Apr-16","","1,700.00","1,84,69,248.38",
"11-Apr-16","Indiaforensic AEPS NPCI WDL SET","","28494889998","11-Apr-16","","1,11,84,700.00","2,96,53,948.38",
"11-Apr-16","TRF TO","Indiaforensic SERVICES I","28494957507","11-Apr-16","1,13,00,000.00","","1,83,53,948.38",
"11-Apr-16","MICRO ATM WDL FEE DT30081","","28494870323","11-Apr-16","","34,900.00","1,83,88,848.38",
"11-Apr-16","NPCI SETELEMENT DIFF_3008","","28494879161","11-Apr-16","","500","1,83,89,348.38",
"11-Apr-16","AEPS PAY Indiaforensic 3008","","28494946365","11-Apr-16","","1,188.39","1,83,90,536.77",
"11-Apr-16","MICRO ATM WDL FEE DT31081","","28494931592","11-Apr-16","","41,000.00","1,84,31,536.77",
"11-Apr-16","MICRO ATM INC DATED 30081","","28494950540","11-Apr-16","","98.64","1,84,31,635.41",
"11-Apr-16","MICROATM GST DATED 300818","","28494932309","11-Apr-16","","19.73","1,84,31,655.14",
"11-Apr-16","AEPS INCOME DT 30-08-2018","","28494968166","11-Apr-16","","29,030.02","1,84,60,685.16",
"11-Apr-16","AEPS GST INC DT 30-08-201","","28494914127","11-Apr-16","","5,806.00","1,84,66,491.16",
"11-Apr-16","AEPS ACQUIRING ADJ FEES 3","","28494878441","11-Apr-16","68","","1,84,66,423.31",
"11-Apr-16","MICRO ATM INC DATED 31081","","28494971748","11-Apr-16","","64.8","1,84,66,488.11",
"11-Apr-16","MICRO ATM GST DATED 31081","","28494897905","11-Apr-16","","12.96","1,84,66,501.07",
"11-Apr-16","Indiaforensic AEPS NPCI WDL SET","","28494893292","11-Apr-16","","1,11,48,300.00","2,96,14,801.07",
"11-Apr-16","CR823518045609/RMCPL23207/2","","28494946442","11-Apr-16","500","","2,96,14,301.07",
"11-Apr-16","CR823513976917/RMCPL09592/2","","28494895276","11-Apr-16","3,000.00","","2,96,11,301.07",
"11-Apr-16","CR823511927139/RMCPL17333/2","","28494898350","11-Apr-16","1,000.00","","2,96,10,301.07",
"11-Apr-16","CR823513976943/RMCPL11131/2","","28494945844","11-Apr-16","500","","2,96,09,801.07",
"11-Apr-16","CR823513976918/RMCPL20650/2","","28494941061","11-Apr-16","2,500.00","","2,96,07,301.07",
"11-Apr-16","CR823513976897/RMCPL28457/2","","28494924040","11-Apr-16","1,000.00","","2,96,06,301.07",
"11-Apr-16","CR823516016429/RMCPL22344/2","","28494963165","11-Apr-16","10,000.00","","2,95,96,301.07",
"11-Apr-16","CR823512956345/RMCPL23829/2","","28494891792","11-Apr-16","2,600.00","","2,95,93,701.07",
"11-Apr-16","CR823512956337/RMCPL11018/2","","28494890673","11-Apr-16","1,000.00","","2,95,92,701.07",
"11-Apr-16","CR823511938871/RMCPL07955/2","","28494905426","11-Apr-16","2,500.00","","2,95,90,201.07",
"11-Apr-16","CR823517020223/RMCPL22994/2","","28494902593","11-Apr-16","2,200.00","","2,95,88,001.07",
"11-Apr-16","CR823518036160/RMCPL14542/2","","28494954699","11-Apr-16","800","","2,95,87,201.07",
"11-Apr-16","CR823512947797/RMCPL22994/2","","28494875099","11-Apr-16","3,000.00","","2,95,84,201.07",
"11-Apr-16","CR823516016438/RMCPL12283/2","","28494875746","11-Apr-16","3,000.00","","2,95,81,201.07",
"11-Apr-16","CR823518031866/RMCPL25522/2","","28494871515","11-Apr-16","4,000.00","","2,95,77,201.07",
"11-Apr-16","CR823518031893/RMCPL07044/2","","28494904916","11-Apr-16","1,000.00","","2,95,76,201.07",
"11-Apr-16","CR823518031865/RMCPL18796/2","","28494913256","11-Apr-16","1,200.00","","2,95,75,001.07",
"11-Apr-16","CR823507876926/RMCPL24601/2","","28494919418","11-Apr-16","3,000.00","","2,95,72,001.07",
"11-Apr-16","CR823512960793/RMCPL26238/2","","28494871335","11-Apr-16","3,500.00","","2,95,68,501.07",
"11-Apr-16","CR823914996150/RMCPL22522/2","","28494947079","11-Apr-16","500","","2,95,68,001.07",
"11-Apr-16","CR823916021935/RMCPL16020/2","","28494929392","11-Apr-16","2,000.00","","2,95,66,001.07",
"11-Apr-16","CR823911948016/RMCPL22273/2","","28494881265","11-Apr-16","1,000.00","","2,95,65,001.07",
"11-Apr-16","CR823911941089/RMCPL22184/2","","28494866863","11-Apr-16","10,000.00","","2,95,55,001.07",
"11-Apr-16","CR823911941111/RMCPL22595/2","","28494933180","11-Apr-16","1,000.00","","2,95,54,001.07",
"11-Apr-16","CR823911941094/RMCPL25478/2","","28494895961","11-Apr-16","2,500.00","","2,95,51,501.07",
"11-Apr-16","CR823911941118/RMCPL21661/2","","28494947916","11-Apr-16","500","","2,95,51,001.07",
"11-Apr-16","CR823916030824/RMCPL25261/2","","28494872931","11-Apr-16","1,100.00","","2,95,49,901.07",
"11-Apr-16","CR823918060532/RMCPL23207/2","","28494968029","11-Apr-16","2,100.00","","2,95,47,801.07",
"11-Apr-16","CR823911952800/RMCPL18312/2","","28494942428","11-Apr-16","900","","2,95,46,901.07",
"11-Apr-16","CR823711450422/RMCPL19766/2","","28494960901","11-Apr-16","2,000.00","","2,95,44,901.07",
"11-Apr-16","CR823711453658/RMCPL21943/2","","28494861728","11-Apr-16","4,000.00","","2,95,40,901.07",
"11-Apr-16","CR823710421563/RMCPL25071/2","","28494882938","11-Apr-16","1,300.00","","2,95,39,601.07",
"11-Apr-16","CR823712463895/RMCPL16645/2","","28494945699","11-Apr-16","1,500.00","","2,95,38,101.07",
"11-Apr-16","CR823713477054/RMCPL09595/2","","28494943626","11-Apr-16","5,000.00","","2,95,33,101.07",
"11-Apr-16","CR823712472806/RMCPL12384/2","","28494966827","11-Apr-16","2,000.00","","2,95,31,101.07",
"11-Apr-16","CR823715512468/RMCPL20178/2","","28494878853","11-Apr-16","1,000.00","","2,95,30,101.07",
"11-Apr-16","CR823715517046/RMCPL25854/2","","28494945527","11-Apr-16","1,000.00","","2,95,29,101.07",
"11-Apr-16","CR823715517049/RMCPL18085/2","","28494936955","11-Apr-16","","500","2,95,28,601.07",
"11-Apr-16","CR823711442489/RMCPL09593/2","","28494940104","11-Apr-16","","1,000.00","2,95,27,601.07",
"11-Apr-16","CR823712465303/RMCPL26560/2","","28494879405","11-Apr-16","","500","2,95,27,101.07",
"11-Apr-16","CR823712465299/RMCPL15290/2","","28494895330","11-Apr-16","10,000.00","","2,95,17,101.07",
"11-Apr-16","CR823712465315/RMCPL19849/2","","28494859410","11-Apr-16","","1,000.00","2,95,16,101.07",
"11-Apr-16","CR823713486078/RMCPL25854/2","","28494877524","11-Apr-16","","2,000.00","2,95,14,101.07",
"11-Apr-16","CR823714508095/RMCPL21313/2","","28494921404","11-Apr-16","","1,000.00","2,95,13,101.07",
"11-Apr-16","CR823610149259/RMCPL24446/2","","28494969971","11-Apr-16","","700","2,95,12,401.07",
"11-Apr-16","CR823611165550/RMCPL15176/2","","28494863250","11-Apr-16","","2,500.00","2,95,09,901.07",
"11-Apr-16","CR823613199098/RMCPL09827/2","","28494949527","11-Apr-16","","600","2,95,09,301.07",
"11-Apr-16","CR823615229413/RMCPL10425/2","","28494869720","11-Apr-16","","2,000.00","2,95,07,301.07",
"11-Apr-16","CR823613197541/RMCPL21107/2","","28494864598","11-Apr-16","","1,200.00","2,95,06,101.07",
"11-Apr-16","CR823610153396/RMCPL20518/2","","28494870693","11-Apr-16","","2,000.00","2,95,04,101.07",
"11-Apr-16","CR823613197533/RMCPL21943/2","","28494943279","11-Apr-16","10,000.00","","2,94,94,101.07",
"11-Apr-16","CR823616247513/RMCPL25813/2","","28494964855","11-Apr-16","","500","2,94,93,601.07",
"11-Apr-16","CR823612184497/RMCPL00154/2","","28494902233","11-Apr-16","","2,000.00","2,94,91,601.07",
"11-Apr-16","CR823611165511/RMCPL24605/2","","28494945919","11-Apr-16","","500","2,94,91,101.07",
"11-Apr-16","CR823611165547/RMCPL17636/2","","28494946583","11-Apr-16","","2,200.00","2,94,88,901.07",
"11-Apr-16","CR823616249677/RMCPL23000/2","","28494892547","11-Apr-16","","1,000.00","2,94,87,901.07",
"11-Apr-16","CR823617256532/RMCPL25071/2","","28494945403","11-Apr-16","","5,500.00","2,94,82,401.07",
"11-Apr-16","CR823617256547/RMCPL09794/2","","28494891558","11-Apr-16","","500","2,94,81,901.07",
"11-Apr-16","CR823614216207/RMCPL22293/2","","28494959216","11-Apr-16","","2,000.00","2,94,79,901.07",
"11-Apr-16","CR823616242585/RMCPL24589/2","","28494950480","11-Apr-16","","500","2,94,79,401.07",
"11-Apr-16","CR824010201553/RMCPL14542/2","","28494970093","11-Apr-16","","5,000.00","2,94,74,401.07",
"11-Apr-16","CR824013256623/RMCPL20978/2","","28494877042","11-Apr-16","","9,000.00","2,94,65,401.07",
"11-Apr-16","CR824011213435/RMCPL21832/2","","28494924712","11-Apr-16","","1,500.00","2,94,63,901.07",
"11-Apr-16","CR824011213447/RMCPL21824/2","","28494937123","11-Apr-16","","1,200.00","2,94,62,701.07",
"11-Apr-16","CR824013249229/RMCPL22278/2","","28494934850","11-Apr-16","","1,800.00","2,94,60,901.07",
"11-Apr-16","CR824014267517/RMCPL26217/2","","28494869940","11-Apr-16","10,000.00","","2,94,50,901.07",
"11-Apr-16","CR824010196738/RMCPL12394/2","","28494970043","11-Apr-16","","500","2,94,50,401.07",
"11-Apr-16","CR824015284584/RMCPL21533/2","","28494968915","11-Apr-16","","1,000.00","2,94,49,401.07",
"11-Apr-16","CR824010191912/RMCPL24303/2","","28494956538","11-Apr-16","","2,000.00","2,94,47,401.07",
"11-Apr-16","CR824009171240/RMCPL23569/2","","28494901945","11-Apr-16","","1,500.00","2,94,45,901.07",
"11-Apr-16","TRF TO","Indiaforensic SERVICES I","28494926083","11-Apr-16","1,00,00,000.00","","1,94,45,901.07",
"11-Apr-16","TRF TO","Indiaforensic SERVICES I","28494943505","11-Apr-16","10,00,000.00","","1,84,45,901.07",
"11-Apr-16","AEPS INCOME DT 31-08-2018","","28494948987","11-Apr-16","","29,191.23","1,84,75,092.30",
"11-Apr-16","AEPS GST INC DT 31-08-201","","28494959518","11-Apr-16","","5,838.25","1,84,80,930.55",
"11-Apr-16","AEPS ACQ CR ADJ FEES 3108","","28494867573","11-Apr-16","","702","1,84,80,229.04",
"11-Apr-16","NPCI SETELEMENT DIFF_3108","","28494972651","11-Apr-16","","500","1,84,80,729.04",
"11-Apr-16","MICRO ATM WDL FEE DT01091","","28494879217","11-Apr-16","","20,700.00","1,85,01,429.04",
"11-Apr-16","MICRO ATM INC DATED 01091","","28494898649","11-Apr-16","","49.32","1,85,01,478.36",
"11-Apr-16","MICRO ATM GST DATED 01091","","28494916025","11-Apr-16","","9.86","1,85,01,488.22",
"11-Apr-16","MICRO ATM WDL FEE DT31081","","28494954023","11-Apr-16","","41,700.00","1,85,43,188.22",
"11-Apr-16","MICRO ATM INC DATED 31081","","28494941468","11-Apr-16","","101.52","1,85,43,289.74",
"11-Apr-16","MICRO ATM GST DATED 31081","","28494888064","11-Apr-16","","20.3","1,85,43,310.04",
"11-Apr-16","MAW/502964XXXXXX4307/Karu","","28494939250","11-Apr-16","","1,700.00","1,85,45,010.04",
"11-Apr-16","Indiaforensic AEPS NPCI WDL SET","","28494866610","11-Apr-16","","1,08,62,000.00","2,94,07,010.04",
"11-Apr-16","Indiaforensic AEPS NPCI WDL SET","","28494959171","11-Apr-16","","78,37,500.00","3,72,44,510.04",
"11-Apr-16","CB819418940693/RMCPL16717/1","","28494863324","11-Apr-16","","700","3,72,43,810.04",
"11-Apr-16","TRF TO","Indiaforensic SERVICES I","28494965121","11-Apr-16","1,00,00,000.00","","2,72,43,810.04",
"11-Apr-16","TRF TO","Indiaforensic SERVICES I","28494956151","11-Apr-16","10,00,000.00","","2,62,43,810.04",
"11-Apr-16","TRF TO","Indiaforensic SERVICES I","28494936692","11-Apr-16","78,00,000.00","","1,84,43,810.04",
"11-Apr-16","MAW/502964XXXXXX7658/Karu","","28494922512","11-Apr-16","","1,200.00","1,84,45,010.04",
"11-Apr-16","MICRO ATM WDL FEE DT01091","","28494912894","11-Apr-16","","62,700.00","1,85,07,710.04",
"11-Apr-16","MICRO ATM INC DATED 01091","","28494946988","11-Apr-16","","114.12","1,85,07,824.16",
"11-Apr-16","MICRO ATM GST DATED 01091","","28494872498","11-Apr-16","","22.82","1,85,07,846.98",
"11-Apr-16","MICRO ATM WDL FEE DT02091","","28494968095","11-Apr-16","","1,48,000.00","1,86,55,846.98",
"11-Apr-16","MICRO ATM WDL FEE DT03091","","28494876863","11-Apr-16","","53,800.00","1,87,09,646.98",
"11-Apr-16","MICRO ATM INC DATED 03091","","28494962167","11-Apr-16","","109.8","1,87,09,756.78",
"11-Apr-16","MICRO ATM GST DATED 03091","","28494953096","11-Apr-16","","21.96","1,87,09,778.74",
"11-Apr-16","AEPS INCOME DT 01-09-2018","","28494906559","11-Apr-16","","28,462.19","1,87,38,240.93",
"11-Apr-16","AEPS GST INC DT 01-09-201","","28494935992","11-Apr-16","","5,692.44","1,87,43,933.37",
"11-Apr-16","AEPS INCOME DT 02-09-2018","","28494941822","11-Apr-16","","20,682.67","1,87,64,616.04",
"11-Apr-16","AEPS GST INC DT 02-09-201","","28494877742","11-Apr-16","","4,136.53","1,87,68,752.57",
"11-Apr-16","AEPS ACQUIRING ADJ FEES 0","","28494964211","11-Apr-16","20","","1,87,68,732.51",
"11-Apr-16","MAW/502964XXXXXX3430/Karu","","28494955506","11-Apr-16","","2,000.00","1,87,70,732.51",
"11-Apr-16","MAW/502964XXXXXX7517/NAGA","","28494868606","11-Apr-16","","700","1,87,71,432.51",
"11-Apr-16","Indiaforensic AEPS NPCI WDL SET","","28494918375","11-Apr-16","","1,11,83,700.00","2,99,55,132.51",
"11-Apr-16","CR824310995528/RMCPL14572/3","","28494909183","11-Apr-16","1,000.00","","2,99,54,132.51",
"11-Apr-16","CR824319127866/RMCPL15696/3","","28494880353","11-Apr-16","10,000.00","","2,99,44,132.51",
"11-Apr-16","CR824309984275/RMCPL23387/3","","28494918205","11-Apr-16","4,000.00","","2,99,40,132.51",
"11-Apr-16","CR824309984323/RMCPL23345/3","","28494953487","11-Apr-16","1,000.00","","2,99,39,132.51",
"11-Apr-16","CR824309979998/RMCPL24446/3","","28494879556","11-Apr-16","700","","2,99,38,432.51",
"11-Apr-16","CR824309979995/RMCPL16755/3","","28494953897","11-Apr-16","1,200.00","","2,99,37,232.51",
"11-Apr-16","CR824309979982/RMCPL11699/3","","28494891534","11-Apr-16","1,000.00","","2,99,36,232.51",
"11-Apr-16","CR824317102915/RMCPL16250/3","","28494913584","11-Apr-16","1,000.00","","2,99,35,232.51",
"11-Apr-16","CR824308970329/RMCPL15326/3","","28494901748","11-Apr-16","800","","2,99,34,432.51",
"11-Apr-16","CR824308970324/RMCPL18858/3","","28494903292","11-Apr-16","1,000.00","","2,99,33,432.51",
"11-Apr-16","CR824312018914/RMCPL21313/3","","28494963963","11-Apr-16","2,000.00","","2,99,31,432.51",
"11-Apr-16","CR824310995435/RMCPL15326/3","","28494903376","11-Apr-16","2,000.00","","2,99,29,432.51",
"11-Apr-16","CR824317097322/RMCPL26695/3","","28494933771","11-Apr-16","10,000.00","","2,99,19,432.51",
"11-Apr-16","CR824309979976/RMCPL24066/3","","28494865613","11-Apr-16","1,000.00","","2,99,18,432.51",
"11-Apr-16","CR824310991201/RMCPL23561/3","","28494896718","11-Apr-16","3,500.00","","2,99,14,932.51",
"11-Apr-16","CR824311005493/RMCPL25499/3","","28494870245","11-Apr-16","600","","2,99,14,332.51",
"11-Apr-16","CR824311011054/RMCPL18466/3","","28494895397","11-Apr-16","5,000.00","","2,99,09,332.51",
"11-Apr-16","CR824318121405/RMCPL11592/3","","28494959973","11-Apr-16","2,600.00","","2,99,06,732.51",
"11-Apr-16","CR824311005477/RMCPL24364/3","","28494931475","11-Apr-16","1,700.00","","2,99,05,032.51",
"11-Apr-16","CR824311008538/RMCPL07903/3","","28494859672","11-Apr-16","1,000.00","","2,99,04,032.51",
"11-Apr-16","CR824311009492/RMCPL17729/3","","28494955443","11-Apr-16","2,000.00","","2,99,02,032.51",
"11-Apr-16","CR824312022540/RMCPL22489/3","","28494864506","11-Apr-16","3,600.00","","2,98,98,432.51",
"11-Apr-16","CR824318114147/RMCPL19805/3","","28494936146","11-Apr-16","8,000.00","","2,98,90,432.51",
"11-Apr-16","CR824311014176/RMCPL28330/3","","28494958177","11-Apr-16","500","","2,98,89,932.51",
"11-Apr-16","CR824311004289/RMCPL12219/3","","28494900563","11-Apr-16","500","","2,98,89,432.51",
"11-Apr-16","MAW/502964XXXXXX6016/Akol","","28494971103","11-Apr-16","","2,100.00","2,98,91,532.51",
"11-Apr-16","TRF TO","Indiaforensic SERVICES I","28494949810","11-Apr-16","1,00,00,000.00","","1,98,91,532.51",
"11-Apr-16","TRF TO","Indiaforensic SERVICES I","28494909076","11-Apr-16","10,00,000.00","","1,88,91,532.51",
"11-Apr-16","MAW/502964XXXXXX2262/Karu","","28494887000","11-Apr-16","","1,800.00","1,88,93,332.51",
"11-Apr-16","MICRO ATM WDL FEE DT03091","","28494871063","11-Apr-16","","1,08,300.00","1,90,01,632.51",
"11-Apr-16","MICRO ATM INC DATED 03091","","28494884129","11-Apr-16","","249.48","1,90,01,881.99",
"11-Apr-16","MICRO ATM GST DATED 03091","","28494890466","11-Apr-16","","49.9","1,90,01,931.89",
"11-Apr-16","CB823716534065/RMCPL24609/2","","28494882302","11-Apr-16","3,500.00","","1,89,98,431.89",
"11-Apr-16","CB823613210175/RMCPL09615/2","","28494872420","11-Apr-16","500","","1,89,97,931.89",
"11-Apr-16","CB823611175202/RMCPL22042/2","","28494914745","11-Apr-16","10,000.00","","1,89,87,931.89",
"11-Apr-16","CB823612184507/RMCPL19298/2","","28494970517","11-Apr-16","3,000.00","","1,89,84,931.89",
"11-Apr-16","TRF TO","Indiaforensic SERVICES I","28494866439","11-Apr-16","5,00,000.00","","1,84,84,931.89",
"11-Apr-16","AEPS PAY Indiaforensic 0309","","28494966980","11-Apr-16","","199.58","1,84,85,131.47",
"11-Apr-16","AEPS PAY Indiaforensic 0109","","28494974442","11-Apr-16","","548.57","1,84,85,680.04",
"11-Apr-16","AEPS PAY Indiaforensic 3108","","28494973873","11-Apr-16","","100.64","1,84,85,780.68",
"11-Apr-16","MICRO ATM WDL FEE DT04091","","28494864862","11-Apr-16","","1,24,800.00","1,86,10,580.68",
"11-Apr-16","AEPS INCOME DT 03-09-2018","","28494907479","11-Apr-16","","29,912.45","1,86,40,493.13",
"11-Apr-16","AEPS GST INC DT 03-09-201","","28494922778","11-Apr-16","","5,982.49","1,86,46,475.62",
"11-Apr-16","AEPS ACQ CR ADJ FEES 0309","","28494877316","11-Apr-16","251","","1,86,46,224.28",
"11-Apr-16","AEPS ACQ REP ADJ FEES 030","","28494887567","11-Apr-16","","58.41","1,86,46,282.69",
"11-Apr-16","MICROATM INC DATED040918_","","28494884621","11-Apr-16","","229.68","1,86,46,512.37",
"11-Apr-16","MICROATM GST DATED040918_","","28494882351","11-Apr-16","","45.94","1,86,46,558.31",
"11-Apr-16","MAW/502964XXXXXX1825/NAGA","","28494876055","11-Apr-16","","800","1,86,47,358.31",
"11-Apr-16","MAW/502964XXXXXX2475/Karu","","28494888751","11-Apr-16","","1,700.00","1,86,49,058.31",
"11-Apr-16","Indiaforensic AEPS NPCI WDL SET","","28494873596","11-Apr-16","","1,18,70,700.00","3,05,19,758.31",
"11-Apr-16","CR824415350479/RMCPL17511/0","","28494888742","11-Apr-16","2,100.00","","3,05,17,658.31",
"11-Apr-16","CR824411288703/RMCPL16831/0","","28494927269","11-Apr-16","1,000.00","","3,05,16,658.31",
"11-Apr-16","CR824417372409/RMCPL23861/0","","28494904457","11-Apr-16","1,300.00","","3,05,15,358.31",
"11-Apr-16","CR824417372414/RMCPL13888/0","","28494878668","11-Apr-16","2,600.00","","3,05,12,758.31",
"11-Apr-16","CR824410261581/RMCPL16660/0","","28494915427","11-Apr-16","4,000.00","","3,05,08,758.31",
"11-Apr-16","CR824410261780/RMCPL16774/0","","28494919838","11-Apr-16","1,500.00","","3,05,07,258.31",
"11-Apr-16","CR824410276617/RMCPL14573/0","","28494895082","11-Apr-16","500","","3,05,06,758.31",
"11-Apr-16","CR824411293186/RMCPL21339/0","","28494960292","11-Apr-16","10,000.00","","3,04,96,758.31",
"11-Apr-16","TRF TO","Indiaforensic SERVICES I","28494954626","11-Apr-16","1,21,00,000.00","","1,83,96,758.31",
"12-Apr-16","AEPS ACQUIRING ADJ FEES 0","","28494903182","11-Apr-16","3","","1,83,96,755.36",
"12-Apr-16","AEPS ACQ CR ADJ FEES 0409","","28494884928","12-Apr-16","89","","1,83,96,666.86",
"12-Apr-16","AEPS ACQ REP ADJ FEES 040","","28494914395","12-Apr-16","","20.06","1,83,96,686.92",
"12-Apr-16","MICRO ATM WDL FEE DT04091","","28494962410","12-Apr-16","","98,300.00","1,84,94,986.92",
"12-Apr-16","MICROATM INCDATED040918_1","","28494929415","12-Apr-16","","250.92","1,84,95,237.84",
"12-Apr-16","MICROATM GST DATED040918_","","28494864023","12-Apr-16","","50.18","1,84,95,288.02",
"12-Apr-16","AEPS INCOME DT 04-09-2018","","28494887047","12-Apr-16","","30,950.00","1,85,26,238.02",
"12-Apr-16","AEPS GST INC DT 04-09-201","","28494957481","12-Apr-16","","6,190.00","1,85,32,428.02",
"12-Apr-16","MICRO ATM WDL FEE DT05091","","28494963785","12-Apr-16","","54,400.00","1,85,86,828.02",
"12-Apr-16","MICRO ATM INC DATED 05091","","28494926585","12-Apr-16","","113.04","1,85,86,941.06",
"12-Apr-16","MICRO ATM GST DATED 05091","","28494955936","12-Apr-16","","22.61","1,85,86,963.67",
"12-Apr-16","MAW/502964XXXXXX1989/NAGA","","28494932169","12-Apr-16","","900","1,85,87,863.67",
"12-Apr-16","Indiaforensic AEPS NPCI WDL SET","","28494920423","12-Apr-16","","1,11,26,400.00","2,97,14,263.67",
"12-Apr-16","CR824611720052/RMCPL05229/0","","28494871086","12-Apr-16","2,000.00","","2,97,12,263.67",
"12-Apr-16","CR824611720069/RMCPL22640/0","","28494904026","12-Apr-16","1,000.00","","2,97,11,263.67",
"12-Apr-16","CR824610700151/RMCPL17766/0","","28494924591","12-Apr-16","1,000.00","","2,97,10,263.67",
"12-Apr-16","CR824610710829/RMCPL19251/0","","28494869002","12-Apr-16","1,200.00","","2,97,09,063.67",
"12-Apr-16","CR824611728573/RMCPL15429/0","","28494955849","12-Apr-16","500","","2,97,08,563.67",
"12-Apr-16","CR824614767105/RMCPL24098/0","","28494923403","12-Apr-16","2,000.00","","2,97,06,563.67",
"12-Apr-16","CR824617800610/RMCPL12739/0","","28494862905","12-Apr-16","1,400.00","","2,97,05,163.67",
"12-Apr-16","CR824612744613/RMCPL16204/0","","28494873547","12-Apr-16","2,500.00","","2,97,02,663.67",
"12-Apr-16","CR824612744619/RMCPL20757/0","","28494900722","12-Apr-16","700","","2,97,01,963.67",
"12-Apr-16","CR824612744620/RMCPL26216/0","","28494892236","12-Apr-16","500","","2,97,01,463.67",
"12-Apr-16","CR824612744617/RMCPL18214/0","","28494900174","12-Apr-16","","500","2,97,00,963.67",
"12-Apr-16","CR824113527057/RMCPL27717/2","","28494949059","12-Apr-16","","2,000.00","2,96,98,963.67",
"12-Apr-16","CR824109459591/RMCPL25478/2","","28494899137","12-Apr-16","","800","2,96,98,163.67",
"12-Apr-16","CR824109453068/RMCPL21235/2","","28494942580","12-Apr-16","10,000.00","","2,96,88,163.67",
"12-Apr-16","CR824117592543/RMCPL25689/2","","28494934351","12-Apr-16","","5,000.00","2,96,83,163.67",
"12-Apr-16","CR824115564885/RMCPL16204/2","","28494967310","12-Apr-16","","500","2,96,82,663.67",
"12-Apr-16","CR824111490964/RMCPL16430/2","","28494898203","12-Apr-16","","2,500.00","2,96,80,163.67",
"12-Apr-16","CR824113541270/RMCPL17417/2","","28494898546","12-Apr-16","","1,000.00","2,96,79,163.67",
"12-Apr-16","CR824111500621/RMCPL26112/2","","28494885763","12-Apr-16","10,000.00","","2,96,69,163.67",
"12-Apr-16","CR824110480790/RMCPL20610/2","","28494896304","12-Apr-16","","2,200.00","2,96,66,963.67",
"12-Apr-16","CR824110480784/RMCPL17641/2","","28494910831","12-Apr-16","","1,300.00","2,96,65,663.67",
"12-Apr-16","CR824115559927/RMCPL11838/2","","28494879431","12-Apr-16","10,000.00","","2,96,55,663.67",
"12-Apr-16","CR824116580810/RMCPL23323/2","","28494941314","12-Apr-16","","500","2,96,55,163.67",
"12-Apr-16","CR824112510230/RMCPL22133/2","","28494878272","12-Apr-16","","1,000.00","2,96,54,163.67",
"12-Apr-16","CR824112510209/RMCPL24552/2","","28494877056","12-Apr-16","","5,200.00","2,96,48,963.67",
"12-Apr-16","CR824117596300/RMCPL22588/2","","28494939459","12-Apr-16","","2,500.00","2,96,46,463.67",
"12-Apr-16","CR824109459569/RMCPL20307/2","","28494939132","12-Apr-16","10,000.00","","2,96,36,463.67",
"12-Apr-16","CR824215837579/RMCPL23034/3","","28494864550","12-Apr-16","","1,000.00","2,96,35,463.67",
"12-Apr-16","CR824210750155/RMCPL22489/3","","28494918975","12-Apr-16","","3,600.00","2,96,31,863.67",
"12-Apr-16","CR824210750143/RMCPL26808/3","","28494907478","12-Apr-16","","600","2,96,31,263.67",
"12-Apr-16","CR824212775778/RMCPL20057/3","","28494873011","12-Apr-16","","3,000.00","2,96,28,263.67",
"12-Apr-16","CR824211766673/RMCPL23688/3","","28494959583","12-Apr-16","10,000.00","","2,96,18,263.67",
"12-Apr-16","CR824213795302/RMCPL22640/3","","28494909326","12-Apr-16","","2,000.00","2,96,16,263.67",
"12-Apr-16","CR824208718148/RMCPL13815/3","","28494953522","12-Apr-16","","5,100.00","2,96,11,163.67",
"12-Apr-16","CR824208718149/RMCPL21810/3","","28494878080","12-Apr-16","","500","2,96,10,663.67",
"12-Apr-16","CR824217856842/RMCPL11793/3","","28494869331","12-Apr-16","","500","2,96,10,163.67",
"12-Apr-16","CR824210741048/RMCPL19766/3","","28494965921","12-Apr-16","","8,900.00","2,96,01,263.67",
"12-Apr-16","TRF TO","Indiaforensic SERVICES I","28494898141","12-Apr-16","1,12,00,000.00","","1,84,01,263.67",
"12-Apr-16","MAW/502964XXXXXX3513/Karu","","28494881356","12-Apr-16","","2,000.00","1,84,03,263.67",
"12-Apr-16","MICRO ATM WDL FEE DT05091","","28494958050","12-Apr-16","","74,300.00","1,84,77,563.67",
"12-Apr-16","MICRO ATM INC DATED 05091","","28494921108","12-Apr-16","","198.72","1,84,77,762.39",
"12-Apr-16","MICRO ATM GST DATED 05091","","28494925839","12-Apr-16","","39.74","1,84,77,802.13",
"12-Apr-16","MICRO ATM WDL FEE DT06091","","28494884632","12-Apr-16","","88,200.00","1,85,66,002.13",
"12-Apr-16","AEPS INCOME DT 05-09-2018","","28494863622","12-Apr-16","","29,020.73","1,85,95,022.86",
"12-Apr-16","AEPS GST INC DT 05-09-201","","28494895892","12-Apr-16","","5,804.15","1,86,00,827.01",
"12-Apr-16","AEPS ACQ CR ADJ FEES 0509","","28494933640","12-Apr-16","","385","1,86,00,442.33",
"12-Apr-16","MICRO ATM INC DATED 06091","","28494965721","12-Apr-16","","187.92","1,86,00,630.25",
"12-Apr-16","MICRO ATM GST DATED 06091","","28494907051","12-Apr-16","","37.58","1,86,00,667.83",
"12-Apr-16","Indiaforensic AEPS NPCI WDL SET","","28494869798","12-Apr-16","","88,40,500.00","2,74,41,167.83",
"12-Apr-16","MAW/502964XXXXXX6863/Akol","","28494903337","12-Apr-16","","7,000.00","2,74,48,167.83",
"12-Apr-16","TRF TO","Indiaforensic SERVICES I","28494926907","12-Apr-16","90,00,000.00","","1,84,48,167.83",
"12-Apr-16","MICRO ATM WDL FEE DT06091","","28494863638","12-Apr-16","","1,44,700.00","1,85,92,867.83",
"12-Apr-16","MICRO ATM INC DATED 06091","","28494923899","12-Apr-16","","342","1,85,93,209.83",
"12-Apr-16","MICRO ATM GST DATED 06091","","28494968225","12-Apr-16","","68.4","1,85,93,278.23",
"12-Apr-16","MICRO ATM WDL FEE DT07091","","28494902711","12-Apr-16","","91,300.00","1,86,84,578.23",
"12-Apr-16","MICRO ATM INC DATED 07091","","28494880312","12-Apr-16","","202.32","1,86,84,780.55",
"12-Apr-16","MICRO ATM GST DATED 07091","","28494938491","12-Apr-16","","40.46","1,86,84,821.01",
"12-Apr-16","AEPS INCOME DT 06-09-2018","","28494963452","12-Apr-16","","23,325.35","1,87,08,146.36",
"12-Apr-16","AEPS GST INC DT 06-09-201","","28494937199","12-Apr-16","","4,665.07","1,87,12,811.43",
"12-Apr-16","AEPS ACQUIRING ADJ FEES 0","","28494905358","12-Apr-16","","35","1,87,12,776.03",
"12-Apr-16","AEPS ACQ REP ADJ FEES 060","","28494901280","12-Apr-16","","2.95","1,87,12,778.98",
"12-Apr-16","AEPS PAY Indiaforensic 0609","","28494891899","12-Apr-16","","148.62","1,87,12,927.60",
"12-Apr-16","","bank settlement","0","12-Apr-16","656","","1,87,12,271.60",
"12-Apr-16","MAW/502964XXXXXX4820/Karu","","28494961452","12-Apr-16","","1,700.00","1,87,13,971.60",
"12-Apr-16","MAW/502964XXXXXX8257/Karu","","28494913027","12-Apr-16","","1,700.00","1,87,15,671.60",
"12-Apr-16","Indiaforensic AEPS NPCI WDL SET","","28494930395","12-Apr-16","","1,00,38,000.00","2,87,53,671.60",
"12-Apr-16","MICRO ATM WDL FEE DT07091","","28494906000","12-Apr-16","","2,08,900.00","2,89,62,571.60",
"12-Apr-16","MICRO ATM INC DATED 07091","","28494963674","12-Apr-16","","520.56","2,89,63,092.16",
"12-Apr-16","MICRO ATM GST DATED 07091","","28494941484","12-Apr-16","","104.11","2,89,63,196.27",
"12-Apr-16","TRF TO","Indiaforensic SERVICES I","28494895815","12-Apr-16","20,00,000.00","","2,69,63,196.27",
"12-Apr-16","TRF TO","Indiaforensic SERVICES I","28494906789","12-Apr-16","40,00,000.00","","2,29,63,196.27",
"12-Apr-16","TRF TO","Indiaforensic SERVICES I","28494881706","12-Apr-16","40,00,000.00","","1,89,63,196.27",
"12-Apr-16","Indiaforensic AEPS NPCI WDL SET","","28494946406","12-Apr-16","","1,11,84,700.00","3,01,47,896.27",
"12-Apr-16","Indiaforensic AEPS NPCI WDL SET","","28494952060","12-Apr-16","","68,52,900.00","3,70,00,796.27",
"12-Apr-16","TRF TO","Indiaforensic SERVICES I","28494894660","12-Apr-16","30,00,000.00","","3,40,00,796.27",
"12-Apr-16","TRF TO","Indiaforensic SERVICES I","28494889376","12-Apr-16","1,50,00,000.00","","1,90,00,796.27",
"12-Apr-16","MICRO ATM WDL FEE DT10091","","28494931194","12-Apr-16","","2,17,300.00","1,92,18,096.27",
"12-Apr-16","MICRO ATM INC DATED 10091","","28494873897","12-Apr-16","","448.92","1,92,18,545.19",
"12-Apr-16","MICRO ATM GST DATED 10091","","28494931150","12-Apr-16","","89.78","1,92,18,634.97",
"12-Apr-16","AEPS PAY Indiaforensic 0709","","28494972872","12-Apr-16","","398.46","1,92,19,033.43",
"12-Apr-16","MICRO ATM WDL FEE DT08091","","28494926247","12-Apr-16","","3,84,100.00","1,96,03,133.43",
"12-Apr-16","MICRO ATM INC DATED 08091","","28494894805","12-Apr-16","","861.84","1,96,03,995.27",
"12-Apr-16","MICRO ATM GST DATED 08091","","28494961669","12-Apr-16","","172.37","1,96,04,167.64",
"12-Apr-16","MICRO ATM WDL FEE DT09091","","28494871208","12-Apr-16","","4,56,900.00","2,00,61,067.64",
"12-Apr-16","MICRO ATM INC DATED 09091","","28494941340","12-Apr-16","","927","2,00,61,994.64",
"12-Apr-16","MICRO ATM GST DATED 09091","","28494899149","12-Apr-16","","185.4","2,00,62,180.04",
"12-Apr-16","AEPS INCOME DT 07-09-2018","","28494860529","12-Apr-16","","26,112.81","2,00,88,292.85",
"12-Apr-16","AEPS GST INC DT 07-09-201","","28494893182","12-Apr-16","","5,222.56","2,00,93,515.41",
"12-Apr-16","AEPS INCOME DT 08-09-2018","","28494866271","12-Apr-16","","29,379.12","2,01,22,894.53",
"12-Apr-16","AEPS GST INC DT 08-09-201","","28494886144","12-Apr-16","","5,875.82","2,01,28,770.35",
"12-Apr-16","AEPS INCOME DT 09-09-2018","","28494914987","12-Apr-16","","17,798.99","2,01,46,569.34",
"12-Apr-16","AEPS GST INC DT 09-09-201","","28494860755","12-Apr-16","","3,559.80","2,01,50,129.14",
"12-Apr-16","TRF TO","Indiaforensic SERVICES I","28494961698","12-Apr-16","5,00,000.00","","1,96,50,129.14",
"12-Apr-16","Indiaforensic AEPS NPCI WDL SET","","28494870404","12-Apr-16","","90,00,600.00","2,86,50,729.14",
"12-Apr-16","CR824915504362/RMCPL13597/0","","28494968570","12-Apr-16","3,000.00","","2,86,47,729.14",
"12-Apr-16","CR824914481588/RMCPL22184/0","","28494967630","12-Apr-16","1,900.00","","2,86,45,829.14",
"12-Apr-16","CR824911443269/RMCPL14047/0","","28494932560","12-Apr-16","1,500.00","","2,86,44,329.14",
"12-Apr-16","CR824918539773/RMCPL24700/0","","28494874994","12-Apr-16","1,000.00","","2,86,43,329.14",
"12-Apr-16","CR824911431110/RMCPL22700/0","","28494940219","12-Apr-16","4,000.00","","2,86,39,329.14",
"12-Apr-16","CR824911431137/RMCPL23936/0","","28494905806","12-Apr-16","1,500.00","","2,86,37,829.14",
"12-Apr-16","CR824918539790/RMCPL14382/0","","28494955394","12-Apr-16","500","","2,86,37,329.14",
"12-Apr-16","CR824918539781/RMCPL22362/0","","28494899565","12-Apr-16","4,500.00","","2,86,32,829.14",
"12-Apr-16","CR824911438777/RMCPL24255/0","","28494891097","12-Apr-16","500","","2,86,32,329.14",
