"DATE","TRANSACTION DETAILS","CHQ.NO./ Ref No.","VALUE DATE","WITHDRAWAL AMT","DEPOSIT AMT","BALANCE AMT",
"01-Jan-15","TRF FROM","Indiaforensic SERVICES","28494924977","01-Jan-15","10,00,000.00","10,00,000.00",
"01-Jan-15","TRF FROM","Indiaforensic SERVICES","28494879059","01-Jan-15","10,00,000.00","19,99,999.00",
"01-Jan-15","FDRL/INTERNAL FUND TRANSFER","28494955546","01-Jan-15","","5,00,000.00","24,99,999.00",
"02-Jan-15","TRF FRM","Indiaforensic SERVICES","28494890801","02-Jan-15","30,00,000.00","54,99,999.00",
"","FDRL/INTERNAL FUND TRANSFER","28494863821","","","5,00,000.00","59,99,999.00",
"02-Jan-15","FDRL/INTERNAL FUND TRANSFER","28494885357","02-Jan-15","","5,00,000.00","64,99,999.00",
"02-Jan-15","FDRL/INTERNAL FUND TRANSFER","28494925698","02-Jan-15","","5,00,000.00","69,99,999.00",
"02-Jan-15","FDRL/INTERNAL FUND TRANSFER","28494949082","02-Jan-15","","5,00,000.00","74,99,999.00",
"02-Jan-15","FDRL/INTERNAL FUND TRANSFER","28494879547","02-Jan-15","","5,00,000.00","79,99,999.00",
"02-Jan-15","","28494945225","02-Jan-15","","5,00,000.00","84,99,999.00",
"02-Jan-15","INDO GIBL Indiaforensic STL01071","28494965624","02-Jan-15","1,33,900.00","","83,66,099.00",
"","INDO GIBL Indiaforensic STL02071","28494897004","","18,00,000.00","","65,66,099.00",
"02-Jan-15","INDO GIBL Indiaforensic STL03071","28494947159","02-Jan-15","50,00,000.00","","15,66,099.00",
"03-Jan-15","INDO GIBL Indiaforensic STL04071","28494911751","03-Jan-15","1,95,800.00","","13,70,299.00",
"03-Jan-15","INDO GIBL Indiaforensic STL05071","28494918743","03-Jan-15","81,600.00","","12,88,699.00",
"03-Jan-15","INDO GIBL Indiaforensic STL06071","28494918300","03-Jan-15","41,800.00","","12,46,899.00",
"03-Jan-15","INDO GIBL Indiaforensic STL07071","28494876586","03-Jan-15","98,50,000.00","","-86,03,101.00",
"05-Jan-15","INDO GIBL Indiaforensic STL10071","28494960197","05-Jan-15","","98487384","8,98,84,283.00",
"05-Jan-15","INDO GIBL Indiaforensic STL11071","28494867308","05-Jan-15","3,31,650.00","","8,95,52,633.00",
"05-Jan-15","INDO GIBL Indiaforensic STL12071","28494877713","05-Jan-15","1,29,000.00","","8,94,23,633.00",
"05-Jan-15","INDO GIBL Indiaforensic STL13071","28494930171","05-Jan-15","2,30,013.00","","8,91,93,620.00",
"05-Jan-15","INDO GIBL Indiaforensic STL14071","28494927118","05-Jan-15","3,67,900.00","","8,88,25,720.00",
"05-Jan-15","INDO GIBL Indiaforensic STL15071","28494973661","05-Jan-15","1,08,000.00","","8,87,17,720.00",
"05-Jan-15","INDO GIBL Indiaforensic STL16071","28494912451","05-Jan-15","64,800.00","","8,86,52,920.00",
"05-Jan-15","INDO GIBL Indiaforensic STL17071","28494880266","05-Jan-15","1,41,000.00","","8,85,11,920.00",
"05-Jan-15","INDO GIBL Indiaforensic STL18071","28494880897","05-Jan-15","61,750.00","","8,84,50,170.00",
"05-Jan-15","INDO GIBL Indiaforensic STL19071","28494901044","05-Jan-15","67,920.00","","8,83,82,250.00",
"05-Jan-15","INDO GIBL Indiaforensic STL20071","28494965834","05-Jan-15","78,100.00","","8,83,04,150.00",
"05-Jan-15","INDO GIBL Indiaforensic STL21071","28494888819","05-Jan-15","35,650.00","","8,82,68,500.00",
"06-Jan-15","INDO GIBL Indiaforensic STL22071","28494893861","06-Jan-15","2,06,000.00","","8,80,62,500.00",
"06-Jan-15","INDO GIBL Indiaforensic STL24071","28494911990","06-Jan-15","35,300.00","","8,80,27,200.00",
"06-Jan-15","INDO GIBL Indiaforensic STL25071","28494911751","06-Jan-15","49,800.00","","8,79,77,380.00",
"06-Jan-15","INDO GIBL Indiaforensic STL26071","28494973384","06-Jan-15","53,000.00","","8,79,24,380.00",
"06-Jan-15","INDO GIBL Indiaforensic STL27071","28494884340","06-Jan-15","91,300.00","","8,78,33,080.00",
"06-Jan-15","INDO GIBL Indiaforensic STL28071","28494942065","06-Jan-15","57,499.00","","8,77,75,581.00",
"07-Jan-15","INDO GIBL Indiaforensic STL30071","28494894067","07-Jan-15","20,000.00","","8,77,55,571.00",
"","INDO GIBL Indiaforensic STL31071","28494949297","","19,400.00","","8,77,36,171.00",
"07-Jan-15","INDO GIBL Indiaforensic STL01081","28494884546","07-Jan-15","40,500.00","","8,76,95,671.00",
"07-Jan-15","INDO GIBL Indiaforensic STL02081","28494918410","07-Jan-15","2,42,300.00","","8,74,53,371.00",
"08-Jan-15","INDO GIBL Indiaforensic STL03081","28494920133","08-Jan-15","90,100.00","","8,73,63,271.00",
"08-Jan-15","INDO GIBL Indiaforensic STL04081","28494880910","08-Jan-15","1,13,250.00","","8,72,50,021.00",
"08-Jan-15","INDO GIBL Indiaforensic STL05081","28494883166","08-Jan-15","12,500.00","","8,72,37,521.00",
"08-Jan-15","INDO GIBL Indiaforensic STL06081","28494943114","08-Jan-15","40,000.00","","8,71,97,521.00",
"09-Jan-15","INDO GIBL Indiaforensic STL07081","28494895264","09-Jan-15","2,06,900.00","","8,69,90,621.00",
"09-Jan-15","INDO GIBL Indiaforensic STL08081","28494916859","09-Jan-15","2,76,000.00","","8,67,14,621.00",
"09-Jan-15","INDO GIBL Indiaforensic STL09081","28494926549","09-Jan-15","1,71,000.00","","8,65,43,621.00",
"09-Jan-15","INDO GIBL Indiaforensic STL10081","28494943592","09-Jan-15","40,100.00","","8,65,03,521.00",
"10-Jan-15","INDO GIBL Indiaforensic STL11081","28494927668","10-Jan-15","1,89,800.00","","8,63,13,721.00",
"10-Jan-15","INDO GIBL Indiaforensic STL12081","28494929541","10-Jan-15","55,800.00","","8,62,57,921.00",
"10-Jan-15","INDO GIBL Indiaforensic STL13081","28494860446","10-Jan-15","95,400.00","","8,61,62,521.00",
"10-Jan-15","INDO GIBL Indiaforensic STL14081","28494931627","10-Jan-15","2,71,323.00","","8,58,91,198.00",
"10-Jan-15","INDO GIBL Indiaforensic STL16081","28494879060","10-Jan-15","2,00,600.00","","8,56,90,598.00",
"10-Jan-15","INDO GIBL Indiaforensic STL17081","28494868910","10-Jan-15","1,76,900.00","","8,55,13,698.00",
"10-Jan-15","INDO GIBL Indiaforensic STL18081","28494893197","10-Jan-15","1,50,050.00","","8,53,63,648.00",
"10-Jan-15","INDO GIBL Indiaforensic STL19081","28494897250","10-Jan-15","82,500.00","","8,52,81,148.00",
"10-Jan-15","INDO GIBL Indiaforensic STL20081","28494953197","10-Jan-15","14,800.00","","8,52,66,348.00",
"10-Jan-15","INDO GIBL Indiaforensic STL21081","28494934917","10-Jan-15","1,50,600.00","","8,51,15,748.00",
"10-Jan-15","INDO GIBL Indiaforensic STL22081","28494925084","10-Jan-15","2,03,325.00","","8,49,12,423.00",
"10-Jan-15","INDO GIBL Indiaforensic STL23081","28494931873","10-Jan-15","1,23,900.00","","8,47,88,523.00",
"12-Jan-15","INDO GIBL Indiaforensic STL24081","28494887040","12-Jan-15","33,863.00","","8,47,54,660.00",
"12-Jan-15","INDO GIBL Indiaforensic STL25081","28494967834","12-Jan-15","32,000.00","","8,47,22,660.00",
"12-Jan-15","INDO GIBL Indiaforensic STL26081","28494933112","12-Jan-15","8,299.00","","8,47,14,361.00",
"12-Jan-15","INDO GIBL Indiaforensic STL28081","28494908554","12-Jan-15","52,219.00","","8,46,62,142.00",
"13-Jan-15","INDO GIBL Indiaforensic STL29081","28494871495","13-Jan-15","96,450.00","","8,45,65,692.00",
"13-Jan-15","INDO GIBL Indiaforensic STL30081","28494917911","13-Jan-15","1,39,863.00","","8,44,25,829.00",
"13-Jan-15","INDO GIBL Indiaforensic STL31081","28494877319","13-Jan-15","52,723.00","","8,43,73,106.00",
"13-Jan-15","INDO GIBL Indiaforensic STL01091","28494871186","13-Jan-15","77,251.00","","8,42,95,855.00",
"14-Jan-15","INDO GIBL Indiaforensic STL02091","28494908017","14-Jan-15","20,000.00","","8,42,75,855.00",
"","INDO GIBL Indiaforensic STL03091","28494934619","","10,000.00","","8,42,65,855.00",
"14-Jan-15","INDO GIBL Indiaforensic STL04091","28494897747","14-Jan-15","1,03,600.00","","8,41,62,255.00",
"14-Jan-15","INDO GIBL Indiaforensic STL05091","28494955256","14-Jan-15","71,000.00","","8,40,91,255.00",
"14-Jan-15","INDO GIBL Indiaforensic STL06091","28494903576","14-Jan-15","1,29,400.00","","8,39,61,855.00",
"15-Jan-15","INDO GIBL Indiaforensic STL07091","28494910978","15-Jan-15","2,90,163.00","","8,36,71,692.00",
"15-Jan-15","INDO GIBL Indiaforensic STL08091","28494971443","15-Jan-15","34,300.00","","8,36,37,392.00",
"15-Jan-15","INDO GIBL Indiaforensic STL09091","","15-Jan-15","49,800.00","","8,35,87,592.00",
"15-Jan-15","INDO GIBL Indiaforensic STL10091","28494906271","15-Jan-15","44,800.00","","8,35,42,792.00",
"15-Jan-15","INDO GIBL Indiaforensic STL11091","28494880372","15-Jan-15","1,51,550.00","","8,33,91,242.00",
"15-Jan-15","INDO GIBL Indiaforensic STL12091","28494905656","15-Jan-15","3,10,399.00","","8,30,80,843.00",
"15-Jan-15","INDO GIBL Indiaforensic STL13091","28494890265","15-Jan-15","2,71,401.00","","8,28,09,442.00",
"15-Jan-15","INDO GIBL Indiaforensic STL14091","28494887830","15-Jan-15","2,75,449.00","","8,25,33,993.00",
"15-Jan-15","INDO GIBL Indiaforensic STL15091","28494875039","15-Jan-15","51,502.00","","8,24,82,491.00",
"15-Jan-15","INDO GIBL Indiaforensic STL16091","28494950373","15-Jan-15","36,650.00","","8,24,45,841.00",
"15-Jan-15","INDO GIBL Indiaforensic STL17091","28494939977","15-Jan-15","99,600.00","","8,23,46,241.00",
"16-Jan-15","FDRL/INTERNAL FUND TRANSFER","28494949249","16-Jan-15","","5,00,000.00","8,28,46,241.00",
"16-Jan-15","FDRL/INTERNAL FUND TRANSFER","28494888731","16-Jan-15","","5,00,000.00","8,33,46,241.00",
"16-Jan-15","FDRL/INTERNAL FUND TRANSFER","","16-Jan-15","","5,00,000.00","8,38,46,241.00",
"16-Jan-15","FDRL/INTERNAL FUND TRANSFER","28494971601","16-Jan-15","","5,00,000.00","8,43,46,241.00",
"16-Jan-15","FDRL/INTERNAL FUND TRANSFER","28494967098","16-Jan-15","","5,00,000.00","8,48,46,241.00",
"16-Jan-15","INDO GIBL Indiaforensic STL18091","28494932596","16-Jan-15","4,11,763.00","","8,44,34,478.00",
"16-Jan-15","INDO GIBL Indiaforensic STL19091","28494926571","16-Jan-15","3,55,138.00","","8,40,79,340.00",
"16-Jan-15","INDO GIBL Indiaforensic STL20091","28494943952","16-Jan-15","88,656.00","","8,39,90,684.00",
"17-Jan-15","INDO GIBL Indiaforensic STL21091","28494970615","17-Jan-15","14,800.00","","8,39,75,884.00",
"17-Jan-15","INDO GIBL Indiaforensic STL22091","28494869990","17-Jan-15","27,000.00","","8,39,48,884.00",
"17-Jan-15","INDO GIBL Indiaforensic STL23091","28494915614","17-Jan-15","42,850.00","","8,39,06,034.00",
"17-Jan-15","INDO GIBL Indiaforensic STL24091","28494938814","17-Jan-15","39,925.00","","8,38,66,109.00",
"17-Jan-15","INDO GIBL Indiaforensic STL25091","28494974935","17-Jan-15","2,02,106.00","","8,36,64,003.00",
"17-Jan-15","INDO GIBL Indiaforensic STL26091","28494883808","17-Jan-15","1,69,802.00","","8,34,94,201.00",
"17-Jan-15","INDO GIBL Indiaforensic STL27091","28494965853","17-Jan-15","2,00,570.00","","8,32,93,631.00",
"","INDO GIBL Indiaforensic STL28091","28494909474","","12,106.00","","8,32,81,525.00",
"17-Jan-15","INDO GIBL Indiaforensic STL29091","28494936041","17-Jan-15","12,611.00","","8,32,68,914.00",
"17-Jan-15","INDO GIBL Indiaforensic STL30091","28494931372","17-Jan-15","9,375.00","","8,32,59,539.00",
"17-Jan-15","INDO GIBL Indiaforensic STL03101","28494963743","17-Jan-15","1,25,200.00","","8,31,34,339.00",
"17-Jan-15","INDO GIBL Indiaforensic STL04101","28494911898","17-Jan-15","61,400.00","","8,30,72,939.00",
"17-Jan-15","INDO GIBL Indiaforensic STL05101","28494887374","17-Jan-15","1,43,700.00","","8,29,29,239.00",
"17-Jan-15","FDRL/INTERNAL FUND TRANSFER","","17-Jan-15","","5,00,000.00","8,34,29,239.00",
"17-Jan-15","FDRL/INTERNAL FUND TRANSFER","28494870764","17-Jan-15","","5,00,000.00","8,39,29,239.00",
"17-Jan-15","FDRL/INTERNAL FUND TRANSFER","28494862005","17-Jan-15","","5,00,000.00","8,44,29,239.00",
"19-Jan-15","INDO GIBL Indiaforensic STL06101","28494963360","19-Jan-15","6,000.00","","8,44,23,239.00",
"19-Jan-15","INDO GIBL Indiaforensic STL07101","28494905296","19-Jan-15","97,950.00","","8,43,25,289.00",
"19-Jan-15","INDO GIBL Indiaforensic STL08101","28494884136","19-Jan-15","33,000.00","","8,42,92,289.00",
"19-Jan-15","INDO GIBL Indiaforensic STL09101","28494948407","19-Jan-15","3,29,300.00","","8,39,62,989.00",
"19-Jan-15","INDO GIBL Indiaforensic STL10101","28494936829","19-Jan-15","18,000.00","","8,39,44,989.00",
"19-Jan-15","INDO GIBL Indiaforensic STL11101","28494922444","19-Jan-15","1,13,400.00","","8,38,31,589.00",
"19-Jan-15","INDO GIBL Indiaforensic STL12101","28494887467","19-Jan-15","2,62,226.00","","8,35,69,363.00",
"19-Jan-15","INDO GIBL Indiaforensic STL13101","28494919881","19-Jan-15","3,18,750.00","","8,32,50,613.00",
"19-Jan-15","INDO GIBL Indiaforensic STL14101","28494923378","19-Jan-15","65,549.00","","8,31,85,064.00",
"19-Jan-15","INDO GIBL Indiaforensic STL17101","28494914932","19-Jan-15","2,06,501.00","","8,29,78,563.00",
"19-Jan-15","FDRL/INTERNAL FUND TRANSFER","28494899736","19-Jan-15","","5,00,000.00","8,34,78,563.00",
"19-Jan-15","INDO GIBL Indiaforensic STL18101","","19-Jan-15","85,000.00","","8,33,93,563.00",
"19-Jan-15","INDO GIBL Indiaforensic STL19101","28494938309","19-Jan-15","76,389.00","","8,33,17,174.00",
"20-Jan-15","INDO GIBL Indiaforensic STL20101","28494921925","20-Jan-15","62,725.00","","8,32,54,449.00",
"20-Jan-15","INDO GIBL Indiaforensic STL21101","28494961233","20-Jan-15","39,000.00","","8,32,15,449.00",
"20-Jan-15","INDO GIBL Indiaforensic STL22101","28494964041","20-Jan-15","9,600.00","","8,32,05,849.00",
"20-Jan-15","INDO GIBL Indiaforensic STL23101","28494954181","20-Jan-15","1,23,260.00","","8,30,82,589.00",
"20-Jan-15","INDO GIBL Indiaforensic STL24101","28494913845","20-Jan-15","3,69,803.00","","8,27,12,786.00",
"20-Jan-15","INDO GIBL Indiaforensic STL25101","28494895652","20-Jan-15","1,70,125.00","","8,25,42,661.00",
"20-Jan-15","FDRL/INTERNAL FUND TRANSFER","28494883441","20-Jan-15","","5,00,000.00","8,30,42,661.00",
"20-Jan-15","INDO GIBL Indiaforensic STL26101","28494968139","20-Jan-15","2,08,000.00","","8,28,34,661.00",
"21-Jan-15","FDRL/INTERNAL FUND TRANSFER","","21-Jan-15","","5,00,000.00","8,33,34,661.00",
"21-Jan-15","INDO GIBL Indiaforensic STL27101","28494906722","21-Jan-15","2,91,150.00","","8,30,43,511.00",
"21-Jan-15","INDO GIBL Indiaforensic STL28101","28494923850","21-Jan-15","24,000.00","","8,30,19,511.00",
"21-Jan-15","INDO GIBL Indiaforensic STL30101","28494919939","21-Jan-15","1,41,546.00","","8,28,77,965.00",
"21-Jan-15","INDO GIBL Indiaforensic STL31101","28494890206","21-Jan-15","80,000.00","","8,27,97,965.00",
"22-Jan-15","INDO GIBL Indiaforensic STL01111","28494919974","22-Jan-15","46,250.00","","8,27,51,715.00",
"22-Jan-15","INDO GIBL Indiaforensic STL02111","28494952347","22-Jan-15","42,825.00","","8,27,08,890.00",
"22-Jan-15","INDO GIBL Indiaforensic STL03111","28494894620","22-Jan-15","1,79,463.00","","8,25,29,427.00",
"22-Jan-15","INDO GIBL Indiaforensic STL04111","28494864487","22-Jan-15","18,949.00","","8,25,10,478.00",
"22-Jan-15","INDO GIBL Indiaforensic STL05111","28494940301","22-Jan-15","91,441.00","","8,24,19,037.00",
"23-Jan-15","INDO GIBL Indiaforensic STL06111","28494926534","23-Jan-15","1,47,750.00","","8,22,71,287.00",
"23-Jan-15","FDRL/INTERNAL FUND TRANSFER","28494897075","23-Jan-15","","5,00,000.00","8,27,71,287.00",
"23-Jan-15","FDRL/INTERNAL FUND TRANSFER","28494886362","23-Jan-15","15000000","","6,77,71,287.00",
"23-Jan-15","","28494914726","23-Jan-15","1,10,188.00","","6,76,61,099.00",
"23-Jan-15","INDO GIBL Indiaforensic STL08111","28494966165","23-Jan-15","61,870.00","","6,75,99,229.00",
"","INDO GIBL Indiaforensic STL09111","28494878996","","84,101.00","","6,75,15,128.00",
"23-Jan-15","INDO GIBL Indiaforensic STL10111","28494928537","23-Jan-15","1,29,700.00","","6,73,85,428.00",
"23-Jan-15","INDO GIBL Indiaforensic STL11111","28494945678","23-Jan-15","7,499.00","","6,73,77,929.00",
"23-Jan-15","INDO GIBL Indiaforensic STL12111","28494941112","23-Jan-15","80,100.00","","6,72,97,829.00",
"23-Jan-15","INDO GIBL Indiaforensic STL13111","28494972481","23-Jan-15","1,43,850.00","","6,71,53,979.00",
"23-Jan-15","INDO GIBL Indiaforensic STL14111","28494921702","23-Jan-15","2,89,500.00","","6,68,64,479.00",
"23-Jan-15","FDRL/INTERNAL FUND TRANSFER","28494952478","23-Jan-15","","5,00,000.00","6,73,64,479.00",
"23-Jan-15","FDRL/INTERNAL FUND TRANSFER","28494862095","23-Jan-15","","5,00,000.00","6,78,64,479.00",
"23-Jan-15","INDO GIBL Indiaforensic STL16111","28494913947","23-Jan-15","94,900.00","","6,77,69,579.00",
"23-Jan-15","INDO GIBL Indiaforensic STL15111","28494872949","23-Jan-15","2,24,851.00","","6,75,44,728.00",
"23-Jan-15","INDO GIBL Indiaforensic STL17111","28494973661","23-Jan-15","2,84,953.00","","6,72,59,775.00",
"24-Jan-15","INDO GIBL Indiaforensic STL18111","28494914095","24-Jan-15","1,15,150.00","","6,71,44,625.00",
"","INDO GIBL Indiaforensic STL19111","28494912078","","40,000.00","","6,71,04,625.00",
"24-Jan-15","FDRL/INTERNAL FUND TRANSFER","28494973638","24-Jan-15","","5,00,000.00","6,76,04,625.00",
"24-Jan-15","INDO GIBL Indiaforensic STL20111","28494860037","24-Jan-15","1,45,900.00","","6,74,58,725.00",
"24-Jan-15","INDO GIBL Indiaforensic STL21111","28494902695","24-Jan-15","83,251.00","","6,73,75,474.00",
"27-Jan-15","INDO GIBL Indiaforensic STL22111","28494877297","27-Jan-15","1,92,200.00","","6,71,83,274.00",
"27-Jan-15","INDO GIBL Indiaforensic STL23111","28494917629","27-Jan-15","74,799.00","","6,71,08,475.00",
"27-Jan-15","FDRL/INTERNAL FUND TRANSFER","28494888022","27-Jan-15","","5,00,000.00","6,76,08,475.00",
"27-Jan-15","INDO GIBL Indiaforensic STL24117","28494885072","27-Jan-15","19,400.00","","6,75,89,075.00",
"27-Jan-15","INDO GIBL Indiaforensic STL25117","28494928167","27-Jan-15","39,700.00","","6,75,49,375.00",
"27-Jan-15","INDO GIBL Indiaforensic STL26117","28494948213","27-Jan-15","42,800.00","","6,75,06,575.00",
"27-Jan-15","INDO GIBL Indiaforensic STL27111","28494961278","27-Jan-15","1,00,402.00","","6,74,06,173.00",
"27-Jan-15","INDO GIBL Indiaforensic STL28111","28494869349","27-Jan-15","1,01,500.00","","6,73,04,673.00",
"27-Jan-15","INDO GIBL Indiaforensic STL29111","28494935917","27-Jan-15","36,961.00","","6,72,67,712.00",
"27-Jan-15","","28494881588","27-Jan-15","67,850.00","","6,71,99,862.00",
"27-Jan-15","INDO GIBL Indiaforensic STL01121","28494884786","27-Jan-15","19,800.00","","6,71,80,062.00",
"27-Jan-15","INDO GIBL Indiaforensic STL02121","28494910513","27-Jan-15","10,000.00","","6,71,70,062.00",
"28-Jan-15","INDO GIBL Indiaforensic STL03121","28494896635","28-Jan-15","24,500.00","","6,71,45,562.00",
"28-Jan-15","INDO GIBL Indiaforensic STL04121","28494885594","28-Jan-15","41,700.00","0","6,71,03,862.00",
"28-Jan-15","FDRL/INTERNAL FUND TRANSFER","38494860037","28-Jan-15","","5,00,000.00","6,76,03,862.00",
"28-Jan-15","INDO GIBL Indiaforensic STL05121","28494911582","28-Jan-15","2,18,050.00","","6,73,85,812.00",
"28-Jan-15","INDO GIBL Indiaforensic STL06121","28494907848","28-Jan-15","1,86,40,000.00","","4,87,45,812.00",
"29-Jan-15","INDO GIBL Indiaforensic STL07121","28494906681","29-Jan-15","1,71,33,000.00","","3,16,12,812.00",
"29-Jan-15","INDO GIBL Indiaforensic STL08121","28494892326","29-Jan-15","34,40,000.00","","2,81,72,812.00",
"29-Jan-15","INDO GIBL Indiaforensic STL09121","28494873302","29-Jan-15","51,19,900.00","","2,30,52,912.00",
"29-Jan-15","INDO GIBL Indiaforensic STL10121","28494974535","29-Jan-15","15,91,500.00","","2,14,61,412.00",
"29-Jan-15","FDRL/INTERNAL FUND TRANSFER","28494891170","29-Jan-15","","5,00,000.00","2,19,61,412.00",
"29-Jan-15","FDRL/INTERNAL FUND TRANSFER","28494889690","29-Jan-15","","5,00,000.00","2,24,61,412.00",
"29-Jan-15","INDO GIBL Indiaforensic STL11121","28494975031","29-Jan-15","2,06,075.00","","2,22,55,337.00",
"29-Jan-15","INDO GIBL Indiaforensic STL12121","28494896871","29-Jan-15","14,20,000.00","","2,08,35,337.00",
"29-Jan-15","INDO GIBL Indiaforensic STL13121","28494867174","29-Jan-15","35,03,500.00","","1,73,31,837.00",
"29-Jan-15","INDO GIBL Indiaforensic STL14121","28494872915","29-Jan-15","3,43,900.00","","1,69,87,937.00",
"29-Jan-15","FDRL/INTERNAL FUND TRANSFER","28494896521","29-Jan-15","","5,00,000.00","1,74,87,937.00",
"30-Jan-15","FDRL/INTERNAL FUND TRANSFER","28494898991","30-Jan-15","15000000","","24,87,927.00",
"30-Jan-15","INDO GIBL Indiaforensic STL15121","","30-Jan-15","2,10,500.00","","22,77,427.00",
"30-Jan-15","INDO GIBL Indiaforensic STL17121","28494864081","30-Jan-15","1,39,500.00","","21,37,927.00",
"30-Jan-15","INDO GIBL Indiaforensic STL16121","28494929028","30-Jan-15","92,550.00","","20,45,377.00",
"30-Jan-15","FDRL/INTERNAL FUND TRANSFER","28494915682","30-Jan-15","","5,00,000.00","25,45,377.00",
"30-Jan-15","FDRL/INTERNAL FUND TRANSFER","28494906801","30-Jan-15","1500000","","10,45,377.00",
"30-Jan-15","INDO GIBL Indiaforensic STL18121","28494935182","30-Jan-15","6,54,498.00","","3,90,879.00",
"30-Jan-15","INDO GIBL Indiaforensic STL19121","28494935182","30-Jan-15","5,04,450.00","","-1,13,571.00",
"30-Jan-15","FDRL/INTERNAL FUND TRANSFER","28494872603","30-Jan-15","","5,00,000.00","3,86,429.00",
"30-Jan-15","INDO GIBL Indiaforensic STL20121","28494869744","30-Jan-15","","5334232","57,20,661.00",
"30-Jan-15","FDRL/INTERNAL FUND TRANSFER","28494885685","30-Jan-15","","5,00,000.00","62,20,661.00",
"30-Jan-15","FDRL/INTERNAL FUND TRANSFER","28494899056","30-Jan-15","","5,00,000.00","67,20,661.00",
"30-Jan-15","INDO GIBL Indiaforensic STL21121","28494915651","30-Jan-15","1,46,050.00","","65,74,611.00",
"31-Jan-15","INDO GIBL Indiaforensic STL22121","28494902377","31-Jan-15","1,00,300.00","","64,74,311.00",
"31-Jan-15","INDO GIBL Indiaforensic STL23121","28494944517","31-Jan-15","62,425.00","","64,11,886.00",
"31-Jan-15","INDO GIBL Indiaforensic STL24121","28494973740","31-Jan-15","3,65,300.00","","60,46,586.00",
"31-Jan-15","INDO GIBL Indiaforensic STL25121","28494879761","31-Jan-15","23,550.00","","60,23,036.00",
"02-Feb-15","FDRL/INTERNAL FUND TRANSFER","28494926052","02-Feb-15","","5,00,000.00","65,23,036.00",
"02-Feb-15","INDO GIBL Indiaforensic STL26121","28494969766","02-Feb-15","2,59,525.00","","62,63,511.00",
"02-Feb-15","INDO GIBL Indiaforensic STL27121","28494916546","02-Feb-15","3,83,110.00","","58,80,401.00",
"","INDO GIBL Indiaforensic STL28121","28494883314","","1,38,150.00","","57,42,251.00",
"02-Feb-15","FDRL/INTERNAL FUND TRANSFER","28494956317","02-Feb-15","","5,00,000.00","62,42,251.00",
"02-Feb-15","INDO GIBL Indiaforensic STL29121","28494917878","02-Feb-15","2,85,399.00","","59,56,852.00",
"02-Feb-15","INDO GIBL Indiaforensic STL31121","28494934629","02-Feb-15","14,000.00","","59,42,852.00",
"03-Feb-15","INDO GIBL Indiaforensic STL30121","28494955651","03-Feb-15","54,250.00","","58,88,602.00",
"03-Feb-15","INDO GIBL Indiaforensic STL01011","28494870040","03-Feb-15","1,47,500.00","","57,41,102.00",
"03-Feb-15","FDRL/INTERNAL FUND TRANSFER","28494965282","03-Feb-15","","5,00,000.00","62,41,102.00",
"03-Feb-15","INDO GIBL Indiaforensic STL02011","28494948718","03-Feb-15","3,23,500.00","","59,17,602.00",
"03-Feb-15","INDO GIBL Indiaforensic STL03011","28494859429","03-Feb-15","1,80,300.00","","57,37,302.00",
"03-Feb-15","FDRL/INTERNAL FUND TRANSFER","28494945580","03-Feb-15","","5,00,000.00","62,37,302.00",
"03-Feb-15","FDRL/INTERNAL FUND TRANSFER","28494871692","03-Feb-15","","5,00,000.00","67,37,302.00",
"03-Feb-15","INDO GIBL Indiaforensic STL04011","","03-Feb-15","2,22,800.00","","65,14,502.00",
"03-Feb-15","INDO GIBL Indiaforensic STL05011","28494963581","03-Feb-15","1,45,450.00","","63,69,052.00",
"03-Feb-15","INDO GIBL Indiaforensic STL06011","28494964465","03-Feb-15","1,82,000.00","","61,87,052.00",
"03-Feb-15","INDO GIBL Indiaforensic STL07011","28494873330","03-Feb-15","2,05,075.00","","59,81,977.00",
"03-Feb-15","INDO GIBL Indiaforensic STL08011","28494914242","03-Feb-15","1,70,500.00","","58,11,477.00",
"04-Feb-15","","28494863799","04-Feb-15","","5,00,000.00","63,11,477.00",
"04-Feb-15","INDO GIBL Indiaforensic STL09011","28494947204","04-Feb-15","4,95,252.00","","58,16,225.00",
"04-Feb-15","INDO GIBL Indiaforensic STL10011","28494878396","04-Feb-15","2,56,600.00","","55,59,625.00",
"04-Feb-15","FDRL/INTERNAL FUND TRANSFER","28494953706","04-Feb-15","","5,00,000.00","60,59,625.00",
"04-Feb-15","FDRL/INTERNAL FUND TRANSFER","28494876751","04-Feb-15","","5,00,000.00","65,59,625.00",
"04-Feb-15","FDRL/INTERNAL FUND TRANSFER","28494917123","04-Feb-15","","5,00,000.00","70,59,625.00",
"04-Feb-15","FDRL/INTERNAL FUND TRANSFER","28494870740","04-Feb-15","","5,00,000.00","75,59,625.00",
"04-Feb-15","INDO GIBL Indiaforensic STL14011","28494863860","04-Feb-15","5,000.00","","75,54,625.00",
"04-Feb-15","INDO GIBL Indiaforensic STL11011","28494934050","04-Feb-15","3,48,200.00","","72,06,425.00",
"04-Feb-15","INDO GIBL Indiaforensic STL13011","28494901422","04-Feb-15","1,12,900.00","","70,93,525.00",
"04-Feb-15","INDO GIBL Indiaforensic STL12011","28494872944","04-Feb-15","3,92,251.00","","67,01,274.00",
"04-Feb-15","INDO GIBL Indiaforensic STL15011","28494909389","04-Feb-15","4,12,300.00","","62,88,974.00",
"04-Feb-15","INDO GIBL Indiaforensic STL16011","28494938582","04-Feb-15","5,18,375.00","","57,70,599.00",
"05-Feb-15","INDO GIBL Indiaforensic STL19011","28494911870","05-Feb-15","2,96,450.00","","54,74,149.00",
"05-Feb-15","FDRL/INTERNAL FUND TRANSFER","28494958708","05-Feb-15","","5,00,000.00","59,74,149.00",
"05-Feb-15","","28494866319","05-Feb-15","","5,00,000.00","64,74,149.00",
"05-Feb-15","INDO GIBL Indiaforensic STL22011","28494896112","05-Feb-15","2,74,600.00","","61,99,549.00",
"05-Feb-15","INDO GIBL Indiaforensic STL20011","28494889385","05-Feb-15","1,59,725.00","","60,39,824.00",
"05-Feb-15","INDO GIBL Indiaforensic STL21011","28494946311","05-Feb-15","69,000.00","","59,70,824.00",
"05-Feb-15","INDO GIBL Indiaforensic STL18011","28494909218","05-Feb-15","2,44,350.00","","57,26,474.00",
"05-Feb-15","INDO GIBL Indiaforensic STL23011","28494884968","05-Feb-15","2,24,800.00","","55,01,674.00",
"05-Feb-15","FDRL/INTERNAL FUND TRANSFER","28494975381","05-Feb-15","","5,00,000.00","60,01,674.00",
"06-Feb-15","FDRL/INTERNAL FUND TRANSFER","28494938507","06-Feb-15","","5,00,000.00","65,01,674.00",
"06-Feb-15","FDRL/INTERNAL FUND TRANSFER","28494945537","06-Feb-15","","5,00,000.00","70,01,674.00",
"06-Feb-15","INDO GIBL Indiaforensic STL25011","28494873170","06-Feb-15","1,35,050.00","","68,66,624.00",
"06-Feb-15","INDO GIBL Indiaforensic STL26011","28494865073","06-Feb-15","31,300.00","","68,35,324.00",
"06-Feb-15","INDO GIBL Indiaforensic STL27011","28494869124","06-Feb-15","20,500.00","","68,14,824.00",
"06-Feb-15","INDO GIBL Indiaforensic STL28011","28494961085","06-Feb-15","5,500.00","","68,09,324.00",
"06-Feb-15","INDO GIBL Indiaforensic STL24011","28494948723","06-Feb-15","2,04,900.00","","66,04,424.00",
"06-Feb-15","INDO GIBL Indiaforensic STL17011","28494960837","06-Feb-15","5,63,250.00","","60,41,174.00",
"06-Feb-15","INDO GIBL Indiaforensic STL29011","28494890567","06-Feb-15","2,07,100.00","","58,34,074.00",
"06-Feb-15","INDO GIBL Indiaforensic STL30011","28494928058","06-Feb-15","1,38,250.00","","56,95,824.00",
"06-Feb-15","INDO GIBL Indiaforensic STL31011","28494956489","06-Feb-15","1,96,150.00","","54,99,674.00",
"06-Feb-15","FDRL/INTERNAL FUND TRANSFER","28494918962","06-Feb-15","","5,00,000.00","59,99,674.00",
"06-Feb-15","FDRL/INTERNAL FUND TRANSFER","28494860560","06-Feb-15","","5,00,000.00","64,99,674.00",
"06-Feb-15","FDRL/INTERNAL FUND TRANSFER","28494933961","06-Feb-15","","5,00,000.00","69,99,674.00",
"07-Feb-15","INDO GIBL Indiaforensic STL02021","28494862111","07-Feb-15","1,19,675.00","","68,79,999.00",
"09-Feb-15","INDO GIBL Indiaforensic STL01021","28494968508","09-Feb-15","1,37,775.00","","67,42,224.00",
"09-Feb-15","INDO GIBL Indiaforensic STL03021","28494912897","09-Feb-15","61,500.00","","66,80,724.00",
"09-Feb-15","INDO GIBL Indiaforensic STL05021","28494961058","09-Feb-15","1,38,350.00","","65,42,374.00",
"09-Feb-15","INDO GIBL Indiaforensic STL06021","28494973370","09-Feb-15","2,39,400.00","","63,02,974.00",
"09-Feb-15","FDRL/INTERNAL FUND TRANSFER","28494934295","09-Feb-15","","5,00,000.00","68,02,974.00",
"09-Feb-15","FDRL/INTERNAL FUND TRANSFER","28494939226","09-Feb-15","15000000","","-81,97,026.00",
"09-Feb-15","INDO GIBL Indiaforensic STL07021","28494919221","09-Feb-15","","10545453","23,48,427.00",
"09-Feb-15","INDO GIBL Indiaforensic STL08021","28494968105","09-Feb-15","3,00,799.00","","20,47,628.00",
"09-Feb-15","INDO GIBL Indiaforensic STL09021","28494878147","09-Feb-15","3,34,900.00","","17,12,728.00",
"09-Feb-15","INDO GIBL Indiaforensic STL10021","28494913017","09-Feb-15","68,250.00","","16,44,478.00",
"10-Feb-15","INDO GIBL Indiaforensic STL13021","28494968765","10-Feb-15","3,07,125.00","","13,37,353.00",
"10-Feb-15","INDO GIBL Indiaforensic STL14021","28494910947","10-Feb-15","4,75,300.00","","8,62,053.00",
"10-Feb-15","FDRL/INTERNAL FUND TRANSFER","28494961939","10-Feb-15","","5,00,000.00","13,62,053.00",
"10-Feb-15","FDRL/INTERNAL FUND TRANSFER","28494899197","10-Feb-15","","5,00,000.00","18,62,053.00",
"10-Feb-15","FDRL/INTERNAL FUND TRANSFER","28494947280","10-Feb-15","","5,00,000.00","23,62,053.00",
"10-Feb-15","","28494909205","10-Feb-15","5,94,328.00","","17,67,725.00",
"10-Feb-15","INDO GIBL Indiaforensic STL15021","28494970636","10-Feb-15","3,87,100.00","","13,80,625.00",
"10-Feb-15","FDRL/INTERNAL FUND TRANSFER","28494916200","10-Feb-15","","5,00,000.00","18,80,625.00",
"10-Feb-15","INDO GIBL Indiaforensic STL16021","28494974657","10-Feb-15","7,10,800.00","","11,69,825.00",
"10-Feb-15","INDO GIBL Indiaforensic STL17021","28494931826","10-Feb-15","3,85,400.00","","7,84,425.00",
"10-Feb-15","FDRL/INTERNAL FUND TRANSFER","28494966634","10-Feb-15","","5,00,000.00","12,84,425.00",
"11-Feb-15","FDRL/INTERNAL FUND TRANSFER","","11-Feb-15","","5,00,000.00","17,84,425.00",
"11-Feb-15","INDO GIBL Indiaforensic STL18021","28494956148","11-Feb-15","79,350.00","","17,05,075.00",
"11-Feb-15","INDO GIBL Indiaforensic STL19021","28494955592","11-Feb-15","3,85,200.00","","13,19,875.00",
"11-Feb-15","INDO GIBL Indiaforensic STL20021","28494868646","11-Feb-15","2,99,950.00","","10,19,925.00",
"11-Feb-15","FDRL/INTERNAL FUND TRANSFER","28494904308","11-Feb-15","","5,00,000.00","15,19,925.00",
"11-Feb-15","FDRL/INTERNAL FUND TRANSFER","28494922668","11-Feb-15","","5,00,000.00","20,19,925.00",
"11-Feb-15","INDO GIBL Indiaforensic STL21021","28494879343","11-Feb-15","2,73,500.00","","17,46,425.00",
"11-Feb-15","INDO GIBL Indiaforensic STL22021","28494968740","11-Feb-15","2,37,500.00","","15,08,925.00",
"12-Feb-15","INDO GIBL Indiaforensic STL23021","28494924073","12-Feb-15","2,77,753.00","","12,31,172.00",
"12-Feb-15","INDO GIBL Indiaforensic STL24021","28494879676","12-Feb-15","70,300.00","","11,60,872.00",
"12-Feb-15","INDO GIBL Indiaforensic STL25021","28494909840","12-Feb-15","62,400.00","","10,98,472.00",
"12-Feb-15","FDRL/INTERNAL FUND TRANSFER","28494927690","12-Feb-15","","5,00,000.00","15,98,472.00",
"12-Feb-15","FDRL/INTERNAL FUND TRANSFER","28494936721","12-Feb-15","","5,00,000.00","20,98,472.00",
"12-Feb-15","INDO GIBL Indiaforensic STL26021","28494964034","12-Feb-15","1,03,300.00","","19,95,172.00",
"12-Feb-15","INDO GIBL Indiaforensic STL27021","28494861402","12-Feb-15","1,82,450.00","","18,12,722.00",
"12-Feb-15","FDRL/INTERNAL FUND TRANSFER","28494943796","12-Feb-15","","5,00,000.00","23,12,722.00",
"12-Feb-15","FDRL/INTERNAL FUND TRANSFER","28494914850","12-Feb-15","","2,000.00","23,14,722.00",
"12-Feb-15","INDO GIBL Indiaforensic STL03031","28494944202","12-Feb-15","1,55,500.00","","21,59,222.00",
"12-Feb-15","","28494931276","12-Feb-15","2,44,350.00","","19,14,872.00",
"12-Feb-15","INDO GIBL Indiaforensic STL01031","28494909544","12-Feb-15","2,02,799.00","","17,12,053.00",
"13-Feb-15","INDO GIBL Indiaforensic STL03031","28494870749","13-Feb-15","1,55,500.00","","15,56,553.00",
"13-Feb-15","INDO GIBL Indiaforensic STL05031","28494938806","13-Feb-15","1,53,300.00","","14,03,253.00",
"13-Feb-15","INDO GIBL Indiaforensic STL06031","28494924033","13-Feb-15","3,50,150.00","","10,53,103.00",
"13-Feb-15","INDO GIBL Indiaforensic STL07031","28494875592","13-Feb-15","3,71,900.00","","6,81,203.00",
"13-Feb-15","INDO GIBL Indiaforensic STL08031","28494881583","13-Feb-15","6,85,930.00","","-4,727.00",
"13-Feb-15","FDRL/INTERNAL FUND TRANSFER","28494914667","13-Feb-15","","5,00,000.00","4,95,273.00",
"13-Feb-15","","28494866605","13-Feb-15","","5,00,000.00","9,95,273.00",
"13-Feb-15","INDO GIBL Indiaforensic STL09031","28494935072","13-Feb-15","3,90,850.00","","6,04,423.00",
"13-Feb-15","INDO GIBL Indiaforensic STL1003","28494975294","13-Feb-15","85,800.00","","5,18,623.00",
"13-Feb-15","INDO GIBL Indiaforensic STL11031","28494925536","13-Feb-15","45,000.00","","4,73,623.00",
"14-Feb-15","FDRL/INTERNAL FUND TRANSFER","28494874018","14-Feb-15","","5,00,000.00","9,73,623.00",
"14-Feb-15","FDRL/INTERNAL FUND TRANSFER","28494937897","14-Feb-15","","5,00,000.00","14,73,623.00",
"14-Feb-15","INDO GIBL Indiaforensic STL12031","28494938107","14-Feb-15","5,77,493.00","","8,96,130.00",
"14-Feb-15","INDO GIBL Indiaforensic STL13031","28494917963","14-Feb-15","5,56,224.00","","3,39,906.00",
"","FDRL/INTERNAL FUND TRANSFER","28494942096","","","5,00,000.00","8,39,906.00",
"14-Feb-15","FDRL/INTERNAL FUND TRANSFER","28494884980","14-Feb-15","","5,00,000.00","13,39,906.00",
"14-Feb-15","","28494875190","14-Feb-15","4,25,700.00","","9,14,206.00",
"14-Feb-15","INDO GIBL Indiaforensic STL15031","28494883512","14-Feb-15","2,13,463.00","","7,00,743.00",
"14-Feb-15","FDRL/INTERNAL FUND TRANSFER","28494931419","14-Feb-15","","5,00,000.00","12,00,743.00",
"14-Feb-15","INDO GIBL Indiaforensic STL16031","28494949583","14-Feb-15","1,99,983.00","","10,00,760.00",
"14-Feb-15","INDO GIBL Indiaforensic STL17031","28494921095","14-Feb-15","2,30,510.00","","7,70,250.00",
"16-Feb-15","INDO GIBL Indiaforensic STL18031","28494941525","16-Feb-15","10,000.00","","7,60,250.00",
"16-Feb-15","INDO GIBL Indiaforensic STL19031","28494878357","16-Feb-15","3,35,250.00","","4,25,000.00",
"16-Feb-15","FDRL/INTERNAL FUND TRANSFER","28494916512","16-Feb-15","","5,00,000.00","9,25,000.00",
"16-Feb-15","Indfor INCM INDO REVREMI0303","28494903150","16-Feb-15","","1,320.00","9,26,320.00",
"16-Feb-15","INDO GIBLOXGN REVSTL03031","28494893887","16-Feb-15","","1,55,500.00","10,81,820.00",
"16-Feb-15","Indfor INCM INDO REVREMI0103","28494940584","16-Feb-15","","2,02,799.00","12,84,619.00",
"16-Feb-15","","28494862072","16-Feb-15","2,00,799.00","","10,83,820.00",
"16-Feb-15","INDO GIBL Indiaforensic STL20031","28494888559","16-Feb-15","4,34,450.00","","6,49,370.00",
"16-Feb-15","INDO GIBL Indiaforensic STL21031","28494868763","16-Feb-15","2,92,175.00","","3,57,195.00",
"16-Feb-15","FDRL/INTERNAL FUND TRANSFER","28494919917","16-Feb-15","","5,00,000.00","8,57,195.00",
"16-Feb-15","FDRL/INTERNAL FUND TRANSFER","28494877813","16-Feb-15","","5,00,000.00","13,57,195.00",
"16-Feb-15","INDO GIBL Indiaforensic STL22031","28494959858","16-Feb-15","3,01,200.00","","10,55,995.00",
"16-Feb-15","","28494886045","16-Feb-15","","5,00,000.00","15,55,995.00",
"16-Feb-15","INDO GIBL Indiaforensic STL23031","28494879758","16-Feb-15","2,18,975.00","","13,37,020.00",
"16-Feb-15","INDO GIBL Indiaforensic STL24031","28494869423","16-Feb-15","44,800.00","","12,92,220.00",
"16-Feb-15","INDO GIBL Indiaforensic STL25031","28494951443","16-Feb-15","12,000.00","","12,80,220.00",
"17-Feb-15","INDO GIBL Indiaforensic STL26031","28494899996","17-Feb-15","2,59,150.00","","10,21,070.00",
"17-Feb-15","INDO GIBL Indiaforensic STL27031","28494870725","17-Feb-15","1,39,650.00","","8,81,420.00",
"17-Feb-15","INDO GIBL Indiaforensic STL28031","28494945950","17-Feb-15","1,64,600.00","","7,16,820.00",
"17-Feb-15","INDO GIBL Indiaforensic STL29031","28494861654","17-Feb-15","81,675.00","","6,35,145.00",
"17-Feb-15","INDO GIBL Indiaforensic STL30031","28494957835","17-Feb-15","85,750.00","","5,49,395.00",
"17-Feb-15","FDRL/INTERNAL FUND TRANSFER","28494959902","17-Feb-15","","5,00,000.00","10,49,395.00",
"17-Feb-15","","28494973155","17-Feb-15","","5,00,000.00","15,49,395.00",
"17-Feb-15","FDRL/INTERNAL FUND TRANSFER","28494905351","17-Feb-15","","5,00,000.00","20,49,395.00",
"17-Feb-15","INDO GIBL Indiaforensic STL31031","28494957261","17-Feb-15","1,50,950.00","","18,98,445.00",
"17-Feb-15","INDO GIBL Indiaforensic STL01041","28494920309","17-Feb-15","20,000.00","","18,78,445.00",
"17-Feb-15","INDO GIBL Indiaforensic STL02041","28494933735","17-Feb-15","26,400.00","","18,52,045.00",
"18-Feb-15","INDO GIBL Indiaforensic STL03041","28494883141","18-Feb-15","1,09,650.00","","17,42,395.00",
"18-Feb-15","INDO GIBL Indiaforensic STL04041","28494896998","18-Feb-15","3,18,100.00","","14,24,295.00",
"18-Feb-15","INDO GIBL Indiaforensic STL05041","28494861872","18-Feb-15","3,09,200.00","","11,15,095.00",
"18-Feb-15","INDO GIBL Indiaforensic STL06041","28494886602","18-Feb-15","3,03,600.00","","8,11,495.00",
"18-Feb-15","INDO GIBL Indiaforensic STL07041","28494886156","18-Feb-15","48,800.00","","7,62,695.00",
"18-Feb-15","FDRL/INTERNAL FUND TRANSFER","28494966140","18-Feb-15","","5,00,000.00","12,62,695.00",
"18-Feb-15","INDO GIBL Indiaforensic STL09041","28494877931","18-Feb-15","3,05,950.00","","9,56,745.00",
"18-Feb-15","FDRL/INTERNAL FUND TRANSFER","28494903737","18-Feb-15","","5,00,000.00","14,56,745.00",
"18-Feb-15","INDO GIBL Indiaforensic STL10041","28494969145","18-Feb-15","1,62,600.00","","12,94,145.00",
"18-Feb-15","INDO GIBL Indiaforensic STL11041","28494930180","18-Feb-15","6,39,700.00","","6,54,445.00",
"19-Feb-15","FDRL/INTERNAL FUND TRANSFER","28494943303","19-Feb-15","","5,00,000.00","11,54,445.00",
"","INDO GIBL Indiaforensic STL12041","28494956855","","3,63,900.00","","7,90,545.00",
"19-Feb-15","FDRL/INTERNAL FUND TRANSFER","28494880260","19-Feb-15","","5,00,000.00","12,90,545.00",
"19-Feb-15","FDRL/INTERNAL FUND TRANSFER","28494932594","19-Feb-15","","5,00,000.00","17,90,545.00",
"19-Feb-15","INDO GIBL Indiaforensic STL13041","28494925658","19-Feb-15","3,47,950.00","","14,42,595.00",
"19-Feb-15","INDO GIBL Indiaforensic STL14041","28494866650","19-Feb-15","76,900.00","","13,65,695.00",
"19-Feb-15","INDO GIBL Indiaforensic STL15041","28494935918","19-Feb-15","48,000.00","","13,17,695.00",
"19-Feb-15","INDO GIBL Indiaforensic STL16041","28494880344","19-Feb-15","5,55,650.00","","7,62,045.00",
"19-Feb-15","FDRL/INTERNAL FUND TRANSFER","28494880536","19-Feb-15","","5,00,000.00","12,62,045.00",
"19-Feb-15","INDO GIBL Indiaforensic STL17041","28494942328","19-Feb-15","5,74,150.00","","6,87,895.00",
"19-Feb-15","INDO GIBL Indiaforensic STL18041","28494959111","19-Feb-15","3,88,550.00","","2,99,345.00",
"19-Feb-15","FDRL/INTERNAL FUND TRANSFER","28494897185","19-Feb-15","","5,00,000.00","7,99,345.00",
"19-Feb-15","INDO GIBL Indiaforensic STL19041","28494968710","19-Feb-15","2,76,300.00","","5,23,045.00",
"20-Feb-15","INDO GIBL Indiaforensic STL20041","28494923019","20-Feb-15","1,67,591.00","","3,55,454.00",
"20-Feb-15","","28494901843","20-Feb-15","","5,00,000.00","8,55,454.00",
"20-Feb-15","FDRL/INTERNAL FUND TRANSFER","28494875303","20-Feb-15","","5,00,000.00","13,55,454.00",
"20-Feb-15","INDO GIBL Indiaforensic STL21041","28494957439","20-Feb-15","2,42,700.00","","11,12,754.00",
"20-Feb-15","INDO GIBL Indiaforensic STL22041","28494942728","20-Feb-15","92,900.00","","10,19,854.00",
"20-Feb-15","INDO GIBL Indiaforensic STL23041","28494916236","20-Feb-15","3,15,750.00","","7,04,104.00",
"20-Feb-15","INDO GIBL Indiaforensic STL24041","28494944286","20-Feb-15","3,77,300.00","","3,26,804.00",
"20-Feb-15","FDRL/INTERNAL FUND TRANSFER","28494898668","20-Feb-15","","5,00,000.00","8,26,804.00",
"20-Feb-15","FDRL/INTERNAL FUND TRANSFER","28494873747","20-Feb-15","","5,00,000.00","13,26,804.00",
"20-Feb-15","INDO GIBL Indiaforensic STL25041","28494897314","20-Feb-15","4,14,276.00","","9,12,528.00",
"21-Feb-15","INDO GIBL Indiaforensic STL26041","28494878147","21-Feb-15","3,51,100.00","","5,61,428.00",
"21-Feb-15","FDRL/INTERNAL FUND TRANSFER","28494955268","21-Feb-15","","5,00,000.00","10,61,428.00",
"21-Feb-15","FDRL/INTERNAL FUND TRANSFER","28494919340","21-Feb-15","","5,00,000.00","15,61,428.00",
"21-Feb-15","INDO GIBL Indiaforensic STL27041","28494890782","21-Feb-15","2,29,949.00","","13,31,479.00",
"21-Feb-15","INDO GIBL Indiaforensic STL28041","28494916280","21-Feb-15","1,60,300.00","","11,71,179.00",
"21-Feb-15","INDO GIBL Indiaforensic STL29041","28494904939","21-Feb-15","76,000.00","","10,95,179.00",
"21-Feb-15","INDO GIBL Indiaforensic STL30041","28494885845","21-Feb-15","60,449.00","","10,34,730.00",
"21-Feb-15","INDO GIBL Indiaforensic STL01051","28494969538","21-Feb-15","2,59,075.00","","7,75,655.00",
"21-Feb-15","FDRL/INTERNAL FUND TRANSFER","28494968336","21-Feb-15","899343","","-1,23,688.00",
"21-Feb-15","INDO GIBL Indiaforensic STL02051","28494923802","21-Feb-15","","3423423","32,99,735.00",
"21-Feb-15","FDRL/INTERNAL FUND TRANSFER","","21-Feb-15","","5,00,000.00","37,99,735.00",
"21-Feb-15","INDO GIBL Indiaforensic STL03051","28494872168","21-Feb-15","2,37,000.00","","35,62,735.00",
"21-Feb-15","","28494878296","21-Feb-15","2,72,000.00","","32,90,735.00",
"21-Feb-15","INDO GIBL Indiaforensic STL05051","28494861947","21-Feb-15","3,87,749.00","","29,02,986.00",
"","INDO GIBL Indiaforensic STL06051","28494972607","","1,01,050.00","","28,01,936.00",
"21-Feb-15","FDRL/INTERNAL FUND TRANSFER","28494882598","21-Feb-15","","5,00,000.00","33,01,936.00",
"21-Feb-15","INDO GIBL Indiaforensic STL07051","28494934982","21-Feb-15","3,92,900.00","","29,09,036.00",
"21-Feb-15","INDO GIBL Indiaforensic STL08051","28494877627","21-Feb-15","2,90,350.00","","26,18,686.00",
"21-Feb-15","FDRL/INTERNAL FUND TRANSFER","28494969270","21-Feb-15","","5,00,000.00","31,18,686.00",
"21-Feb-15","","28494938715","21-Feb-15","","5,00,000.00","36,18,686.00",
"21-Feb-15","INDO GIBL Indiaforensic STL09051","28494870989","21-Feb-15","3,65,625.00","","32,53,061.00",
"23-Feb-15","INDO GIBL Indiaforensic STL10051","28494931780","23-Feb-15","3,52,850.00","","29,00,211.00",
"23-Feb-15","FDRL/INTERNAL FUND TRANSFER","28494871116","23-Feb-15","","5,00,000.00","34,00,211.00",
"23-Feb-15","INDO GIBL Indiaforensic STL11051","28494900008","23-Feb-15","3,45,749.00","","30,54,462.00",
"23-Feb-15","INDO GIBL Indiaforensic STL12051","28494925698","23-Feb-15","2,25,300.00","","28,29,162.00",
"23-Feb-15","","28494906381","23-Feb-15","10,000.00","","28,19,162.00",
"23-Feb-15","FDRL/INTERNAL FUND TRANSFER","28494932412","23-Feb-15","","5,00,000.00","33,19,162.00",
"23-Feb-15","INDO GIBL Indiaforensic STL14051","28494948690","23-Feb-15","8,23,240.00","","24,95,922.00",
"23-Feb-15","FDRL/INTERNAL FUND TRANSFER","28494949348","23-Feb-15","","5,00,000.00","29,95,922.00",
"23-Feb-15","FDRL/INTERNAL FUND TRANSFER","28494876748","23-Feb-15","","5,00,000.00","34,95,922.00",
"23-Feb-15","INDO GIBL Indiaforensic STL15051","28494873361","23-Feb-15","7,85,049.00","","27,10,873.00",
"23-Feb-15","","28494939843","23-Feb-15","","5,00,000.00","32,10,873.00",
"23-Feb-15","INDO GIBL Indiaforensic STL16051","28494927213","23-Feb-15","4,03,100.00","","28,07,773.00",
"24-Feb-15","FDRL/INTERNAL FUND TRANSFER","28494869445","24-Feb-15","","5,00,000.00","33,07,773.00",
"24-Feb-15","INDO GIBL Indiaforensic STL17051","28494948566","24-Feb-15","4,59,800.00","","28,47,973.00",
"24-Feb-15","FDRL/INTERNAL FUND TRANSFER","28494894295","24-Feb-15","","5,00,000.00","33,47,973.00",
"24-Feb-15","INDO GIBL Indiaforensic STL18051","28494971624","24-Feb-15","3,73,850.00","","29,74,123.00",
"24-Feb-15","INDO GIBL Indiaforensic STL19051","28494950735","24-Feb-15","2,65,500.00","","27,08,623.00",
"24-Feb-15","INDO GIBL Indiaforensic STL20051","28494881268","24-Feb-15","25,700.00","","26,82,923.00",
"24-Feb-15","FDRL/INTERNAL FUND TRANSFER","28494937958","24-Feb-15","","5,00,000.00","31,82,923.00",
"24-Feb-15","","28494901380","24-Feb-15","3,76,125.00","","28,06,798.00",
"24-Feb-15","FDRL/INTERNAL FUND TRANSFER","28494970709","24-Feb-15","","5,00,000.00","33,06,798.00",
"25-Feb-15","INDO GIBL Indiaforensic STL22051","28494965826","25-Feb-15","2,65,250.00","","30,41,548.00",
"25-Feb-15","INDO GIBL Indiaforensic STL23051","28494917597","25-Feb-15","1,19,100.00","","29,22,448.00",
"25-Feb-15","FDRL/INTERNAL FUND TRANSFER","","25-Feb-15","","5,00,000.00","34,22,448.00",
"25-Feb-15","INDO GIBL Indiaforensic STL24051","28494945779","25-Feb-15","93,350.00","","33,29,098.00",
"25-Feb-15","INDO GIBL Indiaforensic STL25051","28494861956","25-Feb-15","2,01,000.00","","31,28,098.00",
"25-Feb-15","INDO GIBL Indiaforensic STL26051","28494938286","25-Feb-15","80,475.00","","30,47,623.00",
"25-Feb-15","","28494947318","25-Feb-15","27,200.00","","30,20,423.00",
"25-Feb-15","FDRL/INTERNAL FUND TRANSFER","28494951424","25-Feb-15","","5,00,000.00","35,20,423.00",
"25-Feb-15","INDO GIBL Indiaforensic STL28051","28494860311","25-Feb-15","3,64,100.00","","31,56,323.00",
"26-Feb-15","INDO GIBL Indiaforensic STL29051","","26-Feb-15","3,41,200.00","","28,15,123.00",
"26-Feb-15","FDRL/INTERNAL FUND TRANSFER","28494876498","26-Feb-15","","5,00,000.00","33,15,123.00",
"26-Feb-15","INDO GIBL Indiaforensic STL30051","28494900866","26-Feb-15","2,34,600.00","","30,80,523.00",
"26-Feb-15","FDRL/INTERNAL FUND TRANSFER","28494893093","26-Feb-15","","5,00,000.00","35,80,523.00",
"26-Feb-15","INDO GIBL Indiaforensic STL31051","28494907638","26-Feb-15","78,000.00","","35,02,523.00",
"26-Feb-15","INDO GIBL Indiaforensic STL01061","28494915455","26-Feb-15","3,53,500.00","","31,49,023.00",
"26-Feb-15","FDRL/INTERNAL FUND TRANSFER","28494949943","26-Feb-15","","5,00,000.00","36,49,023.00",
"26-Feb-15","","28494951039","26-Feb-15","4,02,850.00","","32,46,173.00",
"26-Feb-15","INDO GIBL Indiaforensic STL04061","28494865776","26-Feb-15","5,78,750.00","","26,67,423.00",
"26-Feb-15","INDO GIBL Indiaforensic STL05061","28494941139","26-Feb-15","2,51,200.00","","24,16,223.00",
"26-Feb-15","FDRL/INTERNAL FUND TRANSFER","28494949613","26-Feb-15","","5,00,000.00","29,16,223.00",
"26-Feb-15","FDRL/INTERNAL FUND TRANSFER","28494926021","26-Feb-15","","5,00,000.00","34,16,223.00",
"27-Feb-15","INDO GIBL Indiaforensic STL06061","28494958668","27-Feb-15","2,17,075.00","","31,99,148.00",
"27-Feb-15","INDO GIBL Indiaforensic STL07061","28494885278","27-Feb-15","4,91,005.00","","27,08,143.00",
"27-Feb-15","FDRL/INTERNAL FUND TRANSFER","28494925168","27-Feb-15","","5,00,000.00","32,08,143.00",
"27-Feb-15","FDRL/INTERNAL FUND TRANSFER","28494897012","27-Feb-15","","5,00,000.00","37,08,143.00",
"27-Feb-15","INDO GIBL Indiaforensic STL08061","","28494869488","27-Feb-15","6,26,600.00","","30,81,543.00",
"27-Feb-15","INDO GIBL Indiaforensic STL09061","","28494905458","27-Feb-15","3,40,074.00","","27,41,469.00",
"27-Feb-15","INDO GIBL Indiaforensic STL10061","","28494884247","27-Feb-15","24,176.00","","27,17,293.00",
"27-Feb-15","","","28494961607","27-Feb-15","","5,00,000.00","32,17,293.00",
"27-Feb-15","FDRL/INTERNAL FUND TRANSFER","","28494971658","27-Feb-15","","5,00,000.00","37,17,293.00",
"27-Feb-15","INDO GIBL Indiaforensic STL11061","","28494932418","27-Feb-15","7,93,251.00","","29,24,042.00",
"28-Feb-15","FDRL/INTERNAL FUND TRANSFER","","28494884812","28-Feb-15","","5,00,000.00","34,24,042.00",
"28-Feb-15","INDO GIBL Indiaforensic STL12061","","28494910892","28-Feb-15","7,17,850.00","","27,06,192.00",
"28-Feb-15","INDO GIBL Indiaforensic STL27041","","28494974445","28-Feb-15","32,000.00","","26,74,192.00",
"28-Feb-15","FDRL/INTERNAL FUND TRANSFER","","28494895922","28-Feb-15","","5,00,000.00","31,74,192.00",
"28-Feb-15","FDRL/INTERNAL FUND TRANSFER","","28494873900","28-Feb-15","","10,00,000.00","41,74,192.00",
"28-Feb-15","INDO GIBL Indiaforensic STL13061","","28494967583","28-Feb-15","5,33,800.00","","36,40,392.00",
"28-Feb-15","INDO GIBL Indiaforensic STL14061","","28494890724","28-Feb-15","5,59,730.00","","30,80,662.00",
"28-Feb-15","FDRL/INTERNAL FUND TRANSFER","","28494933058","28-Feb-15","","10,00,000.00","40,80,662.00",
"28-Feb-15","INDO GIBL Indiaforensic STL17061","","28494934716","28-Feb-15","52,250.00","","40,28,412.00",
"","INDO GIBL Indiaforensic STL16061","","28494946156","","1,40,750.00","","38,87,662.00",
"28-Feb-15","INDO GIBL Indiaforensic STL15061","","28494955678","28-Feb-15","3,25,200.00","","35,62,462.00",
"28-Feb-15","FDRL/INTERNAL FUND TRANSFER","","","28-Feb-15","","50,000.00","36,12,462.00",
"28-Feb-15","INDO GIBL Indiaforensic STL18061","","28494865729","28-Feb-15","7,09,200.00","","29,03,262.00",
"02-Mar-15","FDRL/INTERNAL FUND TRANSFER","","28494862713","02-Mar-15","","50,000.00","29,53,262.00",
"02-Mar-15","INDO GIBL Indiaforensic STL19061","","28494861656","02-Mar-15","6,89,650.00","","22,63,612.00",
"02-Mar-15","FDRL/INTERNAL FUND TRANSFER","","28494956952","02-Mar-15","","5,00,000.00","27,63,612.00",
"02-Mar-15","INDO GIBL Indiaforensic STL20061","","28494879247","02-Mar-15","3,86,200.00","","23,77,412.00",
"02-Mar-15","INDO GIBL Indiaforensic STL21061","","28494879247","02-Mar-15","4,34,905.00","","19,42,487.00",
"02-Mar-15","FDRL/INTERNAL FUND TRANSFER","","28494973380","02-Mar-15","","1,00,000.00","20,42,487.00",
"02-Mar-15","INDO GIBL Indiaforensic STL24061","","28494944524","02-Mar-15","6,050.00","","20,36,437.00",
"02-Mar-15","INDO GIBL Indiaforensic STL23061","","28494953720","02-Mar-15","1,15,051.00","","19,21,386.00",
"03-Mar-15","INDO GIBL Indiaforensic STL22061","","28494948127","03-Mar-15","2,42,750.00","","16,78,636.00",
"03-Mar-15","TRF FROM","Indiaforensic SERVICES","28494861006","03-Mar-15","","5,00,000.00","21,78,636.00",
"03-Mar-15","INDO GIBL Indiaforensic STL25061","","28494895477","03-Mar-15","2,61,438.00","","19,17,198.00",
"03-Mar-15","INDO GIBL Indiaforensic STL26061","","28494869131","03-Mar-15","5,28,175.00","","13,89,023.00",
"03-Mar-15","FDRL/INTERNAL FUND TRANSFER","","28494881493","03-Mar-15","5000000","","-36,10,977.00",
"03-Mar-15","GIBLRBL INC INDO REM27061","","28494914733","03-Mar-15","","4353463","7,42,486.00",
"03-Mar-15","","INDO MFL STL270618","28494929945","03-Mar-15","3,44,750.00","","3,97,736.00",
"03-Mar-15","Indfor INCOME INDO REMI28061","","28494862683","03-Mar-15","2,160.00","","3,95,576.00",
"03-Mar-15","INDO GIBL Indiaforensic STL28061","","28494862670","03-Mar-15","4,10,181.00","","-14,605.00",
"03-Mar-15","FDRL/INTERNAL FUND TRANSFER","","28494908943","03-Mar-15","","5,00,000.00","4,85,395.00",
"","Indfor INCOME INDO REMI29061","","28494895198","","1,320.00","","4,84,075.00",
"04-Mar-15","INDO GIBL Indiaforensic STL29061","","28494942873","04-Mar-15","1,76,050.00","","3,08,025.00",
"04-Mar-15","FDRL/INTERNAL FUND TRANSFER","","28494881574","04-Mar-15","","5,00,000.00","8,08,025.00",
"04-Mar-15","","","28494923835","04-Mar-15","960","","8,07,065.00",
"04-Mar-15","INDO GIBL Indiaforensic STL30061","","28494955164","04-Mar-15","2,00,250.00","","6,06,815.00",
"04-Mar-15","Indfor INCOME INDO REMI01071","","28494943227","04-Mar-15","120","","6,06,695.00",
"04-Mar-15","INDO GIBL Indiaforensic STL01071","","28494904863","04-Mar-15","10,000.00","","5,96,695.00",
"04-Mar-15","Indfor INCOME INDO REMI02071","","28494900030","04-Mar-15","2,280.00","","5,94,415.00",
"04-Mar-15","INDO GIBL Indiaforensic STL02071","","28494944490","04-Mar-15","2,82,208.00","","3,12,207.00",
"04-Mar-15","FDRL/INTERNAL FUND TRANSFER","","28494916227","04-Mar-15","","5,00,000.00","8,12,207.00",
"05-Mar-15","Indfor INCOME INDO REMI03071","","28494903599","05-Mar-15","2,280.00","","8,09,927.00",
"05-Mar-15","INDO GIBL Indiaforensic STL03071","","28494888765","05-Mar-15","3,23,700.00","","4,86,227.00",
"05-Mar-15","Indfor INCOME INDO REMI04071","","28494940046","05-Mar-15","3,840.00","","4,82,387.00",
"05-Mar-15","INDO GIBL Indiaforensic STL04071","28494916435","05-Mar-15","","3422","4,85,809.00",
"05-Mar-15","Indfor INCOME INDO REMI05071","28494873247","05-Mar-15","2,520.00","","4,83,289.00",
"05-Mar-15","INDO GIBL Indiaforensic STL05071","28494935627","05-Mar-15","4,31,899.00","","51,390.00",
"05-Mar-15","FDRL/INTERNAL FUND TRANSFER","28494973366","05-Mar-15","","5,00,000.00","5,51,390.00",
"05-Mar-15","Indfor INCOME INDO REMI06071","28494867291","05-Mar-15","2,640.00","","5,48,750.00",
"05-Mar-15","INDO GIBL Indiaforensic STL06071","28494865890","05-Mar-15","2,95,000.00","","2,53,750.00",
"07-Mar-15","FDRL/INTERNAL FUND TRANSFER","28494859414","07-Mar-15","","5,00,000.00","7,53,750.00",
"07-Mar-15","Indfor INCOME INDO REMI08071","28494910116","07-Mar-15","120","","7,53,630.00",
"07-Mar-15","INDO GIBL Indiaforensic STL08071","28494924669","07-Mar-15","30,700.00","","7,22,930.00",
"","Indfor INCOME INDO REMI07071","28494869328","","1,200.00","","7,21,730.00",
"07-Mar-15","INDO GIBL Indiaforensic STL07071","28494860609","07-Mar-15","2,13,225.00","","5,08,505.00",
"07-Mar-15","FDRL/INTERNAL FUND TRANSFER","28494946978","07-Mar-15","","5,00,000.00","10,08,505.00",
"07-Mar-15","","28494884404","07-Mar-15","4,800.00","","10,03,705.00",
"07-Mar-15","INDO GIBL Indiaforensic STL09071","28494862125","07-Mar-15","8,09,926.00","","1,93,779.00",
"07-Mar-15","FDRL/INTERNAL FUND TRANSFER","28494878872","07-Mar-15","","5,00,000.00","6,93,779.00",
"07-Mar-15","Indfor INCOME INDO REMI10071","28494863396","07-Mar-15","2,640.00","","6,91,139.00",
"07-Mar-15","INDO GIBL Indiaforensic STL10071","28494884756","07-Mar-15","4,35,225.00","","2,55,914.00",
"09-Mar-15","FDRL/INTERNAL FUND TRANSFER","28494900533","09-Mar-15","","5,00,000.00","7,55,914.00",
"09-Mar-15","FDRL/INTERNAL FUND TRANSFER","28494924113","09-Mar-15","","5,00,000.00","12,55,914.00",
"09-Mar-15","Indfor INCOME INDO REMI11071","28494902064","09-Mar-15","4,560.00","","12,51,354.00",
"09-Mar-15","INDO GIBL Indiaforensic STL11071","28494969734","09-Mar-15","8,28,988.00","","4,22,366.00",
"09-Mar-15","FDRL/INTERNAL FUND TRANSFER","28494961179","09-Mar-15","","5,00,000.00","9,22,366.00",
"09-Mar-15","","28494928834","09-Mar-15","3,120.00","","9,19,246.00",
"09-Mar-15","INDO GIBL Indiaforensic STL12071","28494963403","09-Mar-15","4,47,455.00","","4,71,791.00",
"09-Mar-15","FDRL/INTERNAL FUND TRANSFER","28494921530","09-Mar-15","","5,00,000.00","9,71,791.00",
"10-Mar-15","FDRL/INTERNAL FUND TRANSFER","28494965801","10-Mar-15","","2,00,000.00","11,71,791.00",
"10-Mar-15","Indfor INCOME INDO REMI15071","28494973475","10-Mar-15","360","","11,71,431.00",
"10-Mar-15","INDO GIBL Indiaforensic STL15071","28494884196","10-Mar-15","69,800.00","","11,01,631.00",
"10-Mar-15","Indfor INCOME INDO REMI14071","28494952205","10-Mar-15","840","","11,00,791.00",
"10-Mar-15","INDO GIBL Indiaforensic STL14071","28494906133","10-Mar-15","1,21,300.00","","9,79,491.00",
"10-Mar-15","Indfor INCOME INDO REMI13071","28494951245","10-Mar-15","3,000.00","","9,76,491.00",
"10-Mar-15","INDO GIBL Indiaforensic STL13071","28494923085","10-Mar-15","5,05,300.00","","4,71,191.00",
"10-Mar-15","","28494953016","10-Mar-15","","2,00,000.00","6,71,191.00",
"10-Mar-15","FDRL/INTERNAL FUND TRANSFER","28494883816","10-Mar-15","","5,00,000.00","11,71,191.00",
"10-Mar-15","Indfor INCOME INDO REMI16071","28494935323","10-Mar-15","4,080.00","","11,67,111.00",
"10-Mar-15","INDO GIBL Indiaforensic STL16071","28494870795","10-Mar-15","7,17,000.00","","4,50,111.00",
"11-Mar-15","FDRL/INTERNAL FUND TRANSFER","28494872870","11-Mar-15","","2,00,000.00","6,50,111.00",
"11-Mar-15","FDRL/INTERNAL FUND TRANSFER","28494917271","11-Mar-15","","2,00,000.00","8,50,111.00",
"11-Mar-15","Indfor INCOME INDO REMI17071","28494975500","11-Mar-15","3,960.00","","8,46,151.00",
"11-Mar-15","INDO GIBL Indiaforensic STL17071","28494945109","11-Mar-15","5,81,900.00","","2,64,251.00",
"11-Mar-15","FDRL/INTERNAL FUND TRANSFER","28494932011","11-Mar-15","","2,00,000.00","4,64,251.00",
"11-Mar-15","FDRL/INTERNAL FUND TRANSFER","","11-Mar-15","","2,00,000.00","6,64,251.00",
"11-Mar-15","FDRL/INTERNAL FUND TRANSFER","28494918937","11-Mar-15","","2,00,000.00","8,64,251.00",
"11-Mar-15","FDRL/INTERNAL FUND TRANSFER","28494902121","11-Mar-15","","2,00,000.00","10,64,251.00",
"11-Mar-15","FDRL/INTERNAL FUND TRANSFER","28494895021","11-Mar-15","","2,00,000.00","12,64,251.00",
"11-Mar-15","FDRL/INTERNAL FUND TRANSFER","28494971225","11-Mar-15","","2,00,000.00","14,64,251.00",
"11-Mar-15","","28494873137","11-Mar-15","3,600.00","","14,60,651.00",
"11-Mar-15","INDO GIBL Indiaforensic STL18071","28494874682","11-Mar-15","6,63,350.00","","7,97,301.00",
"11-Mar-15","Indfor INCOME INDO REMI19071","28494878139","11-Mar-15","1,440.00","","7,95,861.00",
"12-Mar-15","INDO GIBL Indiaforensic STL19071","28494872070","12-Mar-15","1,35,800.00","","6,60,061.00",
"12-Mar-15","FDRL/INTERNAL FUND TRANSFER","28494864096","12-Mar-15","","3,00,000.00","9,60,061.00",
"12-Mar-15","Indfor INCOME INDO REMI20071","28494931102","12-Mar-15","3,600.00","","9,56,461.00",
"12-Mar-15","INDO GIBL Indiaforensic STL20071","28494931577","12-Mar-15","7,12,099.00","","2,44,362.00",
"12-Mar-15","FDRL/INTERNAL FUND TRANSFER","28494906364","12-Mar-15","","10,00,000.00","12,44,362.00",
"12-Mar-15","FDRL/INTERNAL FUND TRANSFER","28494968666","12-Mar-15","","3,00,000.00","15,44,362.00",
"12-Mar-15","Indfor INCOME INDO REMI22071","28494949035","12-Mar-15","840","","15,43,522.00",
"12-Mar-15","INDO GIBL Indiaforensic STL22071","28494924220","12-Mar-15","1,45,400.00","","13,98,122.00",
"13-Mar-15","Indfor INCOME INDO REMI21071","28494957736","13-Mar-15","1,920.00","","13,96,202.00",
"13-Mar-15","INDO GIBL Indiaforensic STL21071","28494965676","13-Mar-15","2,40,535.00","","11,55,667.00",
"13-Mar-15","Indfor INCOME INDO REMI23071","28494948942","13-Mar-15","3,840.00","","11,51,827.00",
"13-Mar-15","INDO GIBL Indiaforensic STL23071","28494867732","13-Mar-15","6,10,100.00","","5,41,727.00",
"","FDRL/INTERNAL FUND TRANSFER","28494956875","","","5,00,000.00","10,41,727.00",
"13-Mar-15","Indfor INCOME INDO REMI24071","28494907912","13-Mar-15","3,360.00","","10,38,367.00",
"13-Mar-15","INDO GIBL Indiaforensic STL24071","28494913869","13-Mar-15","5,18,500.00","","5,19,867.00",
"13-Mar-15","FDRL/INTERNAL FUND TRANSFER","28494953408","13-Mar-15","","3,00,000.00","8,19,867.00",
"13-Mar-15","FDRL/INTERNAL FUND TRANSFER","28494902866","13-Mar-15","","3,00,000.00","11,19,867.00",
"13-Mar-15","Indfor INCOME INDO REMI25071","28494878078","13-Mar-15","3,240.00","","11,16,627.00",
"13-Mar-15","INDO GIBL Indiaforensic STL25071","28494874842","13-Mar-15","4,42,250.00","","6,74,377.00",
"13-Mar-15","FDRL/INTERNAL FUND TRANSFER","28494889270","13-Mar-15","","3,00,000.00","9,74,377.00",
"13-Mar-15","Indfor INCOME INDO REMI26071","28494891520","13-Mar-15","3,240.00","","9,71,137.00",
"13-Mar-15","INDO GIBL Indiaforensic STL26071","28494886318","13-Mar-15","3,89,600.00","","5,81,537.00",
"13-Mar-15","FDRL/INTERNAL FUND TRANSFER","28494967637","13-Mar-15","","10,00,000.00","15,81,537.00",
"14-Mar-15","Indfor INCOME INDO REMI27071","28494865354","14-Mar-15","2,760.00","","15,78,777.00",
"14-Mar-15","INDO GIBL Indiaforensic STL27071","28494948930","14-Mar-15","4,57,875.00","","11,20,902.00",
"14-Mar-15","Indfor INCOME INDO REMI28071","28494931584","14-Mar-15","600","","11,20,302.00",
"14-Mar-15","INDO GIBL Indiaforensic STL28071","28494968163","14-Mar-15","66,800.00","","10,53,502.00",
"14-Mar-15","Indfor INCOME INDO REMI30071","28494910042","14-Mar-15","2,280.00","","10,51,222.00",
"14-Mar-15","INDO GIBL Indiaforensic STL30071","28494860947","14-Mar-15","3,41,400.00","","7,09,822.00",
"14-Mar-15","FDRL/INTERNAL FUND TRANSFER","28494951382","14-Mar-15","","3,00,000.00","10,09,822.00",
"14-Mar-15","Indfor INCOME INDO REMI31071","28494865920","14-Mar-15","2,760.00","","10,07,062.00",
"14-Mar-15","INDO GIBL Indiaforensic STL31071","28494901014","14-Mar-15","3,72,350.00","","6,34,712.00",
"16-Mar-15","FDRL/INTERNAL FUND TRANSFER","","16-Mar-15","","3,00,000.00","9,34,712.00",
"16-Mar-15","Indfor INCOME INDO REMI01081","28494891951","16-Mar-15","1,080.00","","9,33,632.00",
"16-Mar-15","INDO GIBL Indiaforensic STL01081","28494926385","16-Mar-15","1,45,500.00","","7,88,132.00",
"16-Mar-15","FDRL/INTERNAL FUND TRANSFER","28494959145","16-Mar-15","","3,00,000.00","10,88,132.00",
"16-Mar-15","Indfor INCOME INDO REMI02081","28494861742","16-Mar-15","840","","10,87,292.00",
"16-Mar-15","","28494859886","16-Mar-15","1,10,550.00","","9,76,742.00",
"16-Mar-15","Indfor INCOME INDO REMI03081","28494879519","16-Mar-15","1,200.00","","9,75,542.00",
"16-Mar-15","INDO GIBL Indiaforensic STL03081","28494902193","16-Mar-15","2,20,801.00","","7,54,721.00",
"17-Mar-15","Indfor INCOME INDO REMI04081","28494906875","17-Mar-15","1,560.00","","7,53,161.00",
"17-Mar-15","INDO GIBL Indiaforensic STL04081","28494889742","17-Mar-15","2,69,850.00","","4,83,311.00",
"17-Mar-15","Indfor INCOME INDO REMI05081","28494911567","17-Mar-15","240","","4,83,071.00",
"17-Mar-15","INDO GIBL Indiaforensic STL05081","28494922792","17-Mar-15","17,500.00","","4,65,571.00",
"17-Mar-15","","28494930516","17-Mar-15","25000","","4,40,571.00",
"17-Mar-15","Indfor INCOME INDO REMI06081","28494872697","17-Mar-15","3,720.00","","4,36,851.00",
"17-Mar-15","INDO GIBL Indiaforensic STL06081","28494861898","17-Mar-15","4,57,050.00","","-20,199.00",
"17-Mar-15","FDRL/INTERNAL FUND TRANSFER","28494938136","17-Mar-15","","3,00,000.00","2,79,801.00",
"","FDRL/INTERNAL FUND TRANSFER","28494929864","","","3,00,000.00","5,79,801.00",
"18-Mar-15","Indfor INCOME INDO REMI07081","28494928282","18-Mar-15","3,840.00","","5,75,961.00",
"18-Mar-15","INDO GIBL Indiaforensic STL07081","28494889010","18-Mar-15","","533423","11,09,384.00",
"18-Mar-15","FDRL/INTERNAL FUND TRANSFER","28494868004","18-Mar-15","","5,00,000.00","16,09,384.00",
"18-Mar-15","","28494892934","18-Mar-15","3,480.00","","16,05,904.00",
"18-Mar-15","INDO GIBL Indiaforensic STL08081","28494937626","18-Mar-15","5,56,450.00","","10,49,454.00",
"18-Mar-15","FDRL/INTERNAL FUND TRANSFER","28494914815","18-Mar-15","","5,00,000.00","15,49,454.00",
"18-Mar-15","Indfor INCOME INDO REMI09081","28494938806","18-Mar-15","2,280.00","","15,47,174.00",
"18-Mar-15","INDO GIBL Indiaforensic STL09081","28494963278","18-Mar-15","3,36,850.00","","12,10,324.00",
"18-Mar-15","FDRL/INTERNAL FUND TRANSFER","28494911453","18-Mar-15","","10,00,000.00","22,10,324.00",
"18-Mar-15","Indfor INCOME INDO REMI10081","28494871489","18-Mar-15","2,520.00","","22,07,804.00",
"19-Mar-15","INDO GIBL Indiaforensic STL10081","28494891462","19-Mar-15","3,51,200.00","","18,56,604.00",
"19-Mar-15","Indfor INCOME INDO REMI11081","28494891228","19-Mar-15","1,320.00","","18,55,284.00",
"19-Mar-15","INDO GIBL Indiaforensic STL11081","28494959953","19-Mar-15","2,00,700.00","","16,54,584.00",
"19-Mar-15","Indfor INCOME INDO REMI12081","28494868462","19-Mar-15","840","","16,53,744.00",
"19-Mar-15","INDO GIBL Indiaforensic STL12081","28494908592","19-Mar-15","1,16,260.00","","15,37,484.00",
"19-Mar-15","Indfor INCOME INDO REMI13081","28494930887","19-Mar-15","3,480.00","","15,34,004.00",
"19-Mar-15","INDO GIBL Indiaforensic STL13081","28494927870","19-Mar-15","5,17,655.00","","10,16,349.00",
"19-Mar-15","FDRL/INTERNAL FUND TRANSFER","28494957673","19-Mar-15","","10,00,000.00","20,16,349.00",
"19-Mar-15","Indfor INCOME INDO REMI14081","28494950999","19-Mar-15","3,600.00","","20,12,749.00",
"","INDO GIBL Indiaforensic STL14081","28494916835","","5,61,995.00","","14,50,754.00",
"19-Mar-15","Indfor INCOME INDO REMI15081","28494861948","19-Mar-15","1,320.00","","14,49,434.00",
"19-Mar-15","INDO GIBL Indiaforensic STL15081","28494938113","19-Mar-15","2,12,000.00","","12,37,434.00",
"19-Mar-15","FDRL/INTERNAL FUND TRANSFER","28494949699","19-Mar-15","","5,00,000.00","17,37,434.00",
"19-Mar-15","Indfor INCOME INDO REMI16081","28494938975","19-Mar-15","4,440.00","","17,32,994.00",
"19-Mar-15","INDO GIBL Indiaforensic STL16081","28494863427","19-Mar-15","7,55,505.00","","9,77,489.00",
"20-Mar-15","FDRL/INTERNAL FUND TRANSFER","28494950557","20-Mar-15","","4,00,000.00","13,77,489.00",
"20-Mar-15","Indfor INCOME INDO REMI17081","28494904202","20-Mar-15","3,960.00","","13,73,529.00",
"20-Mar-15","INDO GIBL Indiaforensic STL17081","28494912298","20-Mar-15","6,15,328.00","","7,58,201.00",
"20-Mar-15","FDRL/INTERNAL FUND TRANSFER","28494905508","20-Mar-15","","5,00,000.00","12,58,201.00",
"20-Mar-15","","28494958015","20-Mar-15","","5,00,000.00","17,58,201.00",
"20-Mar-15","Indfor INCOME INDO REMI18081","28494972430","20-Mar-15","1,920.00","","17,56,281.00",
"20-Mar-15","INDO GIBL Indiaforensic STL18081","28494909288","20-Mar-15","2,62,900.00","","14,93,381.00",
"21-Mar-15","Indfor INCOME INDO REMI19081","28494884464","21-Mar-15","360","","14,93,021.00",
"21-Mar-15","INDO GIBL Indiaforensic STL19081","","21-Mar-15","18,000.00","","14,75,021.00",
"21-Mar-15","FDRL/INTERNAL FUND TRANSFER","28494923498","21-Mar-15","","4,00,000.00","18,75,021.00",
"21-Mar-15","Indfor INCOME INDO REMI20081","28494876040","21-Mar-15","4,200.00","","18,70,821.00",
"21-Mar-15","INDO GIBL Indiaforensic STL20081","28494871057","21-Mar-15","5,54,751.00","","13,16,070.00",
"21-Mar-15","FDRL/INTERNAL FUND TRANSFER","28494890169","21-Mar-15","","4,00,000.00","17,16,070.00",
"21-Mar-15","FDRL/INTERNAL FUND TRANSFER","28494946983","21-Mar-15","","4,00,000.00","21,16,070.00",
"21-Mar-15","Indfor INCOME INDO REMI21081","28494875226","21-Mar-15","5,280.00","","21,10,790.00",
"21-Mar-15","INDO GIBL Indiaforensic STL21081","28494892075","21-Mar-15","9,12,000.00","","11,98,790.00",
"21-Mar-15","Indfor INCOME INDO REMI22081","28494888267","21-Mar-15","1,800.00","","11,96,990.00",
"23-Mar-15","INDO GIBL Indiaforensic STL22081","28494890263","23-Mar-15","3,35,601.00","","8,61,389.00",
"23-Mar-15","FDRL/INTERNAL FUND TRANSFER","0","23-Mar-15","500","","8,60,889.00",
"23-Mar-15","Indfor INCOME INDO REMI23081","28494933667","23-Mar-15","2,400.00","","8,58,489.00",
"23-Mar-15","INDO GIBL Indiaforensic STL23081","28494968743","23-Mar-15","3,38,131.00","","5,20,358.00",
"23-Mar-15","FDRL/INTERNAL FUND TRANSFER","28494942665","23-Mar-15","","4,00,000.00","9,20,348.00",
"23-Mar-15","FDRL/INTERNAL FUND TRANSFER","28494885486","23-Mar-15","","4,00,000.00","13,20,348.00",
"24-Mar-15","Indfor INCOME INDO REMI24081","28494931222","24-Mar-15","1,560.00","","13,18,788.00",
"24-Mar-15","INDO GIBL Indiaforensic STL24081","28494911893","24-Mar-15","2,30,300.00","","10,88,488.00",
"24-Mar-15","Indfor INCOME INDO REMI25081","28494923006","24-Mar-15","720","","10,87,768.00",
"24-Mar-15","","28494938744","24-Mar-15","71,080.00","","10,16,688.00",
"24-Mar-15","FDRL/INTERNAL FUND TRANSFER","28494955998","24-Mar-15","","4,00,000.00","14,16,688.00",
"24-Mar-15","Indfor INCOME INDO REMI27081","28494908771","24-Mar-15","9,34,320.00","","4,82,368.00",
"24-Mar-15","INDO GIBL Indiaforensic STL27081","28494865057","24-Mar-15","5,18,401.00","","-36,033.00",
"24-Mar-15","FDRL/INTERNAL FUND TRANSFER","28494954035","24-Mar-15","","4,00,000.00","3,63,967.00",
"24-Mar-15","Indfor INCOME INDO REMI28081","","24-Mar-15","2,160.00","","3,61,807.00",
"24-Mar-15","INDO GIBL Indiaforensic STL28081","28494908397","24-Mar-15","2,54,584.00","","1,07,223.00",
"24-Mar-15","","28494961244","24-Mar-15","","4,00,000.00","5,07,223.00",
"24-Mar-15","Indfor INCOME INDO REMI29081","28494973422","24-Mar-15","2,760.00","","5,04,463.00",
"24-Mar-15","INDO GIBL Indiaforensic STL29081","28494964296","24-Mar-15","3,50,585.00","","1,53,878.00",
"25-Mar-15","Indfor INCOME INDO REMI30081","","25-Mar-15","2,280.00","","1,51,598.00",
"25-Mar-15","INDO GIBL Indiaforensic STL30081","28494959663","25-Mar-15","","1500000","16,51,598.00",
"25-Mar-15","FDRL/INTERNAL FUND TRANSFER","28494876798","25-Mar-15","","5,00,000.00","21,51,598.00",
"25-Mar-15","Indfor INCOME INDO REMI31081","28494964930","25-Mar-15","3,000.00","","21,48,598.00",
"25-Mar-15","INDO WEIZ STL310818","28494972444","25-Mar-15","4,14,101.00","","17,34,497.00",
"25-Mar-15","FDRL/INTERNAL FUND TRANSFER","28494880282","25-Mar-15","","5,00,000.00","22,34,497.00",
"25-Mar-15","Indfor INCOME INDO REMI01091","28494910701","25-Mar-15","1,440.00","","22,33,057.00",
"26-Mar-15","INDO GIBL Indiaforensic STL01091","28494880535","26-Mar-15","2,36,300.00","","19,96,757.00",
"26-Mar-15","Indfor INCOME INDO REMI02091","28494907119","26-Mar-15","120","","19,96,637.00",
"26-Mar-15","INDO GIBL Indiaforensic STL02091","28494900060","26-Mar-15","9,800.00","","19,86,837.00",
"26-Mar-15","Indfor INCOME INDO REMI03091","28494902557","26-Mar-15","1,920.00","","19,84,917.00",
"26-Mar-15","INDO GIBL Indiaforensic STL03091","28494883721","26-Mar-15","2,28,025.00","","17,56,892.00",
"26-Mar-15","FDRL/INTERNAL FUND TRANSFER","28494906516","26-Mar-15","","5,00,000.00","22,56,892.00",
"26-Mar-15","Indfor INCOME INDO REMI04091","28494871924","26-Mar-15","2,880.00","","22,54,012.00",
"26-Mar-15","INDO WEIZ STL040918","28494859583","26-Mar-15","3,68,300.00","","18,85,712.00",
"26-Mar-15","","28494865141","26-Mar-15","2,880.00","","18,82,832.00",
"26-Mar-15","INDO GIBL Indiaforensic STL05091","28494951363","26-Mar-15","4,06,628.00","","14,76,204.00",
"26-Mar-15","FDRL/INTERNAL FUND TRANSFER","28494968514","26-Mar-15","","5,00,000.00","19,76,204.00",
"26-Mar-15","Indfor INCOME INDO REMI06091","28494964591","26-Mar-15","2,760.00","","19,73,444.00",
"27-Mar-15","INDO GIBL Indiaforensic STL06091","28494932443","27-Mar-15","3,77,198.00","","15,96,246.00",
"27-Mar-15","FDRL/INTERNAL FUND TRANSFER","28494899336","27-Mar-15","","5,00,000.00","20,96,246.00",
"27-Mar-15","Indfor INCOME INDO REMI07091","28494888967","27-Mar-15","3,240.00","","20,93,006.00",
"27-Mar-15","INDO GIBL Indiaforensic STL07091","28494924110","27-Mar-15","4,41,750.00","","16,51,256.00",
"27-Mar-15","Indfor INCOME INDO REMI08091","28494941194","27-Mar-15","2,040.00","","16,49,216.00",
"27-Mar-15","INDO GIBL Indiaforensic STL08091","28494959513","27-Mar-15","2,74,751.00","","13,74,465.00",
"27-Mar-15","Indfor INCOME INDO REMI09091","28494936230","27-Mar-15","360","","13,74,105.00",
"27-Mar-15","INDO GIBL Indiaforensic STL09091","28494897012","27-Mar-15","61,600.00","","13,12,505.00",
"27-Mar-15","FDRL/INTERNAL FUND TRANSFER","28494912272","27-Mar-15","","5,00,000.00","18,12,505.00",
"28-Mar-15","FDRL/INTERNAL FUND TRANSFER","28494929245","28-Mar-15","","5,00,000.00","23,12,505.00",
"28-Mar-15","Indfor INCOME INDO REMI10091","28494876045","28-Mar-15","4,200.00","","23,08,305.00",
"28-Mar-15","INDO GIBL Indiaforensic STL10091","28494935316","28-Mar-15","5,37,776.00","","17,70,529.00",
"28-Mar-15","FDRL/INTERNAL FUND TRANSFER","28494974265","28-Mar-15","","10,00,000.00","27,70,529.00",
"28-Mar-15","Indfor INCOME INDO REMI11091","28494926433","28-Mar-15","5,160.00","","27,65,369.00",
"","INDO GIBL Indiaforensic STL11091","28494929741","","7,76,577.00","","19,88,792.00",
"30-Mar-15","Indfor INCOME INDO REMI12091","28494956006","30-Mar-15","1,800.00","","19,86,992.00",
"30-Mar-15","INDO GIBL Indiaforensic STL12091","28494936830","30-Mar-15","2,52,025.00","","17,34,967.00",
"30-Mar-15","Indfor INCOME INDO REMI13091","28494898433","30-Mar-15","2,520.00","","17,32,447.00",
"30-Mar-15","INDO GIBL Indiaforensic STL13091","28494917249","30-Mar-15","3,95,501.00","","13,36,946.00",
"30-Mar-15","FDRL/INTERNAL FUND TRANSFER","28494944288","30-Mar-15","","10,00,000.00","23,36,946.00",
"30-Mar-15","Indfor INCOME INDO REMI14091","28494946588","30-Mar-15","3,720.00","","23,33,226.00",
"30-Mar-15","INDO GIBL Indiaforensic STL14091","28494884136","30-Mar-15","5,43,351.00","","17,89,875.00",
"31-Mar-15","FDRL/INTERNAL FUND TRANSFER","28494927192","31-Mar-15","","5,00,000.00","22,89,875.00",
"31-Mar-15","FDRL/INTERNAL FUND TRANSFER","28494942921","31-Mar-15","","5,00,000.00","27,89,875.00",
"31-Mar-15","Indfor INCOME INDO REMI15091","28494914837","31-Mar-15","1,200.00","","27,88,675.00",
"31-Mar-15","INDO GIBL Indiaforensic STL15091","28494961535","31-Mar-15","2,23,150.00","","25,65,525.00",
"31-Mar-15","Indfor INCOME INDO REMI16091","28494962865","31-Mar-15","120","","25,65,405.00",
"31-Mar-15","INDO GIBL Indiaforensic STL16091","28494949331","31-Mar-15","12,500.00","","25,52,905.00",
"31-Mar-15","Indfor INCOME INDO REMI17091","28494866433","31-Mar-15","3,960.00","","25,48,945.00",
"31-Mar-15","INDO GIBL Indiaforensic STL17091","28494958631","31-Mar-15","5,46,674.00","","20,02,271.00",
"03-Apr-15","Indfor INCOME INDO REMI18091","28494895745","03-Apr-15","3,720.00","","19,98,551.00",
"04-Apr-15","INDO GIBL Indiaforensic STL18091","28494944394","04-Apr-15","5,33,052.00","","14,65,499.00",
"04-Apr-15","FDRL/INTERNAL FUND TRANSFER","28494864138","04-Apr-15","","5,00,000.00","19,65,499.00",
"04-Apr-15","Indfor INCOME INDO REMI19091","28494878345","04-Apr-15","2,640.00","","19,62,859.00",
"04-Apr-15","INDO GIBL Indiaforensic STL19091","28494885875","04-Apr-15","4,97,477.00","","14,65,382.00",
"04-Apr-15","FDRL/INTERNAL FUND TRANSFER","28494899903","04-Apr-15","","5,00,000.00","19,65,382.00",
"04-Apr-15","FDRL/INTERNAL FUND TRANSFER","28494966026","04-Apr-15","","5,00,000.00","24,65,382.00",
"04-Apr-15","Indfor INCOME INDO REMI20091","","04-Apr-15","3,120.00","","24,62,262.00",
"04-Apr-15","INDO GIBL Indiaforensic STL20091","28494928384","04-Apr-15","5,03,006.00","","19,59,256.00",
"04-Apr-15","Indfor INCOME INDO REMI21091","28494925047","04-Apr-15","1,800.00","","19,57,456.00",
"04-Apr-15","INDO GIBL Indiaforensic STL21091","28494955310","04-Apr-15","2,55,052.00","","17,02,404.00",
"04-Apr-15","Indfor INCOME INDO REMI22091","28494922650","04-Apr-15","600","","17,01,804.00",
"04-Apr-15","INDO GIBL Indiaforensic STL22091","28494969955","04-Apr-15","78,250.00","","16,23,554.00",
"04-Apr-15","Indfor INCOME INDO REMI23091","28494958221","04-Apr-15","120","","16,23,434.00",
"04-Apr-15","INDO GIBL Indiaforensic STL23091","28494955688","04-Apr-15","6,250.00","","16,17,184.00",
"04-Apr-15","","28494964366","04-Apr-15","","5,000.00","16,22,184.00",
"06-Apr-15","Indfor INCOME INDO REMI24091","28494885051","06-Apr-15","2,280.00","","16,19,904.00",
"06-Apr-15","INDO GIBL Indiaforensic STL24091","28494883185","06-Apr-15","3,45,725.00","","12,74,179.00",
"06-Apr-15","FDRL/INTERNAL FUND TRANSFER","28494918052","06-Apr-15","","5,000.00","12,79,179.00",
"06-Apr-15","Indfor INCOME INDO REMI25091","28494974415","06-Apr-15","2,520.00","","12,76,659.00",
"06-Apr-15","INDO GIBL Indiaforensic STL25091","28494872671","06-Apr-15","4,07,252.00","","8,69,407.00",
"06-Apr-15","Indfor INCOME INDO REMI26091","28494902694","06-Apr-15","1,320.00","","8,68,087.00",
"06-Apr-15","INDO GIBL Indiaforensic STL26091","28494946872","06-Apr-15","2,56,050.00","","6,12,037.00",
"06-Apr-15","FDRL/INTERNAL FUND TRANSFER","28494861126","06-Apr-15","","50,000.00","6,62,037.00",
"07-Apr-15","Indfor INCOME INDO REMI27091","28494938095","07-Apr-15","2,040.00","","6,59,997.00",
"07-Apr-15","INDO GIBL Indiaforensic STL27091","28494973390","07-Apr-15","3,27,001.00","","3,32,996.00",
"07-Apr-15","Indfor INCOME INDO REMI28091","28494877131","07-Apr-15","1,920.00","","3,31,076.00",
"07-Apr-15","INDO GIBL Indiaforensic STL28091","28494925098","07-Apr-15","2,31,275.00","","99,800.00",
"07-Apr-15","FDRL/INTERNAL FUND TRANSFER","28494950926","07-Apr-15","","5,00,000.00","5,99,800.00",
"07-Apr-15","Indfor INCOME INDO REMI29091","28494876866","07-Apr-15","2,040.00","","5,97,760.00",
"07-Apr-15","INDO GIBL Indiaforensic STL29091","28494912020","07-Apr-15","3,33,800.00","","2,63,960.00",
"07-Apr-15","Indfor INCOME INDO REMI30091","28494930357","07-Apr-15","120","","2,63,840.00",
"07-Apr-15","","28494923829","07-Apr-15","5,000.00","","2,58,840.00",
"07-Apr-15","FDRL/INTERNAL FUND TRANSFER","28494861360","07-Apr-15","","5,00,000.00","7,58,840.00",
"07-Apr-15","Indfor INCOME INDO REMI01101","28494959357","07-Apr-15","3,720.00","","7,55,120.00",
"07-Apr-15","INDO GIBL Indiaforensic STL01101","28494965760","07-Apr-15","5,29,105.00","","2,26,015.00",
"07-Apr-15","Indfor INCOME INDO REMI02101","","07-Apr-15","1,200.00","","2,24,815.00",
"07-Apr-15","INDO GIBL Indiaforensic STL02101","28494970519","07-Apr-15","2,25,300.00","","-485",
"07-Apr-15","FDRL/INTERNAL FUND TRANSFER","28494938556","07-Apr-15","","5,00,000.00","4,99,515.00",
"07-Apr-15","FDRL/INTERNAL FUND TRANSFER","28494968324","07-Apr-15","","5,00,000.00","9,99,515.00",
"08-Apr-15","Indfor INCOME INDO REMI03101","28494863609","08-Apr-15","3,120.00","","9,96,395.00",
"08-Apr-15","INDO GIBL Indiaforensic STL03101","28494925658","08-Apr-15","5,45,402.00","","4,50,993.00",
"08-Apr-15","Indfor INCOME INDO REMI04101","28494972528","08-Apr-15","1,440.00","","4,49,553.00",
"08-Apr-15","INDO GIBL Indiaforensic STL04101","28494951724","08-Apr-15","1,56,313.00","","2,93,240.00",
"08-Apr-15","Indfor INCOME INDO REMI05101","28494883475","08-Apr-15","1,320.00","","2,91,920.00",
"08-Apr-15","INDO GIBL Indiaforensic STL05101","28494914510","08-Apr-15","2,30,751.00","","61,169.00",
"08-Apr-15","FDRL/INTERNAL FUND TRANSFER","","08-Apr-15","","5,00,000.00","5,61,169.00",
"09-Apr-15","Indfor INCOME INDO REMI07101","28494876000","09-Apr-15","480","","5,60,689.00",
"09-Apr-15","","28494938201","09-Apr-15","56,000.00","","5,04,689.00",
"09-Apr-15","Indfor INCOME INDO REMI06101","28494950845","09-Apr-15","2,280.00","","5,02,409.00",
"09-Apr-15","INDO GIBL Indiaforensic STL06101","28494894279","09-Apr-15","2,82,452.00","","2,19,957.00",
"09-Apr-15","FDRL/INTERNAL FUND TRANSFER","28494925774","09-Apr-15","","5,00,000.00","7,19,957.00",
"09-Apr-15","Indfor INCOME INDO REMI08101","28494920660","09-Apr-15","4,080.00","","7,15,877.00",
"09-Apr-15","INDO GIBL Indiaforensic STL08101","28494860572","09-Apr-15","5,30,352.00","","1,85,525.00",
"09-Apr-15","FDRL/INTERNAL FUND TRANSFER","0","09-Apr-15","424","","1,85,101.00",
"09-Apr-15","Indfor INCOME INDO REMI09101","28494891424","09-Apr-15","1,920.00","","1,83,181.00",
"09-Apr-15","INDO GIBL Indiaforensic STL09101","28494971175","09-Apr-15","31,508.00","","1,51,673.00",
"09-Apr-15","FDRL/INTERNAL FUND TRANSFER","28494887044","09-Apr-15","","5,00,000.00","6,51,673.00",
"10-Apr-15","Indfor INCOME INDO REMI10101","28494944490","10-Apr-15","3,720.00","","6,47,953.00",
"10-Apr-15","INDO GIBL Indiaforensic STL10101","28494967724","10-Apr-15","5,84,951.00","","63,000.00",
"10-Apr-15","FDRL/INTERNAL FUND TRANSFER","28494909425","10-Apr-15","","5,00,000.00","5,63,000.00",
"10-Apr-15","Indfor INCOME INDO REMI11101","28494970293","10-Apr-15","4,080.00","","5,58,920.00",
"10-Apr-15","INDO GIBL Indiaforensic STL11101","28494975085","10-Apr-15","5,99,251.00","","-40,331.00",
"10-Apr-15","FDRL/INTERNAL FUND TRANSFER","28494969754","10-Apr-15","","5,00,000.00","4,59,669.00",
"10-Apr-15","FDRL/INTERNAL FUND TRANSFER","28494970226","10-Apr-15","","5,00,000.00","9,59,669.00",
"10-Apr-15","Indfor INCOME INDO REMI12101","28494945602","10-Apr-15","3,840.00","","9,55,829.00",
"10-Apr-15","INDO GIBL Indiaforensic STL12101","28494910975","10-Apr-15","7,30,425.00","","2,25,404.00",
"10-Apr-15","Indfor INCOME INDO REMI13101","","10-Apr-15","1,440.00","","2,23,964.00",
"10-Apr-15","INDO GIBL Indiaforensic STL13101","28494968518","10-Apr-15","1,73,350.00","","50,614.00",
"11-Apr-15","Indfor INCOME INDO REMI14101","28494956233","11-Apr-15","360","","50,254.00",
"11-Apr-15","INDO GIBL Indiaforensic STL14101","28494888935","11-Apr-15","34,500.00","","15,754.00",
"11-Apr-15","FDRL/INTERNAL FUND TRANSFER","28494953687","11-Apr-15","","5,00,000.00","5,15,754.00",
"11-Apr-15","Indfor INCOME INDO REMI15101","","11-Apr-15","5,160.00","","5,10,594.00",
"11-Apr-15","INDO GIBL Indiaforensic STL15101","28494954062","11-Apr-15","78,057.00","","4,32,537.00",
"11-Apr-15","FDRL/INTERNAL FUND TRANSFER","28494951824","11-Apr-15","","2,00,000.00","6,32,537.00",
"11-Apr-15","FDRL/INTERNAL FUND TRANSFER","28494930547","11-Apr-15","","3,00,000.00","9,32,537.00",
"13-Apr-15","FDRL/INTERNAL FUND TRANSFER","28494964470","13-Apr-15","","2,00,000.00","11,32,537.00",
"13-Apr-15","FDRL/INTERNAL FUND TRANSFER","28494942758","13-Apr-15","","3,00,000.00","14,32,537.00",
"13-Apr-15","Indfor INCOME INDO REMI16101","28494962333","13-Apr-15","4,080.00","","14,28,457.00",
"13-Apr-15","INDO GIBL Indiaforensic STL16101","28494906703","13-Apr-15","6,73,628.00","","7,54,829.00",
"13-Apr-15","FDRL/INTERNAL FUND TRANSFER","28494955132","13-Apr-15","","5,00,000.00","12,54,829.00",
"13-Apr-15","Indfor INCOME INDO REMI17101","28494892342","13-Apr-15","1,200.00","","12,53,629.00",
"13-Apr-15","INDO GIBL Indiaforensic STL17101","28494911703","13-Apr-15","1,19,200.00","","11,34,429.00",
"13-Apr-15","Indfor INCOME INDO REMI18101","28494871302","13-Apr-15","1,200.00","","11,33,229.00",
"13-Apr-15","INDO GIBL Indiaforensic STL18101","28494962067","13-Apr-15","1,49,802.00","","9,83,427.00",
"13-Apr-15","Indfor INCOME INDO REMI19101","28494972686","13-Apr-15","480","","9,82,947.00",
"13-Apr-15","","28494868876","13-Apr-15","56,000.00","","9,26,947.00",
"13-Apr-15","Indfor INCOME INDO REMI20101","28494872554","13-Apr-15","1,200.00","","9,25,747.00",
"13-Apr-15","INDO GIBL Indiaforensic STL20101","28494861950","13-Apr-15","2,23,600.00","","7,02,147.00",
"13-Apr-15","Indfor INCOME INDO REMI21101","28494896243","13-Apr-15","120","","7,02,027.00",
"13-Apr-15","INDO GIBL Indiaforensic STL21101","28494937058","13-Apr-15","10,500.00","","6,91,527.00",
"13-Apr-15","FDRL/INTERNAL FUND TRANSFER","28494871996","13-Apr-15","","5,00,000.00","11,91,527.00",
"14-Apr-15","Indfor INCOME INDO REMI22101","","14-Apr-15","2,760.00","","11,88,767.00",
"14-Apr-15","INDO GIBL Indiaforensic STL22101","28494952489","14-Apr-15","4,36,678.00","","7,52,089.00",
"14-Apr-15","FDRL/INTERNAL FUND TRANSFER","28494926264","14-Apr-15","","2,00,000.00","9,52,089.00",
"15-Apr-15","Indfor INCOME INDO REMI23101","28494921070","15-Apr-15","2,040.00","","9,50,049.00",
"15-Apr-15","INDO GIBL Indiaforensic STL23101","28494933728","15-Apr-15","4,32,150.00","","5,17,899.00",
"15-Apr-15","FDRL/INTERNAL FUND TRANSFER","28494925566","15-Apr-15","","5,00,000.00","10,17,899.00",
"15-Apr-15","","28494952596","15-Apr-15","1,320.00","","10,16,579.00",
"15-Apr-15","INDO GIBL Indiaforensic STL24101","28494912378","15-Apr-15","1,56,401.00","","8,60,178.00",
"15-Apr-15","Indfor INCOME INDO REMI25101","28494890972","15-Apr-15","1,320.00","","8,58,858.00",
"15-Apr-15","INDO GIBL Indiaforensic STL25101","28494916739","15-Apr-15","2,32,683.00","","6,26,175.00",
"15-Apr-15","FDRL/INTERNAL FUND TRANSFER","28494967466","15-Apr-15","","2,00,000.00","8,26,175.00",
"15-Apr-15","FDRL/INTERNAL FUND TRANSFER","28494948051","15-Apr-15","","2,00,000.00","10,26,175.00",
"15-Apr-15","FDRL/INTERNAL FUND TRANSFER","28494909370","15-Apr-15","","2,00,000.00","12,26,175.00",
"15-Apr-15","Indfor INCOME INDO REMI26101","28494936802","15-Apr-15","1,560.00","","12,24,615.00",
"16-Apr-15","INDO GIBL Indiaforensic STL26101","28494930864","16-Apr-15","2,24,800.00","","9,99,815.00",
"16-Apr-15","Indfor INCOME INDO REMI27101","28494881082","16-Apr-15","1,200.00","","9,98,615.00",
"16-Apr-15","INDO GIBL Indiaforensic STL27101","28494933658","16-Apr-15","2,54,250.00","","7,44,365.00",
"16-Apr-15","Indfor INCOME INDO REMI29101","28494884913","16-Apr-15","3,360.00","","7,41,005.00",
"16-Apr-15","INDO GIBL Indiaforensic STL29101","28494860642","16-Apr-15","3,64,175.00","","3,76,830.00",
"16-Apr-15","","28494937001","16-Apr-15","","2,00,000.00","5,76,830.00",
"16-Apr-15","FDRL/INTERNAL FUND TRANSFER","28494906732","16-Apr-15","","3,00,000.00","8,76,830.00",
"","Indfor INCOME INDO REMI30101","28494894356","","2,520.00","","8,74,310.00",
"16-Apr-15","INDO GIBL Indiaforensic STL30101","28494898007","16-Apr-15","2,74,602.00","","5,99,708.00",
"16-Apr-15","FDRL/INTERNAL FUND TRANSFER","28494875047","16-Apr-15","","2,00,000.00","7,99,708.00",
"16-Apr-15","FDRL/INTERNAL FUND TRANSFER","28494882789","16-Apr-15","","3,00,000.00","10,99,708.00",
"16-Apr-15","Indfor INCOME INDO REMI31101","28494963393","16-Apr-15","1,920.00","","10,97,788.00",
"17-Apr-15","INDO GIBL Indiaforensic STL31101","28494892455","17-Apr-15","2,39,305.00","","8,58,483.00",
"17-Apr-15","Indfor INCOME INDO REMI01111","28494882474","17-Apr-15","1,680.00","","8,56,803.00",
"17-Apr-15","INDO GIBL Indiaforensic STL01111","28494899869","17-Apr-15","1,92,675.00","","6,64,128.00",
"17-Apr-15","Indfor INCOME INDO REMI02111","28494957761","17-Apr-15","2,640.00","","6,61,488.00",
"17-Apr-15","INDO GIBL Indiaforensic STL02111","","17-Apr-15","3,69,251.00","","2,92,237.00",
"17-Apr-15","FDRL/INTERNAL FUND TRANSFER","28494897706","17-Apr-15","","5,00,000.00","7,92,237.00",
"17-Apr-15","Indfor INCOME INDO REMI03111","28494886695","17-Apr-15","2,280.00","","7,89,957.00",
"17-Apr-15","INDO GIBL Indiaforensic STL03111","28494914019","17-Apr-15","3,23,726.00","","4,66,231.00",
"17-Apr-15","Indfor INCOME INDO REMI04111","28494948429","17-Apr-15","840","","4,65,391.00",
"17-Apr-15","INDO GIBL Indiaforensic STL04111","28494889978","17-Apr-15","1,29,000.00","","3,36,391.00",
"17-Apr-15","FDRL/INTERNAL FUND TRANSFER","28494927493","17-Apr-15","","5,00,000.00","8,36,391.00",
"17-Apr-15","FDRL/INTERNAL FUND TRANSFER","","17-Apr-15","","5,00,000.00","13,36,391.00",
"17-Apr-15","Indfor INCOME INDO REMI05111","28494908950","17-Apr-15","4,920.00","","13,31,471.00",
"17-Apr-15","INDO GIBL Indiaforensic STL05111","28494905337","17-Apr-15","8,07,502.00","","5,23,969.00",
"17-Apr-15","FDRL/INTERNAL FUND TRANSFER","28494860222","17-Apr-15","","5,00,000.00","10,23,969.00",
"18-Apr-15","FDRL/INTERNAL FUND TRANSFER","28494909418","18-Apr-15","","5,00,000.00","15,23,969.00",
"18-Apr-15","Indfor INCOME INDO REMI06111","28494970031","18-Apr-15","4,920.00","","15,19,049.00",
"18-Apr-15","INDO GIBL Indiaforensic STL06111","28494932273","18-Apr-15","7,80,026.00","","7,39,023.00",
"18-Apr-15","Indfor INCOME INDO REMI07111","28494866596","18-Apr-15","1,320.00","","7,37,703.00",
"18-Apr-15","INDO GIBL Indiaforensic STL07111","28494940031","18-Apr-15","1,53,513.00","","5,84,190.00",
"18-Apr-15","Indfor INCOME INDO REMI08111","28494974398","18-Apr-15","600","","5,83,590.00",
"18-Apr-15","INDO GIBL Indiaforensic STL08111","28494916819","18-Apr-15","1,02,725.00","","4,80,865.00",
"18-Apr-15","FDRL/INTERNAL FUND TRANSFER","28494960086","18-Apr-15","","5,00,000.00","9,80,865.00",
"18-Apr-15","FDRL/INTERNAL FUND TRANSFER","28494930437","18-Apr-15","","2,00,000.00","11,80,865.00",
"18-Apr-15","FDRL/INTERNAL FUND TRANSFER","28494901706","18-Apr-15","","2,00,000.00","13,80,865.00",
"18-Apr-15","Indfor INCOME INDO REMI09111","28494960921","18-Apr-15","2,040.00","","13,78,825.00",
"20-Apr-15","INDO GIBL Indiaforensic STL09111","28494917750","20-Apr-15","4,78,599.00","","9,00,226.00",
"20-Apr-15","Indfor INCOME INDO REMI11111","0","20-Apr-15","120","","9,00,106.00",
"20-Apr-15","INDO GIBL Indiaforensic STL11111","28494975354","20-Apr-15","8,000.00","","8,92,106.00",
"20-Apr-15","Indfor INCOME INDO REMI10111","28494971573","20-Apr-15","2,040.00","","8,90,066.00",
"20-Apr-15","INDO GIBL Indiaforensic STL10111","","20-Apr-15","2,84,926.00","","6,05,140.00",
"20-Apr-15","FDRL/INTERNAL FUND TRANSFER","28494928810","20-Apr-15","","2,00,000.00","8,05,140.00",
"20-Apr-15","Indfor INCOME INDO REMI12111","28494960894","20-Apr-15","2,280.00","","8,02,860.00",
"20-Apr-15","INDO GIBL Indiaforensic STL12111","28494927024","20-Apr-15","35,400.00","","7,67,460.00",
"20-Apr-15","FDRL/INTERNAL FUND TRANSFER","28494874150","20-Apr-15","","2,00,000.00","9,67,460.00",
"20-Apr-15","FDRL/INTERNAL FUND TRANSFER","28494957296","20-Apr-15","","3,00,000.00","12,67,460.00",
"20-Apr-15","","28494935263","20-Apr-15","","3,00,000.00","15,67,460.00",
"21-Apr-15","FDRL/INTERNAL FUND TRANSFER","28494866773","21-Apr-15","","2,00,000.00","17,67,460.00",
"21-Apr-15","Indfor INCOME INDO REMI13111","28494938313","21-Apr-15","4,080.00","","17,63,380.00",
"21-Apr-15","INDO GIBL Indiaforensic STL13111","28494867087","21-Apr-15","8,00,876.00","","9,62,504.00",
"21-Apr-15","FDRL/INTERNAL FUND TRANSFER","","21-Apr-15","","3,00,000.00","12,62,504.00",
"21-Apr-15","Indfor INCOME INDO REMI14111","28494969947","21-Apr-15","2,160.00","","12,60,344.00",
"21-Apr-15","INDO GIBL Indiaforensic STL14111","28494903290","21-Apr-15","4,04,700.00","","8,55,644.00",
"21-Apr-15","FDRL/INTERNAL FUND TRANSFER","28494873961","21-Apr-15","","3,00,000.00","11,55,644.00",
"21-Apr-15","Indfor INCOME INDO REMI15111","28494946101","21-Apr-15","3,000.00","","11,52,644.00",
"21-Apr-15","INDO GIBL Indiaforensic STL15111","28494879086","21-Apr-15","5,80,226.00","","5,72,418.00",
"21-Apr-15","","28494969038","21-Apr-15","","5,00,000.00","10,72,418.00",
"22-Apr-15","FDRL/INTERNAL FUND TRANSFER","28494899205","22-Apr-15","","3,00,000.00","13,72,418.00",
"","Indfor INCOME INDO REMI16111","28494919149","","3,000.00","","13,69,418.00",
"22-Apr-15","INDO GIBL Indiaforensic STL16111","28494877925","22-Apr-15","5,83,076.00","","7,86,342.00",
"22-Apr-15","","28494929859","22-Apr-15","","4,00,000.00","11,86,342.00",
"22-Apr-15","FDRL/INTERNAL FUND TRANSFER","28494869899","22-Apr-15","","4,00,000.00","15,86,342.00",
"22-Apr-15","Indfor INCOME INDO REMI18111","28494965720","22-Apr-15","360","","15,85,982.00",
"22-Apr-15","INDO GIBL Indiaforensic STL18111","28494942426","22-Apr-15","59,700.00","","15,26,282.00",
"22-Apr-15","Indfor INCOME INDO REMI17111","28494934836","22-Apr-15","1,320.00","","15,24,962.00",
"22-Apr-15","INDO GIBL Indiaforensic STL17111","28494878435","22-Apr-15","2,07,463.00","","13,17,499.00",
"22-Apr-15","FDRL/INTERNAL FUND TRANSFER","28494968740","22-Apr-15","","3,00,000.00","16,17,499.00",
"23-Apr-15","Indfor INCOME INDO REMI19111","28494972077","23-Apr-15","3,600.00","","16,13,899.00",
"23-Apr-15","INDO GIBL Indiaforensic STL19111","28494931167","23-Apr-15","6,13,175.00","","10,00,724.00",
"23-Apr-15","FDRL/INTERNAL FUND TRANSFER","28494962645","23-Apr-15","","4,00,000.00","14,00,724.00",
"23-Apr-15","FDRL/INTERNAL FUND TRANSFER","28494920634","23-Apr-15","","4,00,000.00","18,00,724.00",
"23-Apr-15","Indfor INCOME INDO REMI20111","28494920021","23-Apr-15","3,960.00","","17,96,764.00",
"23-Apr-15","INDO GIBL Indiaforensic STL20111","28494935169","23-Apr-15","6,28,403.00","","11,68,361.00",
"23-Apr-15","Indfor INCOME INDO REMI21111","28494928531","23-Apr-15","1,800.00","","11,66,561.00",
"23-Apr-15","INDO GIBL Indiaforensic STL21111","28494877788","23-Apr-15","2,50,951.00","","9,15,610.00",
"23-Apr-15","FDRL/INTERNAL FUND TRANSFER","28494942667","23-Apr-15","1500000","","-5,84,390.00",
"23-Apr-15","FDRL/INTERNAL FUND TRANSFER","28494969405","23-Apr-15","","5,90,000.00","5,610.00",
"24-Apr-15","","28494911011","24-Apr-15","","4,00,000.00","4,05,610.00",
"24-Apr-15","Indfor INCOME INDO REMI25111","28494943548","24-Apr-15","480","","4,05,130.00",
"24-Apr-15","INDO GIBL Indiaforensic STL25111","28494962977","24-Apr-15","63,600.00","","3,41,530.00",
"24-Apr-15","Indfor INCOME INDO REMI24111","28494895797","24-Apr-15","360","","3,41,170.00",
"24-Apr-15","INDO GIBL Indiaforensic STL24111","28494891080","24-Apr-15","49,700.00","","2,91,460.00",
"24-Apr-15","Indfor INCOME INDO REMI23111","","24-Apr-15","1,560.00","","2,89,900.00",
"24-Apr-15","INDO GIBL Indiaforensic STL23111","28494892315","24-Apr-15","2,20,402.00","","69,498.00",
"24-Apr-15","Indfor INCOME INDO REMI22111","28494895684","24-Apr-15","2,280.00","","67,218.00",
"24-Apr-15","INDO GIBL Indiaforensic STL22111","28494956545","24-Apr-15","33,410.00","","33,808.00",
"24-Apr-15","FDRL/INTERNAL FUND TRANSFER","28494934755","24-Apr-15","","4,00,000.00","4,33,808.00",
"24-Apr-15","Indfor INCOME INDO REMI26111","28494960261","24-Apr-15","4,440.00","","4,29,368.00",
"24-Apr-15","INDO GIBL Indiaforensic STL26111","28494925297","24-Apr-15","61,581.00","","3,67,787.00",
"24-Apr-15","FDRL/INTERNAL FUND TRANSFER","28494913072","24-Apr-15","","3,00,000.00","6,67,787.00",
"25-Apr-15","FDRL/INTERNAL FUND TRANSFER","28494942630","25-Apr-15","","4,00,000.00","10,67,787.00",
"25-Apr-15","Indfor INCOME INDO REMI27111","28494863124","25-Apr-15","2,760.00","","10,65,027.00",
"25-Apr-15","INDO GIBL Indiaforensic STL27111","","25-Apr-15","5,08,126.00","","5,56,901.00",
"25-Apr-15","FDRL/INTERNAL FUND TRANSFER","28494952273","25-Apr-15","","4,00,000.00","9,56,901.00",
"25-Apr-15","Indfor INCOME INDO REMI28111","28494896153","25-Apr-15","2,160.00","","9,54,741.00",
"25-Apr-15","INDO GIBL Indiaforensic STL28111","28494936845","25-Apr-15","3,26,783.00","","6,27,958.00",
"25-Apr-15","Indfor INCOME INDO REMI29111","28494960525","25-Apr-15","1,800.00","","6,26,158.00",
"25-Apr-15","INDO GIBL Indiaforensic STL29111","28494862103","25-Apr-15","2,47,700.00","","3,78,458.00",
"25-Apr-15","FDRL/INTERNAL FUND TRANSFER","28494947780","25-Apr-15","","4,00,000.00","7,78,458.00",
"25-Apr-15","Indfor INCOME INDO REMI30111","28494972381","25-Apr-15","3,360.00","","7,75,098.00",
"25-Apr-15","INDO GIBL Indiaforensic STL30111","28494892976","25-Apr-15","5,10,703.00","","2,64,395.00",
"27-Apr-15","FDRL/INTERNAL FUND TRANSFER","28494939336","27-Apr-15","","4,00,000.00","6,64,395.00",
"27-Apr-15","Indfor INCOME INDO REMI02121","28494971102","27-Apr-15","120","","6,64,275.00",
"27-Apr-15","INDO GIBL Indiaforensic STL02121","28494926578","27-Apr-15","5,000.00","","6,59,275.00",
"27-Apr-15","78393939235","0","27-Apr-15","840","","6,58,435.00",
"27-Apr-15","INDO GIBL Indiaforensic STL01121","28494945975","27-Apr-15","1,35,500.00","","5,22,935.00",
"27-Apr-15","FDRL/INTERNAL FUND TRANSFER","28494885249","27-Apr-15","","5,00,000.00","10,22,935.00",
"27-Apr-15","Indfor INCOME INDO REMI03121","28494973340","27-Apr-15","1,560.00","","10,21,375.00",
"27-Apr-15","INDO GIBL Indiaforensic STL03121","28494960281","27-Apr-15","2,44,750.00","","7,76,625.00",
"27-Apr-15","Indfor INCOME INDO REMI04121","28494925215","27-Apr-15","1,920.00","","7,74,705.00",
"27-Apr-15","INDO GIBL Indiaforensic STL04121","28494894876","27-Apr-15","2,33,851.00","","5,40,854.00",
"27-Apr-15","FDRL/INTERNAL FUND TRANSFER","28494921461","27-Apr-15","","5,00,000.00","10,40,854.00",
"27-Apr-15","Indfor INCOME INDO REMI05121","28494912696","27-Apr-15","2,760.00","","10,38,094.00",
"27-Apr-15","INDO GIBL Indiaforensic STL05121","28494893113","27-Apr-15","4,37,150.00","","6,00,944.00",
"27-Apr-15","Indfor INCOME INDO REMI06121","28494905789","27-Apr-15","2,640.00","","5,98,304.00",
"","INDO GIBL Indiaforensic STL06121","28494861262","","3,97,925.00","","2,00,379.00",
"28-Apr-15","FDRL/INTERNAL FUND TRANSFER","28494901851","28-Apr-15","","5,00,000.00","7,00,379.00",
"28-Apr-15","FDRL/INTERNAL FUND TRANSFER","28494960296","28-Apr-15","","5,00,000.00","12,00,379.00",
"28-Apr-15","Indfor INCOME INDO REMI07121","28494961025","28-Apr-15","1,680.00","","11,98,699.00",
"28-Apr-15","INDO GIBL Indiaforensic STL07121","28494869882","28-Apr-15","2,28,177.00","","9,70,522.00",
"28-Apr-15","Indfor INCOME INDO REMI08121","28494859588","28-Apr-15","2,160.00","","9,68,362.00",
"28-Apr-15","INDO GIBL Indiaforensic STL08121","28494884060","28-Apr-15","2,40,752.00","","7,27,610.00",
"28-Apr-15","Indfor INCOME INDO REMI09121","28494955926","28-Apr-15","360","","7,27,250.00",
"28-Apr-15","INDO GIBL Indiaforensic STL09121","28494955884","28-Apr-15","48,000.00","","6,79,250.00",
"28-Apr-15","FDRL/INTERNAL FUND TRANSFER","28494898845","28-Apr-15","","5,00,000.00","11,79,250.00",
"28-Apr-15","Indfor INCOME INDO REMI10121","28494891695","28-Apr-15","4,560.00","","11,74,690.00",
"28-Apr-15","INDO GIBL Indiaforensic STL10121","28494913037","28-Apr-15","7,76,851.00","","3,97,839.00",
"29-Apr-15","FDRL/INTERNAL FUND TRANSFER","28494890210","29-Apr-15","","5,00,000.00","8,97,839.00",
"29-Apr-15","Indfor INCOME INDO REMI11121","28494891433","29-Apr-15","3,360.00","","8,94,479.00",
"29-Apr-15","INDO GIBL Indiaforensic STL11121","28494931073","29-Apr-15","3,58,750.00","","5,35,729.00",
"29-Apr-15","FDRL/INTERNAL FUND TRANSFER","28494969350","29-Apr-15","","5,00,000.00","10,35,729.00",
"29-Apr-15","Indfor INCOME INDO REMI12121","28494879184","29-Apr-15","3,360.00","","10,32,369.00",
"29-Apr-15","INDO GIBL Indiaforensic STL12121","28494950812","29-Apr-15","5,96,375.00","","4,35,994.00",
"29-Apr-15","FDRL/INTERNAL FUND TRANSFER","28494944590","29-Apr-15","","5,00,000.00","9,35,994.00",
"30-Apr-15","","28494948560","30-Apr-15","2,880.00","","9,33,114.00",
"30-Apr-15","INDO GIBL Indiaforensic STL13121","28494916393","30-Apr-15","4,19,450.00","","5,13,664.00",
"30-Apr-15","FDRL/INTERNAL FUND TRANSFER","28494862838","30-Apr-15","","5,00,000.00","10,13,664.00",
"30-Apr-15","Indfor INCOME INDO REMI14121","28494924170","30-Apr-15","2,400.00","","10,11,264.00",
"30-Apr-15","INDO GIBL Indiaforensic STL14121","28494924504","30-Apr-15","4,23,385.00","","5,87,879.00",
"30-Apr-15","FDRL/INTERNAL FUND TRANSFER","28494935719","30-Apr-15","","4,00,000.00","9,87,879.00",
"30-Apr-15","","28494878277","30-Apr-15","","4,00,000.00","13,87,879.00",
"30-Apr-15","Indfor INCOME INDO REMI16121","28494877016","30-Apr-15","360","","13,87,519.00",
"30-Apr-15","INDO GIBL Indiaforensic STL16121","28494890327","30-Apr-15","33,549.00","","13,53,970.00",
"30-Apr-15","Indfor INCOME INDO REMI15121","28494873508","30-Apr-15","1,680.00","","13,52,290.00",
"30-Apr-15","INDO GIBL Indiaforensic STL15121","28494967518","30-Apr-15","2,88,851.00","","10,63,439.00",
"30-Apr-15","Indfor INCOME INDO REMI17121","28494971309","30-Apr-15","4,440.00","","10,58,999.00",
"30-Apr-15","INDO GIBL Indiaforensic STL17121","","30-Apr-15","6,62,777.00","","3,96,222.00",
"30-Apr-15","FDRL/INTERNAL FUND TRANSFER","28494922101","30-Apr-15","","5,00,000.00","8,96,222.00",
"01-May-15","","28494945723","01-May-15","3,480.00","","8,92,742.00",
"01-May-15","INDO GIBL Indiaforensic STL18121","28494939366","01-May-15","6,16,950.00","","2,75,792.00",
"01-May-15","FDRL/INTERNAL FUND TRANSFER","28494887404","01-May-15","","4,00,000.00","6,75,792.00",
"01-May-15","Indfor INCOME INDO REMI19121","28494879403","01-May-15","3,120.00","","6,72,672.00",
"01-May-15","INDO GIBL Indiaforensic STL19121","28494872952","01-May-15","4,28,150.00","","2,44,522.00",
"01-May-15","FDRL/INTERNAL FUND TRANSFER","28494869155","01-May-15","","5,00,000.00","7,44,522.00",
"01-May-15","Indfor INCOME INDO REMI20121","28494871146","01-May-15","2,640.00","","7,41,882.00",
"01-May-15","INDO GIBL Indiaforensic STL20121","28494868911","01-May-15","4,25,752.00","","3,16,130.00",
"01-May-15","FDRL/INTERNAL FUND TRANSFER","28494946983","01-May-15","","5,00,000.00","8,16,130.00",
"01-May-15","Indfor INCOME INDO REMI23121","28494890560","01-May-15","120","","8,16,010.00",
"02-May-15","INDO GIBL Indiaforensic STL23121","28494904869","02-May-15","20,000.00","","7,96,010.00",
"02-May-15","Indfor INCOME INDO REMI22121","28494974753","02-May-15","960","","7,95,050.00",
"02-May-15","INDO GIBL Indiaforensic STL22121","28494938420","02-May-15","1,30,600.00","","6,64,450.00",
"02-May-15","Indfor INCOME INDO REMI21121","28494918847","02-May-15","2,760.00","","6,61,690.00",
"02-May-15","INDO GIBL Indiaforensic STL21121","28494933913","02-May-15","4,22,577.00","","2,39,113.00",
"02-May-15","FDRL/INTERNAL FUND TRANSFER","28494898514","02-May-15","","5,00,000.00","7,39,113.00",
"02-May-15","FDRL/INTERNAL FUND TRANSFER","","02-May-15","4000","","7,35,113.00",
"02-May-15","Indfor INCOME INDO REMI25121","28494882775","02-May-15","1,320.00","","7,33,793.00",
"02-May-15","INDO GIBL Indiaforensic STL25121","28494911833","02-May-15","1,73,441.00","","5,60,352.00",
"02-May-15","Indfor INCOME INDO REMI24121","28494974940","02-May-15","4,680.00","","5,55,672.00",
"02-May-15","INDO GIBL Indiaforensic STL24121","28494883501","02-May-15","6,92,917.00","","-1,37,245.00",
"02-May-15","FDRL/INTERNAL FUND TRANSFER","28494918493","02-May-15","","5,00,000.00","3,62,755.00",
"04-May-15","Indfor INCOME INDO REMI26121","28494893306","04-May-15","1,320.00","","3,61,435.00",
"04-May-15","INDO GIBL Indiaforensic STL26121","28494915196","04-May-15","2,50,849.00","","1,10,576.00",
"04-May-15","FDRL/INTERNAL FUND TRANSFER","28494949028","04-May-15","","5,00,000.00","6,10,576.00",
"04-May-15","Indfor INCOME INDO REMI27121","28494938490","04-May-15","4,080.00","","6,06,496.00",
"04-May-15","INDO GIBL Indiaforensic STL27121","28494893565","04-May-15","62,547.00","","5,43,949.00",
"05-May-15","FDRL/INTERNAL FUND TRANSFER","28494881251","05-May-15","","4,00,000.00","9,43,949.00",
"05-May-15","Indfor INCOME INDO REMI28121","28494893331","05-May-15","1,320.00","","9,42,629.00",
"05-May-15","INDO GIBL Indiaforensic STL28121","28494903992","05-May-15","1,53,500.00","","7,89,129.00",
"05-May-15","FDRL/INTERNAL FUND TRANSFER","28494967283","05-May-15","","4,00,000.00","11,89,129.00",
"05-May-15","atm settlement","0","05-May-15","25","","11,89,104.00",
"05-May-15","INDO GIBL Indiaforensic STL30121","28494966156","05-May-15","68,700.00","","11,20,404.00",
"05-May-15","Indfor INCOME INDO REMI29121","28494934660","05-May-15","1,200.00","","11,19,204.00",
"05-May-15","INDO GIBL Indiaforensic STL29121","32342303483","05-May-15","2,00,550.00","","9,18,654.00",
"05-May-15","FDRL/INTERNAL FUND TRANSFER","28494932502","05-May-15","","4,00,000.00","13,18,654.00",
"05-May-15","Indfor INCOME INDO REMI31121","28494916370","05-May-15","4,560.00","","13,14,094.00",
"05-May-15","INDO GIBL Indiaforensic STL31121","28494883462","05-May-15","7,76,077.00","","5,38,017.00",
"05-May-15","FDRL/INTERNAL FUND TRANSFER","28494902202","05-May-15","","3,00,000.00","8,38,017.00",
"05-May-15","FDRL/INTERNAL FUND TRANSFER","28494944057","05-May-15","","3,00,000.00","11,38,017.00",
"05-May-15","","28494906035","05-May-15","2,400.00","","11,35,617.00",
"05-May-15","INDO GIBL Indiaforensic STL01011","28494934054","05-May-15","4,08,376.00","","7,27,241.00",
"05-May-15","FDRL/INTERNAL FUND TRANSFER","28494929674","05-May-15","","4,00,000.00","11,27,241.00",
"05-May-15","Indfor INCOME INDO REMI02011","28494881238","05-May-15","5,160.00","","11,22,081.00",
"06-May-15","INDO GIBL Indiaforensic STL02011","28494893760","06-May-15","8,26,831.00","","2,95,250.00",
"06-May-15","FDRL/INTERNAL FUND TRANSFER","34234324334","06-May-15","","4,00,000.00","6,95,250.00",
"06-May-15","FDRL/INTERNAL FUND TRANSFER","28494897322","06-May-15","","4,00,000.00","10,95,250.00",
"06-May-15","Indfor INCOME INDO REMI03011","28494873694","06-May-15","3,240.00","","10,92,010.00",
"06-May-15","INDO GIBL Indiaforensic STL03011","28494914348","06-May-15","6,01,604.00","","4,90,406.00",
"06-May-15","FDRL/INTERNAL FUND TRANSFER","28494879324","06-May-15","","4,00,000.00","8,90,406.00",
"06-May-15","FDRL/INTERNAL FUND TRANSFER","28494939181","06-May-15","","3,00,000.00","11,90,406.00",
"","Indfor INCOME INDO REMI04011","28494875130","","2,160.00","","11,88,246.00",
"06-May-15","INDO GIBL Indiaforensic STL04011","28494959435","06-May-15","2,18,276.00","","9,69,970.00",
"06-May-15","Indfor INCOME INDO REMI06011","28494938231","06-May-15","240","","9,69,730.00",
"06-May-15","INDO GIBL Indiaforensic STL06011","28494859972","06-May-15","17,500.00","","9,52,230.00",
"06-May-15","Indfor INCOME INDO REMI05011","28494930437","06-May-15","2,760.00","","9,49,470.00",
"07-May-15","INDO GIBL Indiaforensic STL05011","28494961363","07-May-15","3,77,441.00","","5,72,029.00",
"07-May-15","FDRL/INTERNAL FUND TRANSFER","28494911884","07-May-15","","3,00,000.00","8,72,029.00",
"07-May-15","FDRL/INTERNAL FUND TRANSFER","28494862123","07-May-15","","3,00,000.00","11,72,029.00",
"07-May-15","Indfor INCOME INDO REMI07011","28494882021","07-May-15","3,960.00","","11,68,069.00",
"07-May-15","INDO GIBL Indiaforensic STL07011","28494866512","07-May-15","6,13,279.00","","5,54,790.00",
"07-May-15","FDRL/INTERNAL FUND TRANSFER","28494884202","07-May-15","","3,00,000.00","8,54,790.00",
"07-May-15","","28494911935","07-May-15","3,720.00","","8,51,070.00",
"07-May-15","INDO GIBL Indiaforensic STL08011","28494902896","07-May-15","6,74,030.00","","1,77,040.00",
"07-May-15","FDRL/INTERNAL FUND TRANSFER","28494908472","07-May-15","","4,00,000.00","5,77,040.00",
"07-May-15","FDRL/INTERNAL FUND TRANSFER","33534542334","07-May-15","","4,00,000.00","9,77,040.00",
"07-May-15","Indfor INCOME INDO REMI09011","28494865693","07-May-15","1,920.00","","9,75,120.00",
"07-May-15","INDO GIBL Indiaforensic STL09011","28494912342","07-May-15","2,93,700.00","","6,81,420.00",
"07-May-15","","28494941150","07-May-15","","3,00,000.00","9,81,420.00",
"07-May-15","Indfor INCOME INDO REMI10011","28494962031","07-May-15","2,400.00","","9,79,020.00",
"07-May-15","INDO GIBL Indiaforensic STL10011","28494940722","07-May-15","3,91,453.00","","5,87,567.00",
"07-May-15","FDRL/INTERNAL FUND TRANSFER","28494927410","07-May-15","","4,00,000.00","9,87,567.00",
"08-May-15","FDRL/INTERNAL FUND TRANSFER","28494970140","08-May-15","","4,00,000.00","13,87,567.00",
"08-May-15","Indfor INCOME INDO REMI11011","28494962520","08-May-15","4,560.00","","13,83,007.00",
"08-May-15","INDO GIBL Indiaforensic STL11011","28494940403","08-May-15","7,27,659.00","","6,55,348.00",
"08-May-15","Indfor INCOME INDO REMI12011","28494968954","08-May-15","2,520.00","","6,52,828.00",
"08-May-15","INDO GIBL Indiaforensic STL12011","28494892827","08-May-15","3,44,650.00","","3,08,178.00",
"08-May-15","Indfor INCOME INDO REMI13011","28494972025","08-May-15","240","","3,07,938.00",
"08-May-15","INDO GIBL Indiaforensic STL13011","28494916865","08-May-15","50,000.00","","2,57,938.00",
"08-May-15","FDRL/INTERNAL FUND TRANSFER","28494931554","08-May-15","150000","","1,07,938.00",
"08-May-15","FDRL/INTERNAL FUND TRANSFER","28494920979","08-May-15","","3,00,000.00","4,07,938.00",
"08-May-15","Indfor INCOME INDO REMI14011","28494968998","08-May-15","3,600.00","","4,04,338.00",
"08-May-15","INDO GIBL Indiaforensic STL14011","28494902416","08-May-15","4,73,626.00","","-69,288.00",
"08-May-15","FDRL/INTERNAL FUND TRANSFER","28494928060","08-May-15","","3,00,000.00","2,30,712.00",
"08-May-15","Indfor INCOME INDO REMI15011","28494913922","08-May-15","960","","2,29,752.00",
"08-May-15","INDO GIBL Indiaforensic STL15011","28494872074","08-May-15","1,08,200.00","","1,21,567.00",
"08-May-15","FDRL/INTERNAL FUND TRANSFER","","28494898982","08-May-15","","5,00,000.00","6,21,567.00",
"09-May-15","Indfor INCOME INDO REMI16011","","28494959894","09-May-15","3,000.00","","6,18,567.00",
"09-May-15","INDO GIBL Indiaforensic STL16011","","28494904433","09-May-15","4,46,201.00","","1,72,356.00",
"09-May-15","FDRL/INTERNAL FUND TRANSFER","","28494918999","09-May-15","","4,00,000.00","5,72,356.00",
"09-May-15","Indfor INCOME INDO REMI17011","","37676567565","09-May-15","3,600.00","","5,68,756.00",
"09-May-15","INDO GIBL Indiaforensic STL17011","","28494885289","09-May-15","6,28,628.00","","-59,872.00",
"09-May-15","FDRL/INTERNAL FUND TRANSFER","","28494955945","09-May-15","","5,00,000.00","4,40,128.00",
"09-May-15","Indfor INCOME INDO REMI18011","","28494923292","09-May-15","1,440.00","","4,38,688.00",
"09-May-15","INDO GIBL Indiaforensic STL18011","","28494941902","09-May-15","2,29,800.00","","2,08,888.00",
"09-May-15","","","28494972554","09-May-15","","3,00,000.00","5,08,888.00",
"09-May-15","FDRL/INTERNAL FUND TRANSFER","","28494948631","09-May-15","","3,00,000.00","8,08,888.00",
"09-May-15","Indfor INCOME INDO REMI19011","","28494933607","09-May-15","960","","8,07,928.00",
"09-May-15","INDO GIBL Indiaforensic STL19011","","28494893629","09-May-15","98,900.00","","7,09,028.00",
"09-May-15","","bank settlement","0","09-May-15","4800","","7,04,228.00",
"09-May-15","INDO GIBL Indiaforensic STL20011","","28494903210","09-May-15","96,200.00","","6,08,028.00",
"11-May-15","FDRL/INTERNAL FUND TRANSFER","","28494965904","11-May-15","","3,00,000.00","9,08,028.00",
"11-May-15","Indfor INCOME INDO REMI21011","","28494920503","11-May-15","4,080.00","","9,03,948.00",
"11-May-15","INDO GIBL Indiaforensic STL21011","","28494947005","11-May-15","6,02,930.00","","3,01,018.00",
"11-May-15","FDRL/INTERNAL FUND TRANSFER","","28494897878","11-May-15","","4,00,000.00","7,01,018.00",
"11-May-15","Indfor INCOME INDO REMI22011","","28494941584","11-May-15","3,720.00","","6,97,298.00",
"11-May-15","INDO GIBL Indiaforensic STL22011","","28494931883","11-May-15","5,89,137.00","","1,08,161.00",
"11-May-15","FDRL/INTERNAL FUND TRANSFER","","28494912162","11-May-15","","5,00,000.00","6,08,161.00",
"","Indfor INCOME INDO REMI23011","","39658756757","","2,880.00","","6,05,281.00",
"11-May-15","INDO GIBL Indiaforensic STL23011","","28494904973","11-May-15","3,88,327.00","","2,16,954.00",
"11-May-15","FDRL/INTERNAL FUND TRANSFER","","28494908495","11-May-15","","5,00,000.00","7,16,954.00",
"11-May-15","Indfor INCOME INDO REMI24011","","28494967623","11-May-15","2,040.00","","7,14,914.00",
"11-May-15","INDO GIBL Indiaforensic STL24011","","28494945499","11-May-15","2,45,413.00","","4,69,501.00",
"11-May-15","","","28494904792","11-May-15","","3,00,000.00","7,69,501.00",
"11-May-15","Indfor INCOME INDO REMI25011","","28494951047","11-May-15","1,920.00","","7,67,581.00",
"11-May-15","INDO GIBL Indiaforensic STL25011","","28494934610","11-May-15","4,66,124.00","","3,01,457.00",
"11-May-15","Indfor INCOME INDO REMI26011","","28494932688","11-May-15","360","","3,01,097.00",
"11-May-15","INDO GIBL Indiaforensic STL26011","","37675450878","11-May-15","17,500.00","","2,83,597.00",
"12-May-15","FDRL/INTERNAL FUND TRANSFER","","28494874881","12-May-15","","4,00,000.00","6,83,597.00",
"12-May-15","Indfor INCOME INDO REMI28011","","28494920553","12-May-15","2,520.00","","6,81,077.00",
"12-May-15","INDO GIBL Indiaforensic STL28011","","28494939580","12-May-15","2,99,125.00","","3,81,952.00",
"12-May-15","FDRL/INTERNAL FUND TRANSFER","","28494940326","12-May-15","","3,00,000.00","6,81,952.00",
"12-May-15","Indfor INCOME INDO REMI29011","","28494966493","12-May-15","3,360.00","","6,78,592.00",
"12-May-15","INDO GIBL Indiaforensic STL29011","","28494974746","12-May-15","4,01,052.00","","2,77,540.00",
"12-May-15","Indfor INCOME INDO REMI30011","","28494921567","12-May-15","1,200.00","","2,76,340.00",
"12-May-15","INDO GIBL Indiaforensic STL30011","","28494883409","12-May-15","2,24,051.00","","52,299.00",
"12-May-15","FDRL/INTERNAL FUND TRANSFER","","28494947654","12-May-15","","3,00,000.00","3,52,299.00",
"12-May-15","Indfor INCOME INDO REMI31011","","28494936379","12-May-15","720","","3,51,579.00",
"12-May-15","INDO GIBL Indiaforensic STL31011","","28494954046","12-May-15","1,32,851.00","","2,18,728.00",
"12-May-15","FDRL/INTERNAL FUND TRANSFER","","28494895309","12-May-15","6,00,000.00","","-3,81,272.00",
"12-May-15","TRF FROM","Indiaforensic SERVICES","28494916391","12-May-15","","5,00,000.00","1,18,728.00",
"12-May-15","BBPS SETTLEMENT DT 30/08/","","28494961038","12-May-15","803","","1,17,925.23",
"12-May-15","BBPS SETTLEMENT DT 31/08/","","28494944120","12-May-15","240","","1,17,685.34",
"12-May-15","BBPS SETTLEMENT DT 01/09/","","28494919193","12-May-15","1,193.54","","1,16,491.80",
"12-May-15","BBPS SETTLEMENT DTD 17.10","","28494883128","12-May-15","33","","1,16,458.81",
"12-May-15","BBPS SETTLEMENT DTD 18.10","","28494933839","12-May-15","16","","1,16,442.51",
"12-May-15","BBPS SETTLEMENT DTD 19.10","28494927272","12-May-15","18","","1,16,424.47",
"12-May-15","BBPS SETTLEMENT DTD 20.10","28494864596","12-May-15","23","","1,16,401.48",
"12-May-15","BBPS SETTLEMENT DTD 21.10","28494938417","12-May-15","15","","1,16,386.63",
"12-May-15","BBPS SETTLEMENT FOR DT 27","28494975261","12-May-15","198","","1,16,188.48",
"12-May-15","BBPS SETTLEMENT FOR DT 31","28494861217","12-May-15","1,015.71","","1,15,172.77",
"12-May-15","BBPS SETTLEMENT FOR DT 03","28494895538","12-May-15","1,925.33","","1,13,247.44",
"12-May-15","BBPS SETTLEMENT FOR DT 04","28494891075","12-May-15","2,284.09","","1,10,963.35",
"13-May-15","BBPS SETTLEMENT FOR DT 05","28494906401","13-May-15","689","","1,10,274.05",
"13-May-15","BBPS SETTLEMENT FOR DTD 0","28494963438","13-May-15","199","","1,10,074.75",
"13-May-15","BBPS SETTLEMENT FOR DT 17","28494967104","13-May-15","1,938.02","","1,08,136.73",
"13-May-15","BBPS SETTLEMENT FOR DTD 1","28494868408","13-May-15","579","","1,07,557.43",
"13-May-15","BBPS SETTLEMENT FOR DT 23","28494930629","13-May-15","899","","1,06,658.26",
"13-May-15","BBPS SETTLEMENT FOR DT 24","28494919917","13-May-15","3,927.50","","1,02,730.76",
"13-May-15","BBPS SETTLEMENT FOR DT 21","28494962047","13-May-15","8","","1,02,722.61",
"13-May-15","BBPS SETTLEMENT FOR DT 22","28494873540","13-May-15","98","","1,02,624.46",
"13-May-15","BBPS SETTLEMENT FOR DT 23","28494945206","13-May-15","499","","1,02,125.29",
"13-May-15","BBPS SETTLEMENT DTD 30DEC","28494882959","13-May-15","8","","1,02,117.14",
"13-May-15","BBPS SETTLEMENT FOR DT 03","33423442342","13-May-15","8","","1,02,108.99",
"13-May-15","BBPS SETTLEMENT FOR DT 04","28494936714","13-May-15","1,758.02","","1,00,350.97",
"13-May-15","BBPS SETTLEMENT FOR 16JAN","28494963211","13-May-15","4,320.41","","96,030.56",
"13-May-15","BBPS SETTLEMENT DTD 17JAN","28494926020","13-May-15","3,875.00","","92,155.56",
"13-May-15","","28494883598","13-May-15","1,387.44","","90,768.12",
"13-May-15","BBPS SETTLEMENT DTD 19JAN","28494888240","13-May-15","10,379.49","","80,388.63",
"13-May-15","BBPS SETTLEMENT DTD 20JAN","28494898024","13-May-15","3,234.87","","77,153.76",
"13-May-15","BBPS SETTLEMENT DTD 21JAN","28494913578","13-May-15","885","","76,268.89",
"13-May-15","BBPS SETTLEMENT DTD 23JAN","28494863896","13-May-15","47","","76,221.45",
"13-May-15","Bank Settlement","0","13-May-15","190","","76,031.45",
"13-May-15","BBPS SETTLEMENT DTD 27JAN","28494923169","13-May-15","15,009.49","","61,021.96",
"13-May-15","BBPS SETTLEMENT FOR DT 30","28494874649","13-May-15","41,386.19","","19,635.77",
"13-May-15","BBPS SETTLEMENT FOR DT 31","28494938391","13-May-15","2,232.44","","17,403.33",
"13-May-15","BBPS SETTLEMENT FOR DT 01","28494909460","13-May-15","4,642.19","","12,761.14",
"14-May-15","BBPS SETTLEMENT FOR DT 02","28494975514","14-May-15","2,442.44","","10,318.70",
"14-May-15","BBPS SETTLEMENT FOR DT 03","28494884090","14-May-15","2,338.45","","6,970.00",
"14-May-15","BBPS SETTLEMENT FOR DT 04","28494933315","14-May-15","8","","6,962.43",
"14-May-15","BBPS SETTLEMENT FOR DT 06","28494925042","14-May-15","1,044.24","","5,918.19",
"14-May-15","BBPS SETTLEMENT FOR DT 07","35376992342","14-May-15","2,852.05","","3,066.14",
"14-May-15","BBPS SETTLEMENT FOR DT 08","28494955814","14-May-15","6,777.18","","-3,711.04",
"14-May-15","BBPS SETTLEMENT FOR DT 09","28494920823","14-May-15","","43453","39,741.96",
"14-May-15","BBPS SETTLEMENT FOR DT 10","28494951137","14-May-15","","0.9","39,742.86",
"14-May-15","BBPS SETTLEMENT FOR DT 13","28494868960","14-May-15","5","","39,738.16",
"14-May-15","","28494905665","14-May-15","3,238.66","","36,499.50",
"14-May-15","BBPS SETTLEMENT FOR DT 16","28494922221","14-May-15","5","","36,494.80",
"14-May-15","BBPS SETTLEMENT FOR DT 17","28494873522","14-May-15","14,823.01","","21,671.79",
"14-May-15","BBPS SETTLEMENT 18.02.201","28494930598","14-May-15","302","","21,369.31",
"14-May-15","BBPS SETTLEMENT FOR DT 21","28494928511","14-May-15","523","","20,846.13",
"14-May-15","Atm Settlement","0","14-May-15","3,201.71","","17,644.42",
"14-May-15","BBPS SETTLEMENT FOR DT 23","28494926321","14-May-15","6,859.36","","10,785.06",
"15-May-15","BBPS SETTLEMENT FOR DT 24","28494947601","15-May-15","","464346","4,75,131.06",
"15-May-15","BBPS SETTLEMENT FOR DT 27","28494875161","15-May-15","87,395.82","","3,87,735.24",
"15-May-15","BBPS SETTLEMENT FOR DT 28","28494928756","15-May-15","15,225.89","","3,72,509.35",
"15-May-15","","BBPS SETTLEMENT FOR DT 01","","28494894947","15-May-15","20,337.85","","3,52,171.50",
"15-May-15","","BBPS SETTLEMENT FOR DT 02","","28494951846","15-May-15","21,616.66","","3,30,554.84",
"15-May-15","","BBPS SETTLEMENT FOR DT 03","","28494909530","15-May-15","8,082.01","","3,22,472.83",
"15-May-15","","BBPS SETTLEMENT 04032017","","28494950937","15-May-15","12,695.55","","3,09,777.28",
"15-May-15","","BBPS SETTLEMENT 06032017","","28494937599","15-May-15","68,860.48","","2,40,916.80",
"15-May-15","","BBPS SETTLEMENT 07032017","","28494879998","15-May-15","73,209.78","","1,67,707.02",
"15-May-15","TRF FROM","","Indiaforensic SERVICES","35243434234","15-May-15","","5,00,000.00","6,67,707.02",
"15-May-15","","BBPS SETTLEMENT","OX01 09.","28494863627","15-May-15","35,996.01","","6,31,711.01",
"15-May-15","","BBPS SETTLEMENT FOR OX01","","28494863045","15-May-15","73,844.12","","5,57,866.89",
"15-May-15","","BBPS SETTLEMENT 10032017","","28494969037","15-May-15","71,365.62","","4,86,501.27",
"15-May-15","","BBPS SETTLEMENT 13032017","","28494921334","15-May-15","1,08,914.09","","3,77,587.18",
"15-May-15","","BBPS SETTLEMENT FOR DT 14","","28494873501","15-May-15","1,059.13","","3,76,528.05",
"15-May-15","","BBPS SETTLEMENT 15032017","","28494875989","15-May-15","83,102.87","","2,93,425.18",
"15-May-15","TRF FROM","","Indiaforensic SERVICES","28494873165","15-May-15","","67,000.00","3,60,425.18",
"15-May-15","","BBPS SETTLEMENT 16032017","","28494957723","15-May-15","89,537.25","","2,70,887.93",
"16-May-15","TRF FRM","","Indiaforensic SERVICES","28494966582","16-May-15","","1,17,000.00","3,87,887.93",
"16-May-15","","BBPS SETTLEMENT 17032017","","28494885206","16-May-15","1,17,674.17","","2,70,213.76",
"16-May-15","TRF FRM","","Indiaforensic SERVICES","28494938130","16-May-15","","1,50,000.00","4,20,213.76",
"16-May-15","","BBPS OX01 SETTLEMENT 1803","","28494947271","16-May-15","93,646.00","","3,26,567.76",
"16-May-15","TRF FRM","","Indiaforensic SERVICES","28494947160","16-May-15","","1,50,000.00","4,76,567.76",
"16-May-15","","BBPS SETTLEMENT FOR DT 20","","28494932789","16-May-15","87,337.96","","3,89,229.80",
"16-May-15","","BBPS SETTLEMENT 21032017","","28494906773","16-May-15","1,83,235.55","","2,05,994.25",
"16-May-15","T FRM","","Indiaforensic SERVICES IN","28494914116","16-May-15","","2,00,000.00","4,05,994.25",
"16-May-15","TRF FROM","","Indiaforensic SERVICES","28494914033","16-May-15","","1,00,000.00","5,05,994.25",
"16-May-15","","BBPS OX01 SETTLEMENT 22.0","","28494936845","16-May-15","78,583.40","","4,27,410.85",
"16-May-15","TRF FRM","","Indiaforensic SERVICES","28494903152","16-May-15","","1,00,000.00","5,27,410.85",
"18-May-15","","BBPS OX01 SETTLEMENT 23.0","","28494914283","18-May-15","1,46,774.90","","3,80,635.95",
"18-May-15","","BBPS XO01 SETTLEMENT 24.0","","28494945393","18-May-15","81,047.31","","2,99,588.64",
"18-May-15","TRF FROM","","Indiaforensic SERVICES","28494889848","18-May-15","","2,00,000.00","4,99,588.64",
"18-May-15","","BBPS SETTLEMENT 26032017","","28494928313","18-May-15","1,69,846.16","","3,29,742.48",
"18-May-15","TRF FROM","","Indiaforensic SERVICES","28494873894","18-May-15","","1,00,000.00","4,29,742.48",
"18-May-15","","BBPS SETTLEMENT DTD 27MAR","","28494924342","18-May-15","27,509.12","","4,02,233.36",
"18-May-15","TRF FRM","","Indiaforensic SERVICES","28494860782","18-May-15","","2,00,000.00","6,02,233.36",
"18-May-15","TRF FRM","","Indiaforensic SERVICES","28494970605","18-May-15","","4,00,000.00","10,02,233.36",
"18-May-15","","BBPS SETTLEMENT 28032017","","28494886941","18-May-15","3,91,248.80","","6,10,984.56",
"18-May-15","","BBPS SETTLEMENT 29032017","","28494889270","18-May-15","1,49,362.11","","4,61,622.45",
"18-May-15","","BBPS SETTLEMENT 30032017","","28494903095","18-May-15","1,92,834.72","","2,68,787.73",
"18-May-15","TRF FRM","","Indiaforensic SERVICES","28494953277","18-May-15","","1,00,000.00","3,68,787.73",
"18-May-15","","BBPS SETTLEMENT FOR DT 31","","28494922169","18-May-15","1,45,409.67","","2,23,378.06",
"18-May-15","FDRL/INTERNAL FUND TRANSFER","","","28494876946","18-May-15","","1,50,000.00","3,73,378.06",
"18-May-15","TRF FROM","","Indiaforensic SERVICES","28494960509","18-May-15","","2,00,000.00","5,73,378.06",
"18-May-15","","BBPS SETTLEMENT 03042017","","28494942686","18-May-15","3,48,756.64","","2,24,621.42",
"19-May-15","TRF FRM","","Indiaforensic SERVICES","28494926620","19-May-15","","1,00,000.00","3,24,621.42",
"19-May-15","","BBPS SETTLEMENT 04042017","","28494886962","19-May-15","58,178.96","","2,66,442.46",
"19-May-15","TRF FRM","","Indiaforensic SERVICES","28494925160","19-May-15","","1,00,000.00","3,66,442.46",
"19-May-15","","BBPS OX01 SETTLEMENT 05.0","","28494870513","19-May-15","72,560.62","","2,93,881.84",
"19-May-15","TRF FRM","","Indiaforensic SERVICES","28494953943","19-May-15","","50,000.00","3,43,881.84",
"19-May-15","","BBPS SETTLEMENT FOR DT 06","","28494952592","19-May-15","92,843.96","","2,51,037.88",
"19-May-15","TRF FRM","","Indiaforensic SERVICES","28494963620","19-May-15","","1,00,000.00","3,51,037.88",
"19-May-15","","BBPS OX01 SETTLEMENT 07.0","","28494868081","19-May-15","77,750.54","","2,73,287.34",
"19-May-15","TRF FRM","Indiaforensic SERVICES","28494913706","19-May-15","","50,000.00","3,23,287.34",
"19-May-15","TRF FROM","Indiaforensic SERVICES","28494878090","19-May-15","","5,00,000.00","8,23,287.34",
"19-May-15","BBPS OX01 SETTLEMENT 10.0","","28494895093","19-May-15","70,821.90","","7,52,475.00",
"19-May-15","BBPS OX01 SETTLEMENT 11.0","","28494900492","19-May-15","1,05,418.35","","6,47,056.65",
"19-May-15","WAIVE SWITCHING FEES 31.0","","28494866384","19-May-15","787363","","-1,40,306.35",
"19-May-15","BBPS SETTLEMENT 12042017","","28494961532","19-May-15","","4859423","47,19,116.65",
"19-May-15","BBPS SETTLEMENT DTD 13APR","","28494882182","19-May-15","57,483.14","","46,61,633.51",
"19-May-15","BBPS SETTLEMENT FOR DT 15","","28494973622","19-May-15","1,03,667.55","","45,57,965.96",
"19-May-15","BBPS OX01 SETTLEMENT 17.0","","28494970815","19-May-15","1,02,737.16","","44,55,228.80",
"20-May-15","TRF FRM","Indiaforensic SERVICES","28494965612","20-May-15","","5,00,000.00","49,55,228.80",
"20-May-15","BBPS OX01 SETTLEMENT 18.0","","28494943189","20-May-15","75,758.03","","48,79,470.77",
"20-May-15","BBPS OX01 SETTLEMENT 19.0","","28494946717","20-May-15","1,45,936.93","","47,33,533.84",
"20-May-15","BBPS OX01 SETTLEMENT 20.0","","28494902676","20-May-15","47,216.93","","46,86,316.91",
"20-May-15","BBPS OX01 SETTLEMENT 21.0","","28494974144","20-May-15","51,735.72","","46,34,581.19",
"","BBPS SETTLMENT OX01 24.04","","28494921254","","89,131.66","","45,45,449.53",
"20-May-15","BBPS SETTLEMENT FOR DT 25","","28494916894","20-May-15","1,18,834.97","","44,26,614.56",
"20-May-15","TRF FROM","Indiaforensic SERVICES","28494919202","20-May-15","","5,00,000.00","49,26,614.56",
"20-May-15","BBPS SETTLEMENT FOR DT 26","","28494954549","20-May-15","1,07,909.86","","48,18,704.70",
"20-May-15","BBPS SETTLEMENT 28042017","","28494971134","20-May-15","78,121.88","","47,40,582.82",
"20-May-15","BBPS SETTLEMENT 29042017","","28494952961","20-May-15","73,483.43","","46,67,099.39",
"20-May-15","BBPS SETTLEMENT 01052017","","28494882947","20-May-15","36,802.24","","46,30,297.15",
"20-May-15","BBPS SETTLEMENT 02052017","","28494929421","20-May-15","27,621.17","","46,02,675.98",
"20-May-15","BBPS SETTLEMENT 03052017","","28494955660","20-May-15","36,178.03","","45,66,497.95",
"21-May-15","BBPS SETTLEMENT 04052017","","28494960283","21-May-15","44,830.92","","45,21,667.03",
"21-May-15","BBPS SETTLEMENT 05052017","","28494947418","21-May-15","54,274.88","","44,67,392.15",
"21-May-15","FDRL/INTERNAL FUND TRANSFER","","28494949315","21-May-15","","1,00,000.00","45,67,392.15",
"21-May-15","BBPS SETTLEMENT 06052017","","28494930043","21-May-15","56,535.19","","45,10,856.96",
"21-May-15","BBPS SETTLEMENT FOR DT 08","","28494869252","21-May-15","7,627.17","","45,03,229.79",
"21-May-15","FDRL/INTERNAL FUND TRANSFER","","28494886954","21-May-15","","1,00,000.00","46,03,229.79",
"21-May-15","BBPS SETTLEMENT 09052017","","28494892328","21-May-15","92,354.75","","45,10,875.04",
"21-May-15","BBPS OX01 SETTLEMENT 20.0","","28494889356","21-May-15","6,028.54","","45,04,846.50",
"21-May-15","REV BBPS OX01 SETTLEMENT","","28494919198","21-May-15","","47,216.93","45,52,063.43",
"21-May-15","FDRL/INTERNAL FUND TRANSFER","","28494955772","21-May-15","","1,00,000.00","46,52,063.43",
"21-May-15","FDRL/INTERNAL FUND TRANSFER","","28494931876","21-May-15","","50,000.00","47,02,063.43",
"21-May-15","FDRL/INTERNAL FUND TRANSFER","","28494868015","21-May-15","","1,00,000.00","48,02,063.43",
"21-May-15","BBPS SETTLEMENT 10052017","","28494964049","21-May-15","93,277.36","","47,08,786.07",
"21-May-15","BBPS SETTLEMENT 11052017","","28494863992","21-May-15","53,444.53","","46,55,341.54",
"21-May-15","BBPS SETTLEMENT 12052017","","28494896781","21-May-15","93,913.00","","45,61,428.54",
"21-May-15","FDRL/INTERNAL FUND TRANSFER","","28494963980","21-May-15","","1,00,000.00","46,61,428.54",
"22-May-15","BBPS SETTLEMENT 15052017","","28494875457","22-May-15","1,71,720.19","","44,89,708.35",
"22-May-15","FDRL/INTERNAL FUND TRANSFER","","28494897477","22-May-15","","2,00,000.00","46,89,708.35",
"22-May-15","BBPS SETTLEMENT 16052017","","28494907996","22-May-15","1,95,767.92","","44,93,940.43",
"22-May-15","FDRL/INTERNAL FUND TRANSFER","","28494870228","22-May-15","","2,00,000.00","46,93,940.43",
"22-May-15","BBPS SETTLEMENT 17052017","","28494905349","22-May-15","1,06,620.67","","45,87,319.76",
"22-May-15","FDRL/INTERNAL FUND TRANSFER","","28494956112","22-May-15","","2,00,000.00","47,87,319.76",
"22-May-15","BBPS SETTLEMENT 18052017","","28494918181","22-May-15","1,31,020.40","","46,56,299.36",
"22-May-15","BBPS SETTLEMENT 19052017","","28494896828","22-May-15","83,209.48","","45,73,089.88",
"22-May-15","FDRL/INTERNAL FUND TRANSFER","","28494970054","22-May-15","","50,000.00","46,23,089.88",
"22-May-15","BBPS SETTLEMENT 20052017","","28494955679","22-May-15","97,156.51","","45,25,933.37",
"22-May-15","FDRL/INTERNAL FUND TRANSFER","","28494946053","22-May-15","","1,00,000.00","46,25,933.37",
"22-May-15","BBPS SETTLEMENT 22052017","","28494955938","22-May-15","56,789.04","","45,69,144.33",
"22-May-15","BBPS SETTLEMENT 23052017","","28494945625","22-May-15","75,945.44","","44,93,198.89",
"23-May-15","FDRL/INTERNAL FUND TRANSFER","","28494881849","23-May-15","","2,00,000.00","46,93,198.89",
"23-May-15","BBPS SETTLEMENT 24052017","","28494892350","23-May-15","1,47,938.81","","45,45,260.08",
"23-May-15","FDRL/INTERNAL FUND TRANSFER","","28494936552","23-May-15","","2,00,000.00","47,45,260.08",
"23-May-15","FDRL/INTERNAL FUND TRANSFER","","28494930693","23-May-15","","2,00,000.00","49,45,260.08",
"23-May-15","BBPS SETTLEMENT 25052017","","28494908967","23-May-15","1,81,189.40","","47,64,070.68",
"23-May-15","BBPS SETTLEMENT 26052017","","28494911715","23-May-15","62,213.14","","47,01,857.54",
"23-May-15","FDRL/INTERNAL FUND TRANSFER","","28494954080","23-May-15","","1,00,000.00","48,01,857.54",
"23-May-15","BBPS SETTLEMENT 29052017","","28494882065","23-May-15","1,87,145.89","","46,14,711.65",
"23-May-15","TRF FRM","Indiaforensic SERVICES","28494906178","23-May-15","","4,00,000.00","50,14,711.65",
"23-May-15","BBPS SETTLEMENT 30052017","","28494876590","23-May-15","1,28,069.51","","48,86,642.14",
"23-May-15","FDRL/INTERNAL FUND TRANSFER","","28494900244","23-May-15","","1,00,000.00","49,86,642.14",
"25-May-15","FDRL/INTERNAL FUND TRANSFER","","28494885418","25-May-15","5000000","","-13,357.86",
"25-May-15","BBPS SETTLEMENT 31052017","","28494966365","25-May-15","","453434","4,40,076.14",
"25-May-15","BBPS SETTLEMENT 01062017","","35234234234","25-May-15","76,825.54","","3,63,250.60",
"25-May-15","BBPS STMT FOR DTD 01JUN17","","28494944654","25-May-15","98,256.42","","2,64,942.00",
"25-May-15","BBPS SETMNT FOR DT 020620","","28494874605","25-May-15","99,989.44","","1,64,952.56",
"25-May-15","FDRL/INTERNAL FUND TRANSFER","","28494931709","25-May-15","","2,00,000.00","3,64,952.56",
"25-May-15","","","28494918457","25-May-15","77,700.46","","2,87,252.10",
"25-May-15","BBPS SETMNT FOR DT 050620","","28494944822","25-May-15","54,678.20","","2,32,573.90",
"25-May-15","BBPS SETMNT FOR DT 060620","","28494943972","25-May-15","89,160.28","","1,43,413.62",
"25-May-15","BBPS SETMNT FOR DT 070620","","28494972590","25-May-15","53,804.99","","89,608.63",
"25-May-15","BBPS SETMNT FOR DT 080620","","28494974161","25-May-15","","3443","93,051.63",
"25-May-15","TRF FROM","Indiaforensic SERVICES","34389754234","25-May-15","","7,50,000.00","8,43,051.63",
"25-May-15","BBPS SETTLEMENT DATED 12.","","28494875035","25-May-15","85,658.64","","7,57,392.99",
"25-May-15","BBPS SETMNT FOR DT 130620","","28494870824","25-May-15","54,089.18","","7,03,303.81",
"","FDRL/INTERNAL FUND TRANSFER","","28494861952","","","1,00,000.00","8,03,303.81",
"26-May-15","FDRL/INTERNAL FUND TRANSFER","","28494893103","26-May-15","","1,00,000.00","9,03,303.81",
"26-May-15","BBPS SETMNT FOR DT 140620","","28494973926","26-May-15","1,19,587.27","","7,83,716.54",
"26-May-15","FDRL/INTERNAL FUND TRANSFER","","28494933142","26-May-15","","1,00,000.00","8,83,716.54",
"26-May-15","FDRL/INTERNAL FUND TRANSFER","","28494954397","26-May-15","","1,00,000.00","9,83,716.54",
"26-May-15","FDRL/INTERNAL FUND TRANSFER","","28494884208","26-May-15","","1,00,000.00","10,83,716.54",
"26-May-15","BBPS SETMNT FOR DT 150620","","28494955742","26-May-15","2,27,030.51","","8,56,686.03",
"26-May-15","BBPS SETMNT FOR DT 160620","","28494946425","26-May-15","1,19,516.51","","7,37,169.52",
"26-May-15","FDRL/INTERNAL FUND TRANSFER","","28494941309","26-May-15","","2,00,000.00","9,37,169.52",
"26-May-15","BBPS SETMNT FOR DT 170620","","28494874996","26-May-15","98,749.92","","8,38,419.60",
"26-May-15","FDRL/INTERNAL FUND TRANSFER","","28494877130","26-May-15","","2,00,000.00","10,38,419.60",
"26-May-15","BBPS SETMNT FOR DT 190620","","28494875666","26-May-15","1,75,151.51","","8,63,268.09",
"26-May-15","BBPS SETMNT FOR DT 200620","","28494865004","26-May-15","1,55,678.63","","7,07,589.46",
"26-May-15","FDRL/INTERNAL FUND TRANSFER","","28494915607","26-May-15","","2,00,000.00","9,07,589.46",
"27-May-15","BBPS SETMNT FOR DT 210620","","28494933641","27-May-15","1,00,834.49","","8,06,754.97",
"27-May-15","FDRL/INTERNAL FUND TRANSFER","","28494891135","27-May-15","","2,00,000.00","10,06,754.97",
"27-May-15","BBPS SETMNT FOR DT 220620","","28494943594","27-May-15","1,27,130.39","","8,79,624.58",
"27-May-15","FDRL/INTERNAL FUND TRANSFER","","28494894214","27-May-15","","2,00,000.00","10,79,624.58",
"27-May-15","BBPS SETMNT FOR DT 230620","","28494924264","27-May-15","1,35,857.04","","9,43,767.54",
"27-May-15","TRF FROM","Indiaforensic SERVICES","28494975544","27-May-15","","5,00,000.00","14,43,767.54",
"27-May-15","BBPS SETTLEMENT DATED 270","","28494879756","27-May-15","5,40,324.73","","9,03,442.81",
"27-May-15","FDRL/INTERNAL FUND TRANSFER","","28494967355","27-May-15","","1,00,000.00","10,03,442.81",
"27-May-15","FDRL/INTERNAL FUND TRANSFER","","35234235233","27-May-15","","2,00,000.00","12,03,442.81",
"27-May-15","BBPS SETTLEMENT FOR DT 28","28494938857","27-May-15","2,41,548.23","","9,61,894.58",
"27-May-15","","28494893547","27-May-15","","5,00,000.00","14,61,894.58",
"27-May-15","BBPS SETMNT FOR DT 290620","28494932440","27-May-15","66,778.43","","13,95,116.15",
"27-May-15","BBPS SETMNT FOR DT 300620","28494864874","27-May-15","88,020.44","","13,07,095.71",
"27-May-15","BBPS SETMNT FOR DT 010720","28494928396","27-May-15","79,105.87","","12,27,989.84",
"27-May-15","BBPS SETMNT FOR DT 030720","28494912152","27-May-15","1,29,069.18","","10,98,920.66",
"28-May-15","REV SWITCHING FEE + SERVI","28494959260","28-May-15","1342232","","-2,43,311.34",
"28-May-15","BBPS SETMNT FOR DT 040720","28494955703","28-May-15","","1343234","10,99,922.66",
"28-May-15","BBPS SETMNT FOR DT 050720","28494936049","28-May-15","64,350.32","","10,35,572.34",
"28-May-15","BBPS SETMNT FOR DT 060720","28494907531","28-May-15","1,58,111.18","","8,77,451.00",
"28-May-15","BBPS SETMNT FOR DT 070720","28494904414","28-May-15","39,166.52","","8,38,284.48",
"28-May-15","FDRL/INTERNAL FUND TRANSFER","28494947005","28-May-15","","2,00,000.00","10,38,284.48",
"28-May-15","BBPS SETMNT FOR DT 100720","28494947399","28-May-15","1,82,353.53","","8,55,930.95",
"28-May-15","FDRL/INTERNAL FUND TRANSFER","28494876488","28-May-15","","2,00,000.00","10,55,930.95",
"28-May-15","FDRL/INTERNAL FUND TRANSFER","28494957947","28-May-15","","2,00,000.00","12,55,930.95",
"28-May-15","BBPS SETMNT FOR DT 110720","28494931401","28-May-15","2,27,142.83","","10,28,788.12",
"28-May-15","FDRL/INTERNAL FUND TRANSFER","28494917834","28-May-15","","2,00,000.00","12,28,788.12",
"28-May-15","FDRL/INTERNAL FUND TRANSFER","28494866142","28-May-15","","1,00,000.00","13,28,788.12",
"28-May-15","FDRL/INTERNAL FUND TRANSFER","28494864055","28-May-15","","2,00,000.00","15,28,788.12",
"28-May-15","BBPS SETMNT FOR DT 120720","28494946594","28-May-15","1,28,509.50","","14,00,278.62",
"29-May-15","BBPS SETMNT FOR DT 130720","28494930662","29-May-15","1,38,813.76","","12,61,464.86",
"29-May-15","BBPS SETMNT FOR DT 140720","28494947653","29-May-15","1,29,618.64","","11,31,846.22",
"29-May-15","FDRL/INTERNAL FUND TRANSFER","28494919329","29-May-15","","1,00,000.00","12,31,846.22",
"29-May-15","FDRL/INTERNAL FUND TRANSFER","28494965088","29-May-15","","2,00,000.00","14,31,846.22",
"29-May-15","BBPS SETMNT FOR DT 150720","34324234324","29-May-15","1,30,451.90","","13,01,394.32",
"29-May-15","BBPS SETMNT FOR DT 170720","28494935403","29-May-15","1,25,047.30","","11,76,347.02",
"29-May-15","BBPS SETMNT FOR DT 180720","28494935618","29-May-15","25,233.40","","11,51,113.62",
"29-May-15","BBPS SETMNT FOR DT 190720","28494903839","29-May-15","97,236.56","","10,53,877.06",
"29-May-15","FDRL/INTERNAL FUND TRANSFER","28494939248","29-May-15","","2,00,000.00","12,53,877.06",
"29-May-15","BBPS SETMNT FOR DT 200720","28494878131","29-May-15","95,441.08","","11,58,435.98",
"29-May-15","FDRL/INTERNAL FUND TRANSFER","28494940772","29-May-15","","1,00,000.00","12,58,435.98",
"29-May-15","FDRL/INTERNAL FUND TRANSFER","28494970303","29-May-15","","1,00,000.00","13,58,435.98",
"30-May-15","bank settlement","0","30-May-15","700","","13,57,735.98",
"30-May-15","FDRL/INTERNAL FUND TRANSFER","28494959050","30-May-15","","2,00,000.00","15,57,735.98",
"30-May-15","FDRL/INTERNAL FUND TRANSFER","28494945599","30-May-15","","2,00,000.00","17,57,735.98",
"30-May-15","BBPS SETMNT FOR DT 240720","28494881830","30-May-15","2,02,879.78","","15,54,856.20",
"30-May-15","BBPS SETMNT FOR DT 250720","28494876918","30-May-15","1,37,149.60","","14,17,706.60",
"30-May-15","FDRL/INTERNAL FUND TRANSFER","28494921319","30-May-15","","2,00,000.00","16,17,706.60",
"30-May-15","BBPS SETMNT FOR DT 260720","28494872780","30-May-15","89,718.90","","15,27,987.70",
"30-May-15","BBPS SETMNT FOR DT 270720","28494923334","30-May-15","1,09,103.60","","14,18,884.10",
"30-May-15","FDRL/INTERNAL FUND TRANSFER","28494876777","30-May-15","","1,00,000.00","15,18,884.10",
"30-May-15","FDRL/INTERNAL FUND TRANSFER","28494946605","30-May-15","","1,00,000.00","16,18,884.10",
"01-Jun-15","BBPS SETMNT FOR DT 280720","28494911042","01-Jun-15","1,28,572.30","","14,90,311.80",
"01-Jun-15","FDRL/INTERNAL FUND TRANSFER","28494878213","01-Jun-15","","50,000.00","15,40,311.80",
"01-Jun-15","FDRL/INTERNAL FUND TRANSFER","28494904171","01-Jun-15","","1,00,000.00","16,40,311.80",
"01-Jun-15","","28494952574","01-Jun-15","","50,000.00","16,90,311.80",
"01-Jun-15","FDRL/INTERNAL FUND TRANSFER","28494966686","01-Jun-15","","1,00,000.00","17,90,311.80",
"01-Jun-15","FDRL/INTERNAL FUND TRANSFER","28494905787","01-Jun-15","","1,00,000.00","18,90,311.80",
"01-Jun-15","FDRL/INTERNAL FUND TRANSFER","3.60E+11","01-Jun-15","","1,00,000.00","19,90,311.80",
"01-Jun-15","BBPS SETMNT FOR DT 290720","28494963738","01-Jun-15","1,25,092.78","","18,65,219.02",
"01-Jun-15","BBPS SETMNT FOR DT 310720","","28494892923","01-Jun-15","1,91,881.30","","16,73,337.72",
"01-Jun-15","BBPS SETMNT FOR DT 010820","","28494922588","01-Jun-15","99,288.60","","15,74,049.12",
"01-Jun-15","BBPS SETMNT FOR DT 020820","","28494911480","01-Jun-15","1,58,804.40","","14,15,244.72",
"01-Jun-15","FDRL/INTERNAL FUND TRANSFER","","28494920319","01-Jun-15","","2,00,000.00","16,15,244.72",
"01-Jun-15","BBPS SETMNT FOR DT 030820","","28494913872","01-Jun-15","52,393.37","","15,62,851.35",
"01-Jun-15","BBPS SETMNT FOR DT 040820","","28494897544","01-Jun-15","1,09,234.48","","14,53,616.87",
"01-Jun-15","FDRL/INTERNAL FUND TRANSFER","","28494934413","01-Jun-15","","50,000.00","15,03,616.87",
"01-Jun-15","FDRL/INTERNAL FUND TRANSFER","","28494925776","01-Jun-15","","50,000.00","15,53,616.87",
"01-Jun-15","FDRL/INTERNAL FUND TRANSFER","","28494919158","01-Jun-15","","50,000.00","16,03,616.87",
"01-Jun-15","FDRL/INTERNAL FUND TRANSFER","","28494908559","01-Jun-15","","50,000.00","16,53,616.87",
"01-Jun-15","FDRL/INTERNAL FUND TRANSFER","","28494862106","01-Jun-15","","50,000.00","17,03,616.87",
"01-Jun-15","FDRL/INTERNAL FUND TRANSFER","","28494929529","01-Jun-15","","50,000.00","17,53,616.87",
"02-Jun-15","FDRL/INTERNAL FUND TRANSFER","","28494907320","02-Jun-15","","50,000.00","18,03,616.87",
"02-Jun-15","FDRL/INTERNAL FUND TRANSFER","","28494877454","02-Jun-15","","50,000.00","18,53,616.87",
"02-Jun-15","FDRL/INTERNAL FUND TRANSFER","","28494931697","02-Jun-15","","50,000.00","19,03,616.87",
"02-Jun-15","FDRL/INTERNAL FUND TRANSFER","","28494878250","02-Jun-15","","50,000.00","19,53,616.87",
"02-Jun-15","FDRL/INTERNAL FUND TRANSFER","","28494868123","02-Jun-15","","50,000.00","20,03,616.87",
"02-Jun-15","FDRL/INTERNAL FUND TRANSFER","","28494950914","02-Jun-15","","50,000.00","20,53,616.87",
"02-Jun-15","FDRL/INTERNAL FUND TRANSFER","","28494964406","02-Jun-15","","50,000.00","21,03,616.87",
"02-Jun-15","FDRL/INTERNAL FUND TRANSFER","","28494956752","02-Jun-15","","50,000.00","21,53,616.87",
"02-Jun-15","FDRL/INTERNAL FUND TRANSFER","","28494898044","02-Jun-15","","50,000.00","22,03,616.87",
"02-Jun-15","FDRL/INTERNAL FUND TRANSFER","","28494916695","02-Jun-15","","50,000.00","22,53,616.87",
"02-Jun-15","BBPS SETTMT DTD 050817","","28494877974","02-Jun-15","1,74,658.14","","20,78,958.73",
"02-Jun-15","BBPS SETMNT FOR DT 070820","","28494872002","02-Jun-15","1,26,978.66","","19,51,980.07",
"02-Jun-15","BBPS SETMNT FOR DT 080820","","28494915980","02-Jun-15","12,646.88","","19,39,333.19",
"02-Jun-15","BBPS SETMNT FOR DT 090820","","28494959496","02-Jun-15","2,34,382.52","","17,04,950.67",
"02-Jun-15","BBPS SETMNT FOR DT 100820","","28494952350","02-Jun-15","1,06,384.13","","15,98,566.54",
"02-Jun-15","BBPS SETMNT FOR DT 110820","","28494924622","02-Jun-15","1,37,544.04","","14,61,022.50",
"03-Jun-15","FDRL/INTERNAL FUND TRANSFER","","28494944790","03-Jun-15","","50,000.00","15,11,022.50",
"03-Jun-15","FDRL/INTERNAL FUND TRANSFER","","28494969474","03-Jun-15","","50,000.00","15,61,022.50",
"03-Jun-15","FDRL/INTERNAL FUND TRANSFER","","28494898047","03-Jun-15","","50,000.00","16,11,022.50",
"03-Jun-15","FDRL/INTERNAL FUND TRANSFER","","28494961279","03-Jun-15","","50,000.00","16,61,022.50",
"03-Jun-15","FDRL/INTERNAL FUND TRANSFER","","28494899377","03-Jun-15","","50,000.00","17,11,022.50",
"03-Jun-15","FDRL/INTERNAL FUND TRANSFER","","28494952557","03-Jun-15","","50,000.00","17,61,022.50",
"03-Jun-15","FDRL/INTERNAL FUND TRANSFER","","28494960231","03-Jun-15","","50,000.00","18,11,022.50",
"03-Jun-15","FDRL/INTERNAL FUND TRANSFER","","28494927835","03-Jun-15","","50,000.00","18,61,022.50",
"03-Jun-15","FDRL/INTERNAL FUND TRANSFER","","28494963516","03-Jun-15","","50,000.00","19,11,022.50",
"03-Jun-15","FDRL/INTERNAL FUND TRANSFER","","28494860743","03-Jun-15","","50,000.00","19,61,022.50",
"03-Jun-15","FDRL/INTERNAL FUND TRANSFER","","28494904749","03-Jun-15","","50,000.00","20,11,022.50",
"03-Jun-15","FDRL/INTERNAL FUND TRANSFER","","28494862427","03-Jun-15","","50,000.00","20,61,022.50",
"04-Jun-15","BBPS SETMNT FOR DT 110820","","28494955349","04-Jun-15","3,93,022.08","","16,68,000.42",
"04-Jun-15","BBPS SETMNT FOR DT 160820","","28494875078","04-Jun-15","3,20,215.84","","13,47,784.58",
"04-Jun-15","FDRL/INTERNAL FUND TRANSFER","","28494970612","04-Jun-15","","50,000.00","13,97,784.58",
"04-Jun-15","FDRL/INTERNAL FUND TRANSFER","","28494873719","04-Jun-15","","1,00,000.00","14,97,784.58",
"04-Jun-15","FDRL/INTERNAL FUND TRANSFER","","28494941157","04-Jun-15","","50,000.00","15,47,784.58",
"04-Jun-15","FDRL/INTERNAL FUND TRANSFER","","28494970297","04-Jun-15","","50,000.00","15,97,784.58",
"04-Jun-15","BBPS SETMNT FOR DT 170820","","28494906264","04-Jun-15","2,84,668.24","","13,13,116.34",
"04-Jun-15","TRF FRM","Indiaforensic SERVICES","28494941824","04-Jun-15","","3,00,000.00","16,13,116.34",
"04-Jun-15","BBPS SETMNT FOR DT 180820","","28494894722","04-Jun-15","1,73,738.94","","14,39,377.40",
"04-Jun-15","TRF FROM","Indiaforensic SERVICES","28494904252","04-Jun-15","","7,00,000.00","21,39,377.40",
"04-Jun-15","BBPS SETMNT FOR DT 190820","","38347872374","04-Jun-15","3,12,417.98","","18,26,959.42",
"","BBPS SETMNT FOR DT 210820","","28494915707","","1,92,034.74","","16,34,924.68",
"04-Jun-15","BBPS SETMNT FOR DT 220820","","28494900805","04-Jun-15","1,97,829.48","","14,37,095.20",
"04-Jun-15","","","28494957944","04-Jun-15","","3,00,000.00","17,37,095.20",
"04-Jun-15","BBPS SETMNT FOR DT 230820","","28494881497","04-Jun-15","1,96,623.90","","15,40,471.30",
"05-Jun-15","BBPS SETMNT FOR DT 240820","","28494919773","05-Jun-15","2,38,134.06","","13,02,337.24",
"05-Jun-15","TRF FROM","Indiaforensic SERVICES","28494935665","05-Jun-15","","10,00,000.00","23,02,337.24",
"05-Jun-15","BBPS SETMNT FOR DT 250820","","28494970653","05-Jun-15","1,10,264.22","","21,92,073.02",
"05-Jun-15","BBPS SETMNT FOR DT 280820","","28494962584","05-Jun-15","2,92,705.76","","18,99,367.26",
"05-Jun-15","","","28494903991","05-Jun-15","1,62,675.20","","17,36,692.06",
"05-Jun-15","BBPS SETMNT FOR DT 300820","","28494958262","05-Jun-15","1,63,053.01","","15,73,639.05",
"05-Jun-15","BBPS SETMNT FOR DT 310820","","28494902388","05-Jun-15","1,35,399.38","","14,38,239.67",
"05-Jun-15","TRF FROM","Indiaforensic SERVICES","28494955163","05-Jun-15","","3,00,000.00","17,38,239.67",
"05-Jun-15","BBPS SETMNT FOR DT 010920","","28494876184","05-Jun-15","95,113.98","","16,43,125.69",
"05-Jun-15","TRF FROM","Indiaforensic SERVICES","28494914543","05-Jun-15","","3,00,000.00","19,43,125.69",
"05-Jun-15","BBPS SETMNT FOR DT 040920","","28494911697","05-Jun-15","2,15,378.07","","17,27,747.62",
"05-Jun-15","BBPS SETMNT FOR DT 050920","","37057636468","05-Jun-15","1,39,586.04","","15,88,161.58",
"05-Jun-15","TRF FROM","Indiaforensic SERVICES","28494891203","05-Jun-15","","2,00,000.00","17,88,161.58",
"05-Jun-15","BBPS SETMNT FOR DT 060920","","28494967320","05-Jun-15","51,906.35","","17,36,255.23",
"05-Jun-15","BBPS SETMNT FOR DT 070920","","28494948581","05-Jun-15","1,03,643.52","","16,32,611.71",
"06-Jun-15","","","28494889338","06-Jun-15","1,03,607.47","","15,29,004.24",
"06-Jun-15","TRF FROM","Indiaforensic SERVICES","28494937414","06-Jun-15","","7,00,000.00","22,29,004.24",
"06-Jun-15","BBPS SETMNT FOR DT 110920","","28494939657","06-Jun-15","2,48,270.54","","19,80,733.70",
"06-Jun-15","BBPS SETMNT FOR DT 120920","","28494862026","06-Jun-15","1,98,397.74","","17,82,335.96",
"06-Jun-15","BBPS SETMNT FOR DT 130920","","28494972477","06-Jun-15","1,85,118.88","","15,97,217.08",
"06-Jun-15","BBPS SETMNT FOR DT 140920","","34324237654","06-Jun-15","1,53,981.32","","14,43,235.76",
"06-Jun-15","BBPS SETMNT FOR DT 150920","","28494952590","06-Jun-15","1,35,500.36","","13,07,735.40",
"06-Jun-15","TRF FROM","Indiaforensic SERVICES","28494900005","06-Jun-15","","5,00,000.00","18,07,735.40",
"06-Jun-15","BBPS SETMNT FOR DT 160920","","28494961614","06-Jun-15","1,36,074.51","","16,71,660.89",
"06-Jun-15","BBPS SETMNT FOR DT 180920","","28494925449","06-Jun-15","2,49,806.20","","14,21,854.69",
"06-Jun-15","TRF FRM","Indiaforensic SERVICES","28494969912","06-Jun-15","","3,00,000.00","17,21,854.69",
"06-Jun-15","BBPS SETMNT FOR DT 190920","","28494933641","06-Jun-15","2,09,833.19","","15,12,021.50",
"06-Jun-15","BBPS SETMNT FOR DT 200920","","28494907916","06-Jun-15","1,28,161.28","","13,83,860.22",
"08-Jun-15","TRF FROM","Indiaforensic SERVICES","28494959196","08-Jun-15","","3,00,000.00","16,83,860.22",
"08-Jun-15","BBPS SETMNT FOR DT 210920","","28494972974","08-Jun-15","1,62,881.70","","15,20,978.52",
"08-Jun-15","BBPS SETMNT FOR DT 220920","","28494898082","08-Jun-15","1,44,857.19","","13,76,121.33",
"08-Jun-15","TRF FRM","Indiaforensic SERVICES","28494869243","08-Jun-15","","5,00,000.00","18,76,121.33",
"08-Jun-15","BBPS SETMNT FOR DT 250920","","28494937707","08-Jun-15","3,64,716.38","","15,11,404.95",
"08-Jun-15","NEFT/FDRL666621043/ONE 97","","28494886616","08-Jun-15","","2,624.66","15,14,029.61",
"08-Jun-15","TRF FRM","Indiaforensic SERVICES","28494900249","08-Jun-15","","3,00,000.00","18,14,029.61",
"08-Jun-15","BBPS SETMNT FOR DT 260920","","28494896559","08-Jun-15","1,82,120.07","","16,31,909.54",
"08-Jun-15","BBPS SETMNT FOR DT 270920","","34175977397","08-Jun-15","2,34,319.90","","13,97,589.64",
"08-Jun-15","TRF FRM","Indiaforensic SERVICES","28494865077","08-Jun-15","","5,00,000.00","18,97,589.64",
"08-Jun-15","BBPS SETMNT FOR DT 280920","","28494972281","08-Jun-15","2,45,871.02","","16,51,718.62",
"08-Jun-15","","","28494861440","08-Jun-15","1,57,424.01","","14,94,294.61",
"08-Jun-15","FDRL/INTERNAL FUND TRANSFER","","28494907471","08-Jun-15","","2,00,000.00","16,94,294.61",
"08-Jun-15","FDRL/INTERNAL FUND TRANSFER","","28494884328","08-Jun-15","","2,00,000.00","18,94,294.61",
"08-Jun-15","FDRL/INTERNAL FUND TRANSFER","","28494958359","08-Jun-15","","2,00,000.00","20,94,294.61",
"08-Jun-15","FDRL/INTERNAL FUND TRANSFER","","28494921015","08-Jun-15","","2,00,000.00","22,94,294.61",
"08-Jun-15","FDRL/INTERNAL FUND TRANSFER","","28494882244","08-Jun-15","","2,00,000.00","24,94,294.61",
"08-Jun-15","BBPS SETMNT FOR DT 031020","28494941201","08-Jun-15","2,70,162.95","","22,24,131.66",
"08-Jun-15","BBPS SETMNT FOR DT 041020","28494971314","08-Jun-15","1,81,195.86","","20,42,935.80",
"08-Jun-15","BBPS SETMNT FOR DT 051020","28494901231","08-Jun-15","1,61,169.73","","18,81,766.07",
"08-Jun-15","BBPS SETMNT FOR DT 061020","28494920172","08-Jun-15","89,091.32","","17,92,674.75",
"09-Jun-15","BBPS SETMNT FOR DT 071020","28494903220","09-Jun-15","1,78,893.40","","16,13,781.35",
"09-Jun-15","BBPS SETMNT FOR DT 091020","34873829874","09-Jun-15","2,14,144.33","","13,99,637.02",
"09-Jun-15","FDRL/INTERNAL FUND TRANSFER","28494922747","09-Jun-15","","3,00,000.00","16,99,637.02",
"09-Jun-15","BBPS SETMNT FOR DT 101020","28494882693","09-Jun-15","2,82,299.66","","14,17,337.36",
"09-Jun-15","FDRL/INTERNAL FUND TRANSFER","28494892210","09-Jun-15","","3,00,000.00","17,17,337.36",
"09-Jun-15","BBPS SETMNT FOR DT 111020","28494948183","09-Jun-15","1,14,192.42","","16,03,144.94",
"09-Jun-15","BBPS SETMNT FOR DT 121020","28494894491","09-Jun-15","1,15,110.46","","14,88,034.48",
"09-Jun-15","BBPS SETMNT FOR DT 131020","28494913757","09-Jun-15","1,76,862.77","","13,11,171.71",
"09-Jun-15","FDRL/INTERNAL FUND TRANSFER","28494916331","09-Jun-15","","3,00,000.00","16,11,171.71",
"09-Jun-15","FDRL/INTERNAL FUND TRANSFER","28494886354","09-Jun-15","","3,00,000.00","19,11,171.71",
"09-Jun-15","BBPS SETMNT FOR DT 161020","28494912038","09-Jun-15","3,38,660.26","","15,72,511.45",
"09-Jun-15","BBPS SETMNT FOR DT 171020","28494898287","09-Jun-15","1,97,665.59","","13,74,845.86",
"09-Jun-15","FDRL/INTERNAL FUND TRANSFER","28494959742","09-Jun-15","","2,00,000.00","15,74,845.86",
"09-Jun-15","FDRL/INTERNAL FUND TRANSFER","28494957483","09-Jun-15","","3,00,000.00","18,74,845.86",
"09-Jun-15","BBPS SETMNT FOR DT 181020","28494924752","09-Jun-15","1,47,757.43","","17,27,088.43",
"09-Jun-15","FDRL/INTERNAL FUND TRANSFER","28494911571","09-Jun-15","","2,00,000.00","19,27,088.43",
"09-Jun-15","FDRL/INTERNAL FUND TRANSFER","28494958418","09-Jun-15","","3,00,000.00","22,27,088.43",
"09-Jun-15","BBPS SETMNT FOR DT 191020","28494970113","09-Jun-15","1,18,763.54","","21,08,324.89",
"09-Jun-15","BBPS SETMNT FOR DT 201020","28494897888","09-Jun-15","36,239.71","","20,72,085.18",
"09-Jun-15","","28494890659","09-Jun-15","61,013.30","","20,11,071.88",
"10-Jun-15","BBPS SETMNT FOR DT 231020","28494973217","10-Jun-15","1,54,823.14","","18,56,248.74",
"10-Jun-15","BBPS SETMNT FOR DT 241020","28494954951","10-Jun-15","2,01,777.25","","16,54,471.49",
"10-Jun-15","FDRL/INTERNAL FUND TRANSFER","28494862833","10-Jun-15","1500000","","1,54,471.49",
"10-Jun-15","BBPS SETMNT FOR DT 251020","28494856852","10-Jun-15","2,89,604.87","","-1,35,133.38",
"10-Jun-15","BBPS SETMNT FOR DT 261020","28494947686","10-Jun-15","","437822","3,02,688.62",
"10-Jun-15","FDRL/INTERNAL FUND TRANSFER","28494943882","10-Jun-15","","3,00,000.00","6,02,688.62",
"10-Jun-15","BBPS SETMNT FOR DT 271020","28494929819","10-Jun-15","98,594.43","","5,04,094.19",
"10-Jun-15","FDRL/INTERNAL FUND TRANSFER","28494921349","10-Jun-15","","2,00,000.00","7,04,084.00",
"10-Jun-15","","28494923004","10-Jun-15","","3,00,000.00","10,04,084.00",
"10-Jun-15","FDRL/INTERNAL FUND TRANSFER","28494872831","10-Jun-15","","3,00,000.00","13,04,084.00",
"10-Jun-15","BBPS SETMNT FOR DT 301020","28494876539","10-Jun-15","3,22,374.79","","9,81,709.21",
"10-Jun-15","BBPS SETMNT FOR DT 311020","28494925144","10-Jun-15","1,48,633.99","","8,33,075.22",
"10-Jun-15","BBPS SETMNT FOR DT 011120","28494931452","10-Jun-15","1,31,475.17","","7,01,600.05",
"10-Jun-15","BBPS SETMNT FOR DT 021120","28494939387","10-Jun-15","1,26,718.38","","5,74,881.67",
"10-Jun-15","FDRL/INTERNAL FUND TRANSFER","28494910839","10-Jun-15","","3,00,000.00","8,74,881.67",
"10-Jun-15","BBPS SETMNT FOR DT 031120","28494893665","10-Jun-15","1,11,962.51","","7,62,919.16",
"10-Jun-15","FDRL/INTERNAL FUND TRANSFER","28494864331","10-Jun-15","","3,00,000.00","10,62,919.16",
"10-Jun-15","BBPS SETMNT FOR DT 041120","28494860766","10-Jun-15","1,10,902.77","","9,52,016.39",
"10-Jun-15","BBPS SETMNT FOR DT 061120","28494896511","10-Jun-15","1,50,019.78","","8,01,996.61",
"10-Jun-15","BBPS SETMNT FOR DT 071120","28494907997","10-Jun-15","1,47,817.96","","6,54,178.65",
"10-Jun-15","BBPS SETMNT FOR DT 081120","28494904198","10-Jun-15","1,59,473.08","","4,94,705.57",
"10-Jun-15","BBPS SETMNT FOR DT 091120","28494884650","10-Jun-15","1,31,508.96","","3,63,196.61",
"10-Jun-15","FDRL/INTERNAL FUND TRANSFER","28494878028","10-Jun-15","","3,00,000.00","6,63,196.61",
"11-Jun-15","BBPS SETMNT FOR DT 101120","28494938748","11-Jun-15","1,56,605.52","","5,06,591.09",
"11-Jun-15","FDRL/INTERNAL FUND TRANSFER","28494865532","11-Jun-15","","3,00,000.00","8,06,591.09",
"11-Jun-15","atm settlement","0","11-Jun-15","646","","8,05,945.09",
"11-Jun-15","FDRL/INTERNAL FUND TRANSFER","28494906215","11-Jun-15","","3,00,000.00","11,05,945.09",
"11-Jun-15","BBPS SETMNT FOR DT 141120","28494932946","11-Jun-15","2,31,316.89","","8,74,628.20",
"11-Jun-15","FDRL/INTERNAL FUND TRANSFER","28494958195","11-Jun-15","","2,00,000.00","10,74,628.20",
"11-Jun-15","FDRL/INTERNAL FUND TRANSFER","28494868560","11-Jun-15","","2,00,000.00","12,74,628.20",
"11-Jun-15","BBPS SETMNT FOR DT 151120","28494898343","11-Jun-15","2,09,879.95","","10,64,748.25",
"11-Jun-15","BBPS SETMNT FOR DT 151120","28494967964","11-Jun-15","1,34,194.84","","9,30,553.41",
"11-Jun-15","BBPS SETMNT FOR DT 171120","28494916312","11-Jun-15","92,084.66","","8,38,468.75",
"11-Jun-15","FDRL/INTERNAL FUND TRANSFER","28494957740","11-Jun-15","","2,00,000.00","10,38,468.75",
"11-Jun-15","FDRL/INTERNAL FUND TRANSFER","28494925658","11-Jun-15","","2,00,000.00","12,38,468.75",
"11-Jun-15","BBPS SETMNT FOR DT 181120","28494918495","11-Jun-15","1,96,560.06","","10,41,908.69",
"11-Jun-15","BBPS SETMNT FOR DT 201120","28494904885","11-Jun-15","2,12,645.91","","8,29,262.78",
"11-Jun-15","FDRL/INTERNAL FUND TRANSFER","28494922436","11-Jun-15","","3,00,000.00","11,29,262.78",
"11-Jun-15","FDRL/INTERNAL FUND TRANSFER","28494875165","11-Jun-15","","2,00,000.00","13,29,262.78",
"11-Jun-15","BBPS CERTIFICATE FEE","28494967873","11-Jun-15","4,72,000.00","","8,57,262.78",
"11-Jun-15","","28494954439","11-Jun-15","1,28,651.14","","7,28,611.64",
"11-Jun-15","FDRL/INTERNAL FUND TRANSFER","28494963379","11-Jun-15","","3,00,000.00","10,28,611.64",
"11-Jun-15","BBPS SETMNT FOR DT 221120","28494923736","11-Jun-15","1,46,827.17","","8,81,784.47",
"11-Jun-15","BBPS SETMNT FOR DT 231120","28494881034","11-Jun-15","1,71,906.20","","7,09,878.27",
"12-Jun-15","FDRL/INTERNAL FUND TRANSFER","36983787241","12-Jun-15","","2,00,000.00","9,09,878.27",
"12-Jun-15","FDRL/INTERNAL FUND TRANSFER","28494927414","12-Jun-15","","2,00,000.00","11,09,878.27",
"12-Jun-15","BBPS SETMNT FOR DT 241120","28494937616","12-Jun-15","75,972.29","","10,33,905.98",
"12-Jun-15","","28494975307","12-Jun-15","4,02,695.51","","6,31,210.47",
"12-Jun-15","FDRL/INTERNAL FUND TRANSFER","28494911293","12-Jun-15","","3,00,000.00","9,31,210.47",
"","BBPS SETMNT FOR DT 281120","28494918072","","2,56,117.48","","6,75,092.99",
"12-Jun-15","FDRL/INTERNAL FUND TRANSFER","28494968482","12-Jun-15","","3,00,000.00","9,75,092.99",
"12-Jun-15","BBPS SETMNT FOR DT 291120","28494921895","12-Jun-15","1,12,778.71","","8,62,314.28",
"12-Jun-15","BBPS SETMNT FOR DT 301120","28494866457","12-Jun-15","82,700.97","","7,79,613.31",
"12-Jun-15","BBPS SETMNT FOR DT 011220","28494922212","12-Jun-15","97,833.76","","6,81,779.55",
"12-Jun-15","BBPS SETMNT FOR DT 021220","28494953490","12-Jun-15","1,00,187.20","","5,81,592.35",
"12-Jun-15","FDRL/INTERNAL FUND TRANSFER","28494914817","12-Jun-15","","2,00,000.00","7,81,592.35",
"12-Jun-15","FDRL/INTERNAL FUND TRANSFER","28494940312","12-Jun-15","","2,00,000.00","9,81,592.35",
"12-Jun-15","BBPS SETMNT FOR DT 041220","28494889168","12-Jun-15","1,38,532.32","","8,43,060.03",
"12-Jun-15","FDRL/INTERNAL FUND TRANSFER","28494861317","12-Jun-15","","3,00,000.00","11,43,060.03",
"12-Jun-15","BBPS SETMNT FOR DT 051220","28494867442","12-Jun-15","1,44,026.13","","9,99,033.90",
"12-Jun-15","FDRL/INTERNAL FUND TRANSFER","28494899474","12-Jun-15","","3,00,000.00","12,99,033.90",
"12-Jun-15","BBPS SETMNT FOR DT 061220","28494969418","12-Jun-15","1,19,401.28","","11,79,632.62",
"12-Jun-15","BBPS SETMNT FOR DT 071220","28494886730","12-Jun-15","1,27,675.25","","10,51,957.37",
"13-Jun-15","BBPS SETMNT FOR DT 081220","28494900324","13-Jun-15","2,09,118.73","","8,42,838.64",
"13-Jun-15","FDRL/INTERNAL FUND TRANSFER","28494886622","13-Jun-15","","2,00,000.00","10,42,838.64",
"13-Jun-15","FDRL/INTERNAL FUND TRANSFER","28494903746","13-Jun-15","","2,00,000.00","12,42,838.64",
"13-Jun-15","BBPS SETMNT FOR DT 111220","28494919644","13-Jun-15","4,72,783.03","","7,70,055.61",
"13-Jun-15","BBPS SETMNT FOR DT 121220","28494970418","13-Jun-15","2,37,356.27","","5,32,699.34",
"13-Jun-15","FDRL/INTERNAL FUND TRANSFER","28494971399","13-Jun-15","","3,00,000.00","8,32,699.34",
"13-Jun-15","BBPS SETMNT FOR DT 131220","28494915428","13-Jun-15","1,86,908.67","","6,45,790.67",
"13-Jun-15","BBPS SETMNT FOR DT 141220","28494943669","13-Jun-15","1,82,323.36","","4,63,467.31",
"13-Jun-15","FDRL/INTERNAL FUND TRANSFER","28494936936","13-Jun-15","","2,00,000.00","6,63,467.31",
"13-Jun-15","FDRL/INTERNAL FUND TRANSFER","28494908650","13-Jun-15","","2,00,000.00","8,63,467.31",
"13-Jun-15","BBPS SETMNT FOR DT 151220","38985779323","13-Jun-15","1,84,047.01","","6,79,420.30",
"13-Jun-15","FDRL/INTERNAL FUND TRANSFER","28494860189","13-Jun-15","","3,00,000.00","9,79,420.30",
"13-Jun-15","FDRL/INTERNAL FUND TRANSFER","28494874198","13-Jun-15","","2,00,000.00","11,79,420.30",
"13-Jun-15","BBPS SETMNT FOR DT 161220","28494944571","13-Jun-15","1,18,422.18","","10,60,998.12",
"13-Jun-15","FDRL/INTERNAL FUND TRANSFER","28494877124","13-Jun-15","","2,00,000.00","12,60,998.12",
"13-Jun-15","FDRL/INTERNAL FUND TRANSFER","28494885984","13-Jun-15","","1,00,000.00","13,60,998.12",
"13-Jun-15","BBPS SETMNT FOR DT 181220","28494920996","13-Jun-15","3,16,222.65","","10,44,775.47",
"13-Jun-15","BBPS SETMNT FOR DT 191220","28494972063","13-Jun-15","3,50,413.01","","6,94,362.46",
"13-Jun-15","BBPS SETMNT FOR DT 201220","28494881013","13-Jun-15","3,69,273.67","","3,25,088.79",
"13-Jun-15","BBPS SETMNT FOR DT 211220","28494920637","13-Jun-15","3,56,321.71","","-31,232.92",
"15-Jun-15","FDRL/INTERNAL FUND TRANSFER","28494911532","15-Jun-15","","2,00,000.00","1,68,767.08",
"15-Jun-15","FDRL/INTERNAL FUND TRANSFER","28494915943","15-Jun-15","","3,00,000.00","4,68,767.08",
"15-Jun-15","BBPS SETMNT FOR DT 211220","28494884499","15-Jun-15","1,83,516.69","","2,85,250.39",
"15-Jun-15","FDRL/INTERNAL FUND TRANSFER","28494899271","15-Jun-15","","3,00,000.00","5,85,260.00",
"15-Jun-15","FDRL/INTERNAL FUND TRANSFER","28494887950","15-Jun-15","","3,00,000.00","8,85,260.00",
"15-Jun-15","BBPS SETMNT FOR DT 261220","28494972122","15-Jun-15","4,87,006.45","","3,98,253.55",
"15-Jun-15","FDRL/INTERNAL FUND TRANSFER","28494906082","15-Jun-15","","2,00,000.00","5,98,253.55",
"15-Jun-15","FDRL/INTERNAL FUND TRANSFER","28494866225","15-Jun-15","","2,00,000.00","7,98,253.55",
"15-Jun-15","BBPS SETMNT FOR DT 271220","28494860837","15-Jun-15","1,75,551.70","","6,22,701.85",
"15-Jun-15","BBPS SETMNT FOR DT 281201","28494902060","15-Jun-15","1,71,619.00","","4,51,082.85",
"15-Jun-15","BBPS SETMNT FOR DT 291220","28494929576","15-Jun-15","1,40,789.63","","3,10,293.22",
"15-Jun-15","FDRL/INTERNAL FUND TRANSFER","28494914497","15-Jun-15","","2,00,000.00","5,10,293.22",
"15-Jun-15","FDRL/INTERNAL FUND TRANSFER","28494898043","15-Jun-15","","3,00,000.00","8,10,293.22",
"15-Jun-15","FDRL/INTERNAL FUND TRANSFER","28494955656","15-Jun-15","","2,00,000.00","10,10,293.22",
"15-Jun-15","BBPS SETMNT FOR DT 301220","28494941430","15-Jun-15","82,142.95","","9,28,150.27",
"15-Jun-15","BBPS SETMNT FOR DT 010120","76347623422","15-Jun-15","1,99,758.22","","7,28,392.05",
"15-Jun-15","BBPS SETMNT FOR DT 020120","28494953705","15-Jun-15","61,493.58","","6,66,898.47",
"15-Jun-15","FDRL/INTERNAL FUND TRANSFER","28494945163","15-Jun-15","","2,00,000.00","8,66,898.47",
"15-Jun-15","FDRL/INTERNAL FUND TRANSFER","28494916573","15-Jun-15","","2,00,000.00","10,66,898.47",
"15-Jun-15","","28494886448","15-Jun-15","1,31,874.52","","9,35,023.95",
"15-Jun-15","BBPS SETMNT FOR DT 040120","28494946030","15-Jun-15","1,07,971.83","","8,27,052.12",
"","BBPS SETMNT FOR DT 050120","28494892347","","1,19,145.09","","7,07,907.03",
"15-Jun-15","BBPS SETMNT FOR DT 060120","79328774922","15-Jun-15","1,15,908.12","","5,91,998.91",
"15-Jun-15","BBPS SETMNT FOR DT 080120","28494901315","15-Jun-15","1,74,434.50","","4,17,564.41",
"15-Jun-15","FDRL/INTERNAL FUND TRANSFER","28494876009","15-Jun-15","","2,00,000.00","6,17,564.41",
"15-Jun-15","FDRL/INTERNAL FUND TRANSFER","28494943181","15-Jun-15","","2,00,000.00","8,17,564.41",
"15-Jun-15","BBPS SETMNT FOR DT 090012","28494904878","15-Jun-15","1,65,694.99","","6,51,869.42",
"15-Jun-15","BBPS SETMNT FOR DT 100120","28494942775","15-Jun-15","1,87,584.02","","4,64,285.40",
"16-Jun-15","BBPS SETMNT FOR DT 110120","28494970872","16-Jun-15","1,24,081.29","","3,40,204.11",
"16-Jun-15","BBPS SETMNT FOR DT 120120","28494917938","16-Jun-15","1,75,473.28","","1,64,730.83",
"16-Jun-15","FDRL/INTERNAL FUND TRANSFER","28494866449","16-Jun-15","","3,00,000.00","4,64,730.83",
"16-Jun-15","FDRL/INTERNAL FUND TRANSFER","28494898968","16-Jun-15","","3,00,000.00","7,64,730.83",
"16-Jun-15","BBPS SETMNT FOR DT 150120","28494868867","16-Jun-15","2,39,083.95","","5,25,646.88",
"16-Jun-15","BBPS SETMNT FOR DT 160120","28494929929","16-Jun-15","1,99,639.98","","3,26,006.90",
"16-Jun-15","BBPS SETMNT FOR DT 170120","28494946849","16-Jun-15","1,84,162.48","","1,41,844.42",
"16-Jun-15","FDRL/INTERNAL FUND TRANSFER","28494934425","16-Jun-15","","3,00,000.00","4,41,844.42",
"16-Jun-15","BBPS SETMNT FOR DT 180120","28494918712","16-Jun-15","1,64,097.27","","2,77,747.15",
"16-Jun-15","BBPS SETMNT FOR DT 190120","28494900196","16-Jun-15","1,60,649.42","","1,17,097.73",
"16-Jun-15","FDRL/INTERNAL FUND TRANSFER","28494938752","16-Jun-15","","2,00,000.00","3,17,097.73",
"16-Jun-15","FDRL/INTERNAL FUND TRANSFER","28494877237","16-Jun-15","","3,00,000.00","6,17,097.73",
"16-Jun-15","BBPS SETMNT FOR DT 200120","28494887038","16-Jun-15","1,93,939.03","","4,23,158.70",
"16-Jun-15","BBPS SETMNT FOR DT 220120","28494933502","16-Jun-15","1,53,880.37","","2,69,278.33",
"16-Jun-15","BBPS SETMNT FOR DT 230120","28494864289","16-Jun-15","1,04,333.66","","1,64,944.67",
"16-Jun-15","FDRL/INTERNAL FUND TRANSFER","28494906449","16-Jun-15","","3,00,000.00","4,64,944.67",
"16-Jun-15","BBPS SETMNT FOR DT 240120","28494967304","16-Jun-15","1,37,310.84","","3,27,633.83",
"16-Jun-15","BBPS SETMNT FOR DT 250120","28494863719","16-Jun-15","1,08,268.42","","2,19,365.41",
"16-Jun-15","FDRL/INTERNAL FUND TRANSFER","28494897422","16-Jun-15","","3,00,000.00","5,19,365.41",
"16-Jun-15","FDRL/INTERNAL FUND TRANSFER","28494896039","16-Jun-15","","3,00,000.00","8,19,365.41",
"16-Jun-15","BBPS SETMNT FOR DT 290120","28494944782","16-Jun-15","2,52,550.92","","5,66,814.49",
"16-Jun-15","BBPS SETMNT FOR DT 300120","28494867904","16-Jun-15","1,17,287.45","","4,49,527.04",
"16-Jun-15","BBPS SETMNT FOR DT 310120","28494921697","16-Jun-15","82,482.93","","3,67,044.11",
"16-Jun-15","BBPS SETMNT FOR DT 010220","28494872103","16-Jun-15","78,571.00","","2,88,473.11",
"16-Jun-15","BBPS SETMNT FOR DT 020220","28494932843","16-Jun-15","87,199.44","","2,01,273.67",
"16-Jun-15","bank settlement","0","16-Jun-15","2000","","1,99,273.67",
"16-Jun-15","FDRL/INTERNAL FUND TRANSFER","28494866042","16-Jun-15","","3,00,000.00","4,99,273.67",
"17-Jun-15","BBPS SETMNT FOR DT 030220","28494966591","17-Jun-15","38,505.91","","4,60,767.76",
"17-Jun-15","","28494895216","17-Jun-15","70,066.41","","3,90,701.35",
"17-Jun-15","BBPS DT 06022018","28494903759","17-Jun-15","87,969.60","","3,02,731.75",
"17-Jun-15","BBPS DT 07022018","28494910054","17-Jun-15","91,827.28","","2,10,904.47",
"17-Jun-15","BBPS DT 08022018","28494945128","17-Jun-15","58,919.43","","1,51,985.04",
"17-Jun-15","BBPS DT 09022018","28494969082","17-Jun-15","1,53,450.94","","-1,465.90",
"17-Jun-15","FDRL/INTERNAL FUND TRANSFER","28494939333","17-Jun-15","","2,00,000.00","1,98,534.10",
"17-Jun-15","FDRL/INTERNAL FUND TRANSFER","36767892621","17-Jun-15","","3,00,000.00","4,98,534.10",
"17-Jun-15","BBPS DT 12022018","28494936481","17-Jun-15","1,71,840.28","","3,26,693.82",
"17-Jun-15","BBPS DT 13022018","28494953670","17-Jun-15","37,837.59","","2,88,856.23",
"17-Jun-15","BBPS DT 14022018","28494907289","17-Jun-15","29,484.10","","2,59,372.13",
"17-Jun-15","BBPS DT 15022018","28494860411","17-Jun-15","61,110.96","","1,98,261.17",
"17-Jun-15","BBPS DT 16022018","28494872481","17-Jun-15","1,02,212.77","","96,045.00",
"17-Jun-15","FDRL/INTERNAL FUND TRANSFER","28494892728","17-Jun-15","","3,00,000.00","3,96,045.00",
"17-Jun-15","BBPS DT 17022018","39878768633","17-Jun-15","1,07,049.16","","2,88,995.84",
"17-Jun-15","BBPS DT 19022018","28494953980","17-Jun-15","88,031.13","","2,00,964.71",
"17-Jun-15","BBPS DT 20022018","28494926968","17-Jun-15","80,144.06","","1,20,820.65",
"17-Jun-15","BBPS DT 21022018","28494872791","17-Jun-15","13,429.53","","1,07,391.12",
"17-Jun-15","BBPS DT 22022018","28494961025","17-Jun-15","1,00,015.35","","7,375.77",
"17-Jun-15","FDRL/INTERNAL FUND TRANSFER","28494876926","17-Jun-15","","3,00,000.00","3,07,375.77",
"17-Jun-15","FDRL/INTERNAL FUND TRANSFER","28494955671","17-Jun-15","","2,00,000.00","5,07,375.77",
"17-Jun-15","BBPS DT 23022018","28494904581","17-Jun-15","1,10,202.40","","3,97,173.37",
"17-Jun-15","BBPS DT 26022018","28494959381","17-Jun-15","94,909.73","","3,02,263.64",
"17-Jun-15","BBPS DT 27022018","28494865356","17-Jun-15","83,883.09","","2,18,380.55",
"18-Jun-15","BBPS DT 28022018","28494948883","18-Jun-15","53,685.02","","1,64,695.53",
"18-Jun-15","BBPS DT 01032018","28494959877","18-Jun-15","92,260.68","","72,430.00",
"18-Jun-15","FDRL/INTERNAL FUND TRANSFER","28494892844","18-Jun-15","","3,00,000.00","3,72,430.00",
"18-Jun-15","FDRL/INTERNAL FUND TRANSFER","28494972667","18-Jun-15","","2,00,000.00","5,72,430.00",
"18-Jun-15","BBPS DT 02032018","28494880210","18-Jun-15","22,018.40","","5,50,411.60",
"18-Jun-15","BBPS DT 03032018","28494895470","18-Jun-15","","35,851.19","5,86,262.79",
"18-Jun-15","BBPS DT 05032018","28494900202","18-Jun-15","77,952.12","","5,08,310.67",
"18-Jun-15","BBPS DT 06032018","28494916290","18-Jun-15","78,194.25","","4,30,116.42",
"18-Jun-15","BBPS SETTELET DTD 07.03.2","28494923077","18-Jun-15","1,33,276.73","","2,96,839.69",
"18-Jun-15","BBPS DT 08032018","28494975165","18-Jun-15","2,08,169.53","","88,670.16",
"18-Jun-15","BBPS DT 09032018","28494865310","18-Jun-15","2,05,372.21","","-1,16,702.05",
"18-Jun-15","FDRL/INTERNAL FUND TRANSFER","28494912545","18-Jun-15","","2,00,000.00","83,297.95",
"18-Jun-15","FDRL/INTERNAL FUND TRANSFER","28494945982","18-Jun-15","","2,00,000.00","2,83,297.95",
"18-Jun-15","FDRL/INTERNAL FUND TRANSFER","28494893947","18-Jun-15","","2,00,000.00","4,83,297.95",
"18-Jun-15","BBPS DT 12032018","28494942411","18-Jun-15","58,765.00","4,24,532.95",
